Country,Partner,Month,Value_USD_Mn,Commodity_Name,Trade_Type
Switzerland,Thailand,05-25,13862,"Machinery, Electronics, Vehicles",Import
Brazil,India,03-25,378492,"Aircraft, Machinery, Pharmaceuticals",Export
South Korea,Norway,07-25,31212,"Aircraft, Machinery, Pharmaceuticals",Export
Spain,Singapore,07-25,184332,"Vehicles, Machinery, Pharmaceuticals",Import
France,China,02-25,6112,"Pharmaceuticals, Machinery, Chemicals",Import
Thailand,Belgium,08-25,403555,"Gems, Jewelry, Pharmaceuticals",Export
Sweden,France,10-25,159390,"Machinery, Electronics, Vehicles",Import
Malaysia,Germany,11-25,250178,"Electronics Components, Machinery, Fabrics",Import
United States,UAE,11-25,300129,"Natural Gas, Electronics, Machinery",Export
Japan,Netherlands,12-25,179230,"Natural Gas, Electronics, Machinery",Import
Saudi Arabia,Indonesia,01-25,294830,"Electronics Components, Machinery, Fabrics",Import
India,Netherlands,09-25,282775,"Pharmaceuticals, Machinery, Chemicals",Import
Sweden,Vietnam,07-25,19610,"Semiconductors, Electronics, Machinery",Export
Norway,Poland,12-25,216784,"Pharmaceuticals, Machinery, Chemicals",Import
Singapore,Italy,04-25,391483,"Pharmaceuticals, Machinery, Chemicals",Import
Turkey,Malaysia,06-25,486971,"Vehicles, Machinery, Pharmaceuticals",Import
China,Vietnam,04-25,274765,"Semiconductors, Electronics, Machinery",Export
Sweden,South Korea,11-25,383953,"Vehicles, Machinery, Chemicals",Export
Austria,Spain,12-25,266026,"Aircraft, Machinery, Pharmaceuticals",Export
United States,Italy,04-25,125218,"Vehicles, Machinery, Chemicals",Export
Poland,Saudi Arabia,05-25,346464,"Pharmaceuticals, Machinery, Chemicals",Import
Italy,Japan,01-25,481410,"Agricultural Products, Machinery, Chemicals",Export
China,South Africa,02-25,364792,"Natural Gas, Electronics, Machinery",Import
Malaysia,South Africa,03-25,408355,"Natural Gas, Electronics, Machinery",Export
Thailand,United States,05-25,48547,"Textiles, Footwear, Machinery",Export
Denmark,Australia,04-25,183599,"Iron Ore, Soybeans, Crude Oil",Export
Japan,United Kingdom,06-25,454662,"Machinery, Electronics, Vehicles",Import
Netherlands,China,04-25,16119,"Electronics, Machinery, Chemicals",Import
Netherlands,South Africa,11-25,229134,"Electronics, Machinery, Chemicals",Import
Vietnam,Indonesia,12-25,463948,"Fertilizers, Machinery, Electronics",Import
Netherlands,Poland,11-25,263494,"Electronics, Machinery, Chemicals",Import
Austria,Canada,12-25,460313,"Crude Oil, Electronics, Gold",Import
Malaysia,Poland,11-25,70352,"Aircraft, Machinery, Pharmaceuticals",Export
Sweden,Italy,03-25,375399,"Crude Oil, Electronics, Gold",Import
Poland,United Kingdom,08-25,277406,"Electronics, Machinery, Vehicles",Export
Norway,Malaysia,08-25,479667,"Pharmaceuticals, Machinery, Chemicals",Import
Australia,France,02-25,119503,"Electronics, Machinery, Chemicals",Import
UAE,Malaysia,06-25,292928,"Natural Gas, Electronics, Machinery",Export
Spain,Indonesia,10-25,106280,"Pharmaceuticals, Machinery, Chemicals",Import
Australia,China,11-25,102549,"Machinery, Electronics, Vehicles",Import
Sweden,Netherlands,08-25,52834,"Vehicles, Machinery, Pharmaceuticals",Import
China,South Africa,02-25,427042,"Fertilizers, Machinery, Electronics",Import
Belgium,Thailand,06-25,163110,"Natural Gas, Electronics, Machinery",Export
Brazil,Mexico,04-25,470453,"Vehicles, Machinery, Pharmaceuticals",Import
Turkey,Switzerland,11-25,202636,"Gems, Jewelry, Pharmaceuticals",Export
Switzerland,Norway,08-25,302598,"Textiles, Footwear, Machinery",Export
Italy,Singapore,08-25,429773,"Aircraft, Machinery, Pharmaceuticals",Export
Poland,Indonesia,07-25,276168,"Pharmaceuticals, Chemicals, Machinery",Export
Denmark,Turkey,11-25,87408,"Natural Gas, Electronics, Machinery",Import
Australia,Singapore,05-25,94748,"Electronics, Machinery, Chemicals",Import
Sweden,Belgium,01-25,201072,"Iron Ore, Soybeans, Crude Oil",Export
Turkey,Singapore,05-25,269571,"Iron Ore, Soybeans, Crude Oil",Export
Singapore,South Korea,07-25,294961,"Natural Gas, Electronics, Machinery",Import
China,Germany,10-25,379540,"Electronics, Machinery, Chemicals",Import
Italy,Switzerland,11-25,66710,"Gems, Jewelry, Pharmaceuticals",Export
Thailand,France,05-25,485937,"Vehicles, Machinery, Chemicals",Export
United Kingdom,Italy,09-25,415931,"Electronics, Machinery, Vehicles",Export
China,Turkey,01-25,20128,"Natural Gas, Electronics, Machinery",Import
Belgium,France,12-25,277329,"Agricultural Products, Machinery, Chemicals",Export
UAE,Norway,10-25,395408,"Vehicles, Machinery, Pharmaceuticals",Import
UAE,South Africa,09-25,477950,"Machinery, Electronics, Vehicles",Import
Canada,Sweden,06-25,357453,"Agricultural Products, Machinery, Chemicals",Export
South Korea,Mexico,02-25,269737,"Machinery, Electronics, Vehicles",Import
UAE,India,05-25,134680,"Vehicles, Machinery, Chemicals",Export
Indonesia,Australia,01-25,322133,"Machinery, Electronics, Vehicles",Import
United Kingdom,Germany,08-25,149348,"Semiconductors, Electronics, Machinery",Export
Malaysia,UAE,11-25,14735,"Natural Gas, Electronics, Machinery",Export
India,Spain,05-25,40602,"Electronics, Machinery, Vehicles",Export
India,United Kingdom,10-25,354882,"Crude Oil, Electronics, Gold",Import
Austria,Vietnam,01-25,198124,"Pharmaceuticals, Machinery, Chemicals",Import
South Korea,Russia,12-25,58339,"Electronics, Machinery, Chemicals",Import
UAE,South Africa,01-25,463860,"Pharmaceuticals, Chemicals, Machinery",Export
India,Norway,11-25,442750,"Pharmaceuticals, Machinery, Chemicals",Import
Brazil,Germany,04-25,348328,"Fertilizers, Machinery, Electronics",Import
India,Thailand,05-25,113666,"Natural Gas, Electronics, Machinery",Import
Australia,Russia,04-25,236027,"Gems, Jewelry, Pharmaceuticals",Export
United States,Sweden,06-25,268374,"Vehicles, Machinery, Pharmaceuticals",Import
Netherlands,Malaysia,07-25,81326,"Vehicles, Machinery, Pharmaceuticals",Import
Poland,Sweden,07-25,170123,"Fertilizers, Machinery, Electronics",Import
United Kingdom,Australia,04-25,208654,"Semiconductors, Electronics, Machinery",Export
UAE,Belgium,11-25,400012,"Iron Ore, Soybeans, Crude Oil",Export
Singapore,Malaysia,06-25,9825,"Aircraft, Machinery, Pharmaceuticals",Export
United States,UAE,02-25,345792,"Aircraft, Machinery, Pharmaceuticals",Export
UAE,South Korea,07-25,135102,"Electronics, Machinery, Vehicles",Export
UAE,United States,05-25,85452,"Vehicles, Machinery, Chemicals",Export
Mexico,Norway,12-25,117825,"Electronics Components, Machinery, Fabrics",Import
Netherlands,Indonesia,07-25,64721,"Machinery, Electronics, Vehicles",Import
Vietnam,Singapore,10-25,144383,"Electronics, Machinery, Chemicals",Import
Austria,Singapore,03-25,235498,"Pharmaceuticals, Machinery, Chemicals",Import
United Kingdom,Mexico,12-25,418406,"Vehicles, Machinery, Chemicals",Export
Vietnam,Mexico,08-25,228057,"Natural Gas, Electronics, Machinery",Import
Vietnam,Switzerland,07-25,247942,"Crude Oil, Electronics, Gold",Import
Japan,Singapore,01-25,260517,"Electronics, Machinery, Chemicals",Import
India,Italy,03-25,445973,"Natural Gas, Electronics, Machinery",Export
United States,Canada,08-25,108994,"Pharmaceuticals, Chemicals, Machinery",Export
Spain,France,05-25,233807,"Pharmaceuticals, Chemicals, Machinery",Export
South Korea,Vietnam,08-25,381172,"Textiles, Footwear, Machinery",Export
Italy,South Korea,03-25,268642,"Machinery, Electronics, Vehicles",Import
United States,Germany,03-25,462524,"Natural Gas, Electronics, Machinery",Import
Brazil,United Kingdom,05-25,69325,"Pharmaceuticals, Chemicals, Machinery",Export
Saudi Arabia,Thailand,04-25,120186,"Fertilizers, Machinery, Electronics",Import
Saudi Arabia,Switzerland,11-25,77527,"Agricultural Products, Machinery, Chemicals",Export
Switzerland,Germany,06-25,401958,"Pharmaceuticals, Machinery, Chemicals",Import
Denmark,Thailand,08-25,185355,"Textiles, Footwear, Machinery",Export
Saudi Arabia,South Africa,05-25,259263,"Electronics Components, Machinery, Fabrics",Import
Norway,Singapore,11-25,92449,"Textiles, Footwear, Machinery",Export
India,Australia,02-25,130206,"Agricultural Products, Machinery, Chemicals",Export
Belgium,South Africa,07-25,331780,"Textiles, Footwear, Machinery",Export
Turkey,Sweden,05-25,286590,"Crude Oil, Electronics, Gold",Import
Denmark,Saudi Arabia,10-25,388884,"Machinery, Electronics, Vehicles",Import
Canada,Mexico,12-25,324761,"Vehicles, Machinery, Pharmaceuticals",Import
Norway,Netherlands,01-25,419251,"Natural Gas, Electronics, Machinery",Import
Sweden,Netherlands,02-25,346010,"Natural Gas, Electronics, Machinery",Import
Australia,Thailand,10-25,320150,"Aircraft, Machinery, Pharmaceuticals",Export
Turkey,Saudi Arabia,06-25,376772,"Fertilizers, Machinery, Electronics",Import
UAE,Saudi Arabia,05-25,162081,"Iron Ore, Soybeans, Crude Oil",Export
UAE,Poland,03-25,166605,"Electronics, Machinery, Vehicles",Export
Turkey,Sweden,03-25,220056,"Electronics, Machinery, Chemicals",Import
India,UAE,07-25,182233,"Natural Gas, Electronics, Machinery",Import
Brazil,Sweden,08-25,13870,"Machinery, Electronics, Vehicles",Import
Spain,Italy,12-25,181216,"Semiconductors, Electronics, Machinery",Export
Brazil,Poland,08-25,471174,"Pharmaceuticals, Chemicals, Machinery",Export
Vietnam,Belgium,06-25,106930,"Electronics, Machinery, Chemicals",Import
Thailand,Spain,09-25,365979,"Natural Gas, Electronics, Machinery",Export
Malaysia,South Korea,06-25,159350,"Textiles, Footwear, Machinery",Export
United Kingdom,UAE,05-25,252598,"Natural Gas, Electronics, Machinery",Import
Mexico,Vietnam,04-25,341081,"Gems, Jewelry, Pharmaceuticals",Export
Brazil,Turkey,12-25,336889,"Pharmaceuticals, Machinery, Chemicals",Import
Belgium,Indonesia,05-25,170678,"Natural Gas, Electronics, Machinery",Export
France,Brazil,07-25,400542,"Semiconductors, Electronics, Machinery",Export
Italy,Australia,02-25,130410,"Semiconductors, Electronics, Machinery",Export
France,UAE,09-25,47134,"Natural Gas, Electronics, Machinery",Export
Poland,Singapore,09-25,24361,"Fertilizers, Machinery, Electronics",Import
Belgium,Saudi Arabia,05-25,59387,"Electronics Components, Machinery, Fabrics",Import
Belgium,Poland,10-25,499305,"Electronics, Machinery, Vehicles",Export
Denmark,Malaysia,12-25,284001,"Vehicles, Machinery, Chemicals",Export
Mexico,Japan,04-25,235604,"Fertilizers, Machinery, Electronics",Import
Austria,Poland,08-25,352781,"Vehicles, Machinery, Pharmaceuticals",Import
Sweden,Russia,08-25,442267,"Electronics Components, Machinery, Fabrics",Import
UAE,Germany,11-25,69447,"Pharmaceuticals, Chemicals, Machinery",Export
China,Saudi Arabia,04-25,53956,"Vehicles, Machinery, Chemicals",Export
Canada,Norway,08-25,463400,"Gems, Jewelry, Pharmaceuticals",Export
Indonesia,Vietnam,10-25,348249,"Agricultural Products, Machinery, Chemicals",Export
Singapore,Vietnam,05-25,363901,"Gems, Jewelry, Pharmaceuticals",Export
Singapore,Canada,09-25,361354,"Textiles, Footwear, Machinery",Export
Belgium,Turkey,08-25,170330,"Crude Oil, Electronics, Gold",Import
Thailand,United States,04-25,128091,"Electronics, Machinery, Vehicles",Export
Indonesia,Australia,09-25,97393,"Electronics Components, Machinery, Fabrics",Import
Norway,Poland,10-25,171747,"Aircraft, Machinery, Pharmaceuticals",Export
Vietnam,United Kingdom,04-25,409053,"Agricultural Products, Machinery, Chemicals",Export
South Korea,Spain,10-25,250102,"Natural Gas, Electronics, Machinery",Export
China,Switzerland,02-25,297909,"Crude Oil, Electronics, Gold",Import
United Kingdom,Malaysia,08-25,491332,"Pharmaceuticals, Chemicals, Machinery",Export
Belgium,Turkey,08-25,78101,"Electronics Components, Machinery, Fabrics",Import
Singapore,Switzerland,12-25,467634,"Pharmaceuticals, Machinery, Chemicals",Import
United Kingdom,United States,06-25,100622,"Gems, Jewelry, Pharmaceuticals",Export
Brazil,Spain,03-25,428055,"Natural Gas, Electronics, Machinery",Import
Poland,United Kingdom,09-25,363716,"Electronics Components, Machinery, Fabrics",Import
Spain,Germany,04-25,260836,"Electronics Components, Machinery, Fabrics",Import
Germany,Belgium,08-25,411613,"Textiles, Footwear, Machinery",Export
Canada,United Kingdom,06-25,492719,"Aircraft, Machinery, Pharmaceuticals",Export
Switzerland,South Africa,05-25,314733,"Gems, Jewelry, Pharmaceuticals",Export
Denmark,India,10-25,205766,"Natural Gas, Electronics, Machinery",Import
Switzerland,Russia,06-25,366142,"Natural Gas, Electronics, Machinery",Import
Germany,Turkey,06-25,399084,"Vehicles, Machinery, Pharmaceuticals",Import
India,Thailand,08-25,385340,"Electronics, Machinery, Vehicles",Export
South Korea,UAE,07-25,309475,"Gems, Jewelry, Pharmaceuticals",Export
United States,Japan,01-25,350086,"Agricultural Products, Machinery, Chemicals",Export
Austria,Australia,07-25,131899,"Natural Gas, Electronics, Machinery",Export
Denmark,United Kingdom,09-25,495871,"Electronics Components, Machinery, Fabrics",Import
Vietnam,Spain,07-25,180872,"Vehicles, Machinery, Chemicals",Export
Netherlands,Canada,06-25,220225,"Gems, Jewelry, Pharmaceuticals",Export
United States,Germany,10-25,340801,"Pharmaceuticals, Chemicals, Machinery",Export
Italy,South Korea,02-25,223384,"Agricultural Products, Machinery, Chemicals",Export
United Kingdom,Brazil,06-25,1806,"Fertilizers, Machinery, Electronics",Import
Netherlands,Italy,10-25,429090,"Iron Ore, Soybeans, Crude Oil",Export
France,Saudi Arabia,10-25,328493,"Aircraft, Machinery, Pharmaceuticals",Export
Canada,Poland,05-25,216633,"Electronics, Machinery, Vehicles",Export
United Kingdom,Switzerland,05-25,64224,"Pharmaceuticals, Machinery, Chemicals",Import
Mexico,UAE,04-25,45881,"Semiconductors, Electronics, Machinery",Export
Thailand,Germany,01-25,85661,"Electronics Components, Machinery, Fabrics",Import
UAE,Singapore,07-25,134967,"Machinery, Electronics, Vehicles",Import
Vietnam,Switzerland,08-25,317899,"Natural Gas, Electronics, Machinery",Import
Sweden,Indonesia,07-25,338001,"Machinery, Electronics, Vehicles",Import
China,Turkey,09-25,133145,"Natural Gas, Electronics, Machinery",Import
Vietnam,India,02-25,162998,"Electronics, Machinery, Chemicals",Import
United Kingdom,Norway,07-25,398793,"Agricultural Products, Machinery, Chemicals",Export
Sweden,Italy,08-25,471952,"Semiconductors, Electronics, Machinery",Export
UAE,Canada,04-25,126687,"Iron Ore, Soybeans, Crude Oil",Export
Italy,Saudi Arabia,09-25,320236,"Pharmaceuticals, Chemicals, Machinery",Export
Turkey,United Kingdom,07-25,380115,"Electronics, Machinery, Chemicals",Import
Italy,Mexico,08-25,33283,"Semiconductors, Electronics, Machinery",Export
Indonesia,Vietnam,12-25,196400,"Fertilizers, Machinery, Electronics",Import
Poland,Japan,02-25,293246,"Pharmaceuticals, Machinery, Chemicals",Import
Thailand,Mexico,11-25,294637,"Electronics Components, Machinery, Fabrics",Import
Saudi Arabia,Netherlands,11-25,3383,"Natural Gas, Electronics, Machinery",Export
Mexico,Belgium,09-25,358397,"Machinery, Electronics, Vehicles",Import
Canada,Netherlands,06-25,134914,"Agricultural Products, Machinery, Chemicals",Export
Turkey,Malaysia,11-25,287892,"Vehicles, Machinery, Pharmaceuticals",Import
Australia,Malaysia,04-25,11586,"Natural Gas, Electronics, Machinery",Import
Australia,Japan,11-25,152112,"Fertilizers, Machinery, Electronics",Import
Japan,China,11-25,172261,"Electronics, Machinery, Vehicles",Export
Vietnam,Sweden,07-25,102851,"Machinery, Electronics, Vehicles",Import
Australia,India,07-25,263168,"Pharmaceuticals, Chemicals, Machinery",Export
India,Norway,10-25,401261,"Agricultural Products, Machinery, Chemicals",Export
Malaysia,Belgium,09-25,213060,"Vehicles, Machinery, Pharmaceuticals",Import
China,Thailand,09-25,467679,"Machinery, Electronics, Vehicles",Import
Netherlands,UAE,07-25,172753,"Electronics, Machinery, Chemicals",Import
Switzerland,Sweden,05-25,297454,"Agricultural Products, Machinery, Chemicals",Export
Japan,Singapore,06-25,69314,"Electronics, Machinery, Vehicles",Export
Vietnam,Saudi Arabia,03-25,96460,"Fertilizers, Machinery, Electronics",Import
Singapore,Australia,03-25,480234,"Iron Ore, Soybeans, Crude Oil",Export
Norway,Brazil,04-25,464459,"Vehicles, Machinery, Pharmaceuticals",Import
Italy,Switzerland,04-25,36182,"Electronics, Machinery, Vehicles",Export
UAE,Netherlands,03-25,267215,"Machinery, Electronics, Vehicles",Import
Turkey,Sweden,10-25,59993,"Gems, Jewelry, Pharmaceuticals",Export
Germany,Indonesia,01-25,413461,"Agricultural Products, Machinery, Chemicals",Export
Switzerland,Malaysia,12-25,397930,"Pharmaceuticals, Chemicals, Machinery",Export
South Korea,Vietnam,06-25,376575,"Gems, Jewelry, Pharmaceuticals",Export
France,China,10-25,450631,"Natural Gas, Electronics, Machinery",Export
South Korea,Saudi Arabia,07-25,381691,"Machinery, Electronics, Vehicles",Import
France,South Africa,10-25,164164,"Vehicles, Machinery, Pharmaceuticals",Import
Australia,Saudi Arabia,03-25,30386,"Pharmaceuticals, Machinery, Chemicals",Import
Switzerland,South Korea,05-25,487807,"Vehicles, Machinery, Chemicals",Export
United Kingdom,Saudi Arabia,06-25,227714,"Aircraft, Machinery, Pharmaceuticals",Export
France,UAE,03-25,1579,"Textiles, Footwear, Machinery",Export
India,Vietnam,07-25,93978,"Natural Gas, Electronics, Machinery",Import
India,UAE,09-25,380988,"Aircraft, Machinery, Pharmaceuticals",Export
Norway,Belgium,01-25,480811,"Semiconductors, Electronics, Machinery",Export
Italy,Netherlands,11-25,326465,"Pharmaceuticals, Machinery, Chemicals",Import
Australia,Italy,08-25,282719,"Machinery, Electronics, Vehicles",Import
Saudi Arabia,Singapore,05-25,320176,"Electronics, Machinery, Vehicles",Export
Italy,Switzerland,11-25,300023,"Electronics, Machinery, Vehicles",Export
Vietnam,South Korea,05-25,192777,"Electronics, Machinery, Chemicals",Import
Canada,Netherlands,08-25,375373,"Electronics, Machinery, Chemicals",Import
Switzerland,Singapore,11-25,39610,"Natural Gas, Electronics, Machinery",Import
Saudi Arabia,South Korea,03-25,299857,"Machinery, Electronics, Vehicles",Import
United States,Belgium,03-25,241106,"Semiconductors, Electronics, Machinery",Export
China,India,10-25,387950,"Fertilizers, Machinery, Electronics",Import
Norway,Saudi Arabia,08-25,59950,"Semiconductors, Electronics, Machinery",Export
Switzerland,Spain,11-25,201109,"Agricultural Products, Machinery, Chemicals",Export
South Korea,Japan,10-25,337504,"Electronics Components, Machinery, Fabrics",Import
Singapore,Malaysia,10-25,63489,"Pharmaceuticals, Machinery, Chemicals",Import
Vietnam,Netherlands,01-25,31556,"Electronics Components, Machinery, Fabrics",Import
Brazil,Switzerland,12-25,463653,"Fertilizers, Machinery, Electronics",Import
South Korea,Italy,06-25,242665,"Aircraft, Machinery, Pharmaceuticals",Export
Turkey,United States,02-25,170404,"Electronics Components, Machinery, Fabrics",Import
Saudi Arabia,Mexico,05-25,128366,"Textiles, Footwear, Machinery",Export
Poland,Switzerland,11-25,7315,"Iron Ore, Soybeans, Crude Oil",Export
France,Singapore,05-25,54241,"Crude Oil, Electronics, Gold",Import
France,Mexico,11-25,317458,"Pharmaceuticals, Machinery, Chemicals",Import
South Korea,Spain,05-25,442391,"Machinery, Electronics, Vehicles",Import
United States,Germany,01-25,122909,"Gems, Jewelry, Pharmaceuticals",Export
Australia,Saudi Arabia,11-25,331765,"Electronics, Machinery, Chemicals",Import
Saudi Arabia,Russia,06-25,327115,"Agricultural Products, Machinery, Chemicals",Export
Netherlands,Mexico,11-25,234882,"Machinery, Electronics, Vehicles",Import
United Kingdom,Australia,12-25,199652,"Agricultural Products, Machinery, Chemicals",Export
Japan,Germany,04-25,489470,"Vehicles, Machinery, Chemicals",Export
Thailand,Norway,08-25,205021,"Natural Gas, Electronics, Machinery",Import
UAE,Thailand,07-25,218103,"Fertilizers, Machinery, Electronics",Import
Malaysia,Brazil,05-25,369225,"Textiles, Footwear, Machinery",Export
United States,Switzerland,06-25,81555,"Crude Oil, Electronics, Gold",Import
Turkey,France,08-25,109695,"Agricultural Products, Machinery, Chemicals",Export
UAE,Germany,02-25,493663,"Fertilizers, Machinery, Electronics",Import
Vietnam,Spain,10-25,259099,"Agricultural Products, Machinery, Chemicals",Export
India,Indonesia,05-25,377502,"Vehicles, Machinery, Chemicals",Export
Switzerland,UAE,04-25,97174,"Textiles, Footwear, Machinery",Export
United Kingdom,Malaysia,08-25,96887,"Electronics, Machinery, Chemicals",Import
Netherlands,Saudi Arabia,02-25,426708,"Fertilizers, Machinery, Electronics",Import
Poland,France,06-25,76817,"Fertilizers, Machinery, Electronics",Import
Indonesia,South Korea,08-25,46220,"Natural Gas, Electronics, Machinery",Import
China,Norway,03-25,496789,"Agricultural Products, Machinery, Chemicals",Export
United States,France,07-25,358550,"Iron Ore, Soybeans, Crude Oil",Export
Poland,Australia,02-25,86407,"Electronics Components, Machinery, Fabrics",Import
Australia,Thailand,04-25,183039,"Pharmaceuticals, Chemicals, Machinery",Export
Brazil,Russia,07-25,460798,"Crude Oil, Electronics, Gold",Import
United Kingdom,Poland,08-25,57751,"Semiconductors, Electronics, Machinery",Export
Spain,Singapore,08-25,303714,"Vehicles, Machinery, Chemicals",Export
Brazil,Saudi Arabia,11-25,11192,"Electronics, Machinery, Vehicles",Export
Germany,Saudi Arabia,07-25,100165,"Pharmaceuticals, Chemicals, Machinery",Export
France,Poland,08-25,188531,"Agricultural Products, Machinery, Chemicals",Export
South Korea,Mexico,06-25,67611,"Electronics Components, Machinery, Fabrics",Import
Germany,Vietnam,12-25,135891,"Pharmaceuticals, Machinery, Chemicals",Import
Poland,France,09-25,37553,"Textiles, Footwear, Machinery",Export
Vietnam,Malaysia,05-25,194085,"Crude Oil, Electronics, Gold",Import
Germany,Indonesia,09-25,200556,"Electronics, Machinery, Vehicles",Export
Thailand,Vietnam,12-25,462103,"Machinery, Electronics, Vehicles",Import
Norway,South Africa,09-25,125993,"Pharmaceuticals, Machinery, Chemicals",Import
Turkey,United States,10-25,392406,"Natural Gas, Electronics, Machinery",Export
Thailand,Brazil,04-25,98249,"Vehicles, Machinery, Pharmaceuticals",Import
Mexico,Thailand,12-25,73751,"Textiles, Footwear, Machinery",Export
Sweden,Italy,01-25,106267,"Natural Gas, Electronics, Machinery",Import
UAE,Sweden,03-25,152070,"Crude Oil, Electronics, Gold",Import
Norway,Thailand,04-25,464618,"Textiles, Footwear, Machinery",Export
South Korea,France,08-25,209361,"Vehicles, Machinery, Pharmaceuticals",Import
United Kingdom,Germany,02-25,257204,"Pharmaceuticals, Chemicals, Machinery",Export
Japan,Italy,12-25,90255,"Vehicles, Machinery, Chemicals",Export
Denmark,Spain,07-25,32215,"Crude Oil, Electronics, Gold",Import
France,Australia,08-25,455465,"Vehicles, Machinery, Pharmaceuticals",Import
Netherlands,Germany,11-25,495967,"Electronics, Machinery, Vehicles",Export
Netherlands,UAE,09-25,241585,"Agricultural Products, Machinery, Chemicals",Export
Mexico,Brazil,05-25,347610,"Textiles, Footwear, Machinery",Export
Sweden,Norway,10-25,294031,"Vehicles, Machinery, Chemicals",Export
Malaysia,France,05-25,68924,"Pharmaceuticals, Chemicals, Machinery",Export
China,Italy,04-25,316788,"Iron Ore, Soybeans, Crude Oil",Export
Norway,Canada,12-25,381532,"Aircraft, Machinery, Pharmaceuticals",Export
Spain,Indonesia,06-25,402976,"Pharmaceuticals, Chemicals, Machinery",Export
Singapore,Germany,10-25,82433,"Textiles, Footwear, Machinery",Export
Belgium,Turkey,01-25,46352,"Agricultural Products, Machinery, Chemicals",Export
Spain,India,07-25,7730,"Electronics Components, Machinery, Fabrics",Import
Australia,India,10-25,463950,"Fertilizers, Machinery, Electronics",Import
Switzerland,France,03-25,131501,"Electronics Components, Machinery, Fabrics",Import
Canada,Indonesia,04-25,261158,"Aircraft, Machinery, Pharmaceuticals",Export
Vietnam,Indonesia,05-25,2675,"Natural Gas, Electronics, Machinery",Export
Japan,Turkey,12-25,259670,"Pharmaceuticals, Machinery, Chemicals",Import
Singapore,United Kingdom,02-25,11048,"Semiconductors, Electronics, Machinery",Export
South Korea,Thailand,07-25,243888,"Textiles, Footwear, Machinery",Export
Netherlands,South Africa,07-25,90918,"Textiles, Footwear, Machinery",Export
Australia,India,03-25,382787,"Agricultural Products, Machinery, Chemicals",Export
Belgium,Japan,10-25,86919,"Crude Oil, Electronics, Gold",Import
Netherlands,Brazil,04-25,128492,"Aircraft, Machinery, Pharmaceuticals",Export
Germany,Canada,12-25,83921,"Aircraft, Machinery, Pharmaceuticals",Export
Japan,India,08-25,415660,"Vehicles, Machinery, Chemicals",Export
India,Canada,01-25,242278,"Semiconductors, Electronics, Machinery",Export
Brazil,Spain,07-25,199695,"Textiles, Footwear, Machinery",Export
Belgium,Japan,02-25,444699,"Vehicles, Machinery, Pharmaceuticals",Import
Vietnam,Poland,04-25,235906,"Semiconductors, Electronics, Machinery",Export
Japan,South Africa,12-25,18841,"Vehicles, Machinery, Pharmaceuticals",Import
Austria,South Africa,02-25,380135,"Gems, Jewelry, Pharmaceuticals",Export
Saudi Arabia,Netherlands,03-25,44359,"Electronics, Machinery, Vehicles",Export
United Kingdom,Sweden,10-25,130375,"Vehicles, Machinery, Pharmaceuticals",Import
Poland,Netherlands,02-25,412369,"Natural Gas, Electronics, Machinery",Export
Saudi Arabia,Brazil,09-25,198996,"Electronics Components, Machinery, Fabrics",Import
Norway,Japan,02-25,485565,"Vehicles, Machinery, Pharmaceuticals",Import
United States,Switzerland,11-25,126089,"Gems, Jewelry, Pharmaceuticals",Export
South Korea,Switzerland,05-25,53281,"Fertilizers, Machinery, Electronics",Import
Mexico,Singapore,02-25,236629,"Electronics, Machinery, Vehicles",Export
Norway,Canada,10-25,72285,"Natural Gas, Electronics, Machinery",Import
Italy,Indonesia,07-25,460601,"Natural Gas, Electronics, Machinery",Export
Italy,Indonesia,07-25,410872,"Natural Gas, Electronics, Machinery",Export
India,Japan,05-25,478437,"Pharmaceuticals, Chemicals, Machinery",Export
UAE,Thailand,06-25,190306,"Machinery, Electronics, Vehicles",Import
Denmark,Brazil,03-25,463423,"Natural Gas, Electronics, Machinery",Export
Denmark,South Africa,06-25,68157,"Natural Gas, Electronics, Machinery",Export
China,Malaysia,01-25,232379,"Pharmaceuticals, Machinery, Chemicals",Import
Indonesia,Singapore,11-25,121854,"Semiconductors, Electronics, Machinery",Export
Japan,Belgium,07-25,35328,"Iron Ore, Soybeans, Crude Oil",Export
Switzerland,Indonesia,10-25,262513,"Agricultural Products, Machinery, Chemicals",Export
Turkey,Saudi Arabia,08-25,143064,"Natural Gas, Electronics, Machinery",Export
Netherlands,Canada,04-25,457048,"Natural Gas, Electronics, Machinery",Import
Vietnam,Poland,08-25,360507,"Pharmaceuticals, Machinery, Chemicals",Import
Germany,Russia,09-25,109951,"Machinery, Electronics, Vehicles",Import
Denmark,South Korea,07-25,426261,"Fertilizers, Machinery, Electronics",Import
China,Singapore,08-25,482801,"Machinery, Electronics, Vehicles",Import
France,Singapore,02-25,16319,"Pharmaceuticals, Machinery, Chemicals",Import
Italy,Brazil,08-25,209185,"Textiles, Footwear, Machinery",Export
UAE,Belgium,09-25,175713,"Fertilizers, Machinery, Electronics",Import
India,China,09-25,185437,"Electronics, Machinery, Vehicles",Export
Singapore,UAE,07-25,133024,"Agricultural Products, Machinery, Chemicals",Export
United Kingdom,Germany,10-25,44485,"Pharmaceuticals, Chemicals, Machinery",Export
Turkey,Belgium,03-25,97605,"Natural Gas, Electronics, Machinery",Import
Malaysia,Japan,03-25,341855,"Pharmaceuticals, Machinery, Chemicals",Import
Italy,Norway,03-25,215989,"Electronics, Machinery, Chemicals",Import
Mexico,Canada,12-25,383440,"Fertilizers, Machinery, Electronics",Import
Belgium,Russia,10-25,347358,"Electronics, Machinery, Vehicles",Export
China,Germany,12-25,87923,"Natural Gas, Electronics, Machinery",Export
Spain,United Kingdom,05-25,65243,"Gems, Jewelry, Pharmaceuticals",Export
Germany,Singapore,07-25,492753,"Gems, Jewelry, Pharmaceuticals",Export
Austria,Germany,07-25,237550,"Crude Oil, Electronics, Gold",Import
Indonesia,Australia,12-25,204787,"Iron Ore, Soybeans, Crude Oil",Export
China,Japan,04-25,422789,"Pharmaceuticals, Chemicals, Machinery",Export
Thailand,Mexico,07-25,213951,"Vehicles, Machinery, Pharmaceuticals",Import
Germany,Australia,05-25,11475,"Crude Oil, Electronics, Gold",Import
India,Italy,09-25,409604,"Electronics Components, Machinery, Fabrics",Import
Austria,Germany,01-25,421068,"Pharmaceuticals, Machinery, Chemicals",Import
China,India,10-25,347127,"Aircraft, Machinery, Pharmaceuticals",Export
Indonesia,Vietnam,08-25,423073,"Textiles, Footwear, Machinery",Export
Switzerland,Japan,02-25,124903,"Electronics, Machinery, Vehicles",Export
Switzerland,Australia,11-25,229323,"Agricultural Products, Machinery, Chemicals",Export
Singapore,Netherlands,11-25,194965,"Aircraft, Machinery, Pharmaceuticals",Export
Malaysia,Switzerland,03-25,396993,"Crude Oil, Electronics, Gold",Import
Canada,Indonesia,08-25,194217,"Semiconductors, Electronics, Machinery",Export
Sweden,Netherlands,11-25,143507,"Iron Ore, Soybeans, Crude Oil",Export
Italy,United States,01-25,164697,"Pharmaceuticals, Machinery, Chemicals",Import
Mexico,Brazil,01-25,236414,"Natural Gas, Electronics, Machinery",Import
Vietnam,Brazil,03-25,447482,"Natural Gas, Electronics, Machinery",Export
Austria,Germany,05-25,346735,"Vehicles, Machinery, Pharmaceuticals",Import
Japan,Brazil,07-25,312523,"Pharmaceuticals, Chemicals, Machinery",Export
Austria,Vietnam,09-25,322838,"Electronics, Machinery, Chemicals",Import
Netherlands,Vietnam,07-25,182384,"Natural Gas, Electronics, Machinery",Import
France,Germany,11-25,215375,"Gems, Jewelry, Pharmaceuticals",Export
China,South Africa,05-25,389843,"Iron Ore, Soybeans, Crude Oil",Export
Switzerland,South Africa,09-25,320474,"Pharmaceuticals, Machinery, Chemicals",Import
Japan,Malaysia,11-25,172534,"Electronics, Machinery, Vehicles",Export
India,Turkey,08-25,318442,"Textiles, Footwear, Machinery",Export
Japan,UAE,04-25,451602,"Natural Gas, Electronics, Machinery",Import
Sweden,Germany,05-25,486507,"Vehicles, Machinery, Pharmaceuticals",Import
United States,Poland,08-25,29466,"Vehicles, Machinery, Chemicals",Export
UAE,United Kingdom,12-25,406830,"Gems, Jewelry, Pharmaceuticals",Export
Brazil,China,03-25,295520,"Semiconductors, Electronics, Machinery",Export
Malaysia,Poland,05-25,423715,"Electronics, Machinery, Chemicals",Import
Netherlands,Poland,02-25,490695,"Electronics, Machinery, Vehicles",Export
United Kingdom,South Africa,06-25,310515,"Pharmaceuticals, Chemicals, Machinery",Export
Canada,United States,12-25,167620,"Electronics Components, Machinery, Fabrics",Import
Turkey,Italy,04-25,450551,"Pharmaceuticals, Machinery, Chemicals",Import
Thailand,Germany,12-25,247525,"Natural Gas, Electronics, Machinery",Import
Switzerland,Turkey,08-25,474355,"Pharmaceuticals, Chemicals, Machinery",Export
Singapore,Sweden,11-25,72288,"Textiles, Footwear, Machinery",Export
Vietnam,Sweden,02-25,225587,"Electronics Components, Machinery, Fabrics",Import
Japan,UAE,01-25,69283,"Fertilizers, Machinery, Electronics",Import
France,Singapore,08-25,2965,"Pharmaceuticals, Chemicals, Machinery",Export
Brazil,UAE,06-25,266664,"Pharmaceuticals, Machinery, Chemicals",Import
Italy,Netherlands,01-25,60705,"Electronics, Machinery, Vehicles",Export
Canada,Singapore,04-25,197892,"Aircraft, Machinery, Pharmaceuticals",Export
Poland,Switzerland,07-25,101716,"Crude Oil, Electronics, Gold",Import
Turkey,Thailand,03-25,63374,"Aircraft, Machinery, Pharmaceuticals",Export
Saudi Arabia,France,07-25,24541,"Electronics Components, Machinery, Fabrics",Import
Austria,Japan,06-25,111934,"Crude Oil, Electronics, Gold",Import
France,Turkey,09-25,492731,"Crude Oil, Electronics, Gold",Import
Norway,Thailand,04-25,454249,"Pharmaceuticals, Machinery, Chemicals",Import
France,Belgium,02-25,474288,"Vehicles, Machinery, Pharmaceuticals",Import
Thailand,Poland,06-25,2289,"Textiles, Footwear, Machinery",Export
Sweden,Indonesia,02-25,141023,"Natural Gas, Electronics, Machinery",Export
Sweden,Thailand,08-25,6513,"Agricultural Products, Machinery, Chemicals",Export
South Korea,Singapore,04-25,434313,"Natural Gas, Electronics, Machinery",Export
Thailand,Spain,07-25,78204,"Pharmaceuticals, Machinery, Chemicals",Import
South Korea,Australia,09-25,22514,"Vehicles, Machinery, Pharmaceuticals",Import
India,Netherlands,02-25,98521,"Pharmaceuticals, Chemicals, Machinery",Export
United Kingdom,Japan,05-25,160570,"Semiconductors, Electronics, Machinery",Export
Germany,India,11-25,352745,"Fertilizers, Machinery, Electronics",Import
Malaysia,UAE,01-25,154608,"Agricultural Products, Machinery, Chemicals",Export
Turkey,Indonesia,02-25,422950,"Iron Ore, Soybeans, Crude Oil",Export
Vietnam,Spain,08-25,342919,"Iron Ore, Soybeans, Crude Oil",Export
India,Turkey,12-25,64222,"Electronics, Machinery, Vehicles",Export
Japan,Australia,08-25,250498,"Gems, Jewelry, Pharmaceuticals",Export
Vietnam,China,08-25,372647,"Gems, Jewelry, Pharmaceuticals",Export
Spain,Switzerland,11-25,283770,"Crude Oil, Electronics, Gold",Import
Vietnam,Netherlands,11-25,429186,"Textiles, Footwear, Machinery",Export
France,South Korea,09-25,257229,"Vehicles, Machinery, Chemicals",Export
Indonesia,United Kingdom,10-25,197691,"Natural Gas, Electronics, Machinery",Import
Italy,South Africa,09-25,56863,"Crude Oil, Electronics, Gold",Import
Norway,United Kingdom,10-25,328530,"Vehicles, Machinery, Pharmaceuticals",Import
Malaysia,Saudi Arabia,02-25,6012,"Semiconductors, Electronics, Machinery",Export
Australia,Spain,08-25,331847,"Natural Gas, Electronics, Machinery",Export
Australia,Sweden,08-25,441004,"Machinery, Electronics, Vehicles",Import
Austria,Saudi Arabia,03-25,81021,"Aircraft, Machinery, Pharmaceuticals",Export
Mexico,United Kingdom,02-25,406457,"Vehicles, Machinery, Pharmaceuticals",Import
Japan,India,03-25,307638,"Pharmaceuticals, Machinery, Chemicals",Import
Turkey,Poland,05-25,260046,"Pharmaceuticals, Chemicals, Machinery",Export
United States,Japan,01-25,461539,"Textiles, Footwear, Machinery",Export
Australia,Thailand,05-25,146781,"Natural Gas, Electronics, Machinery",Import
Indonesia,United Kingdom,07-25,195394,"Natural Gas, Electronics, Machinery",Import
Thailand,Canada,10-25,21379,"Machinery, Electronics, Vehicles",Import
Canada,United Kingdom,09-25,433535,"Aircraft, Machinery, Pharmaceuticals",Export
Indonesia,Australia,02-25,129578,"Electronics Components, Machinery, Fabrics",Import
Sweden,Germany,10-25,139833,"Iron Ore, Soybeans, Crude Oil",Export
Belgium,Saudi Arabia,01-25,166394,"Fertilizers, Machinery, Electronics",Import
China,Canada,08-25,273741,"Pharmaceuticals, Chemicals, Machinery",Export
Norway,United States,07-25,449052,"Iron Ore, Soybeans, Crude Oil",Export
South Korea,Vietnam,08-25,42223,"Natural Gas, Electronics, Machinery",Import
United Kingdom,Brazil,07-25,289793,"Crude Oil, Electronics, Gold",Import
UAE,Norway,10-25,196305,"Agricultural Products, Machinery, Chemicals",Export
Germany,Poland,09-25,306067,"Electronics, Machinery, Chemicals",Import
Italy,Russia,11-25,458485,"Crude Oil, Electronics, Gold",Import
Switzerland,Saudi Arabia,10-25,294616,"Electronics, Machinery, Chemicals",Import
Japan,Canada,03-25,94320,"Natural Gas, Electronics, Machinery",Import
UAE,Turkey,03-25,212605,"Iron Ore, Soybeans, Crude Oil",Export
Japan,UAE,11-25,232840,"Electronics Components, Machinery, Fabrics",Import
China,Russia,12-25,324779,"Electronics Components, Machinery, Fabrics",Import
Netherlands,Canada,04-25,278976,"Electronics, Machinery, Chemicals",Import
Denmark,Netherlands,06-25,60563,"Pharmaceuticals, Machinery, Chemicals",Import
Mexico,Australia,07-25,201289,"Electronics, Machinery, Vehicles",Export
UAE,Singapore,04-25,400839,"Vehicles, Machinery, Chemicals",Export
United States,Brazil,01-25,222837,"Fertilizers, Machinery, Electronics",Import
United States,Spain,08-25,161799,"Pharmaceuticals, Machinery, Chemicals",Import
Poland,United Kingdom,11-25,484919,"Machinery, Electronics, Vehicles",Import
Turkey,Japan,11-25,435737,"Semiconductors, Electronics, Machinery",Export
Spain,France,08-25,241703,"Crude Oil, Electronics, Gold",Import
Saudi Arabia,Indonesia,09-25,359366,"Vehicles, Machinery, Pharmaceuticals",Import
Germany,Poland,09-25,104052,"Textiles, Footwear, Machinery",Export
Brazil,Japan,08-25,467864,"Electronics Components, Machinery, Fabrics",Import
Malaysia,Italy,04-25,363233,"Natural Gas, Electronics, Machinery",Import
Brazil,UAE,05-25,436736,"Electronics, Machinery, Chemicals",Import
Denmark,United States,01-25,116470,"Natural Gas, Electronics, Machinery",Export
Spain,Australia,01-25,457150,"Machinery, Electronics, Vehicles",Import
Italy,Spain,12-25,435498,"Machinery, Electronics, Vehicles",Import
United Kingdom,Russia,06-25,483082,"Vehicles, Machinery, Pharmaceuticals",Import
Malaysia,Thailand,01-25,478331,"Electronics, Machinery, Chemicals",Import
Poland,United Kingdom,07-25,480693,"Gems, Jewelry, Pharmaceuticals",Export
Switzerland,Spain,04-25,237351,"Textiles, Footwear, Machinery",Export
Spain,Thailand,08-25,61884,"Pharmaceuticals, Chemicals, Machinery",Export
United States,Belgium,05-25,56901,"Vehicles, Machinery, Pharmaceuticals",Import
Singapore,Saudi Arabia,02-25,486658,"Agricultural Products, Machinery, Chemicals",Export
Brazil,Australia,04-25,321248,"Fertilizers, Machinery, Electronics",Import
Norway,Belgium,12-25,223963,"Natural Gas, Electronics, Machinery",Import
Saudi Arabia,South Korea,11-25,29945,"Semiconductors, Electronics, Machinery",Export
Spain,Italy,04-25,392054,"Semiconductors, Electronics, Machinery",Export
Vietnam,Japan,04-25,150735,"Pharmaceuticals, Chemicals, Machinery",Export
France,China,07-25,355369,"Electronics Components, Machinery, Fabrics",Import
United Kingdom,Australia,07-25,40217,"Machinery, Electronics, Vehicles",Import
Saudi Arabia,South Korea,04-25,468547,"Pharmaceuticals, Machinery, Chemicals",Import
China,Russia,06-25,149052,"Agricultural Products, Machinery, Chemicals",Export
Malaysia,Saudi Arabia,02-25,202344,"Fertilizers, Machinery, Electronics",Import
Malaysia,Vietnam,11-25,250401,"Fertilizers, Machinery, Electronics",Import
Vietnam,Norway,04-25,288887,"Electronics Components, Machinery, Fabrics",Import
Norway,Poland,03-25,107979,"Semiconductors, Electronics, Machinery",Export
Netherlands,Saudi Arabia,10-25,370633,"Natural Gas, Electronics, Machinery",Import
China,France,10-25,424258,"Electronics Components, Machinery, Fabrics",Import
Norway,Switzerland,11-25,251312,"Agricultural Products, Machinery, Chemicals",Export
Turkey,Netherlands,11-25,96219,"Gems, Jewelry, Pharmaceuticals",Export
Italy,France,08-25,388866,"Fertilizers, Machinery, Electronics",Import
Netherlands,India,04-25,100005,"Electronics, Machinery, Chemicals",Import
Japan,United States,01-25,493454,"Crude Oil, Electronics, Gold",Import
Vietnam,Netherlands,03-25,121332,"Gems, Jewelry, Pharmaceuticals",Export
Malaysia,Canada,08-25,267673,"Pharmaceuticals, Chemicals, Machinery",Export
Norway,Switzerland,05-25,238043,"Textiles, Footwear, Machinery",Export
India,United States,05-25,183727,"Machinery, Electronics, Vehicles",Import
UAE,Russia,09-25,122635,"Pharmaceuticals, Chemicals, Machinery",Export
Netherlands,Saudi Arabia,03-25,37846,"Electronics Components, Machinery, Fabrics",Import
Germany,Belgium,07-25,51973,"Aircraft, Machinery, Pharmaceuticals",Export
UAE,South Africa,12-25,237145,"Vehicles, Machinery, Pharmaceuticals",Import
Mexico,Thailand,12-25,108140,"Electronics Components, Machinery, Fabrics",Import
Germany,Poland,06-25,309702,"Pharmaceuticals, Machinery, Chemicals",Import
Vietnam,Spain,02-25,38716,"Agricultural Products, Machinery, Chemicals",Export
Belgium,Sweden,07-25,90666,"Pharmaceuticals, Chemicals, Machinery",Export
Vietnam,Canada,10-25,165316,"Aircraft, Machinery, Pharmaceuticals",Export
Belgium,Spain,12-25,363358,"Electronics, Machinery, Chemicals",Import
Italy,Vietnam,11-25,252244,"Vehicles, Machinery, Pharmaceuticals",Import
Thailand,Spain,12-25,221027,"Electronics, Machinery, Vehicles",Export
Brazil,France,05-25,160221,"Pharmaceuticals, Chemicals, Machinery",Export
Turkey,China,04-25,207352,"Vehicles, Machinery, Chemicals",Export
Denmark,Turkey,11-25,328157,"Pharmaceuticals, Chemicals, Machinery",Export
Australia,Singapore,08-25,294258,"Textiles, Footwear, Machinery",Export
China,Canada,11-25,42080,"Gems, Jewelry, Pharmaceuticals",Export
Saudi Arabia,Russia,04-25,319227,"Gems, Jewelry, Pharmaceuticals",Export
South Korea,Brazil,03-25,303038,"Vehicles, Machinery, Chemicals",Export
Saudi Arabia,South Korea,11-25,328511,"Crude Oil, Electronics, Gold",Import
Denmark,Australia,07-25,400503,"Agricultural Products, Machinery, Chemicals",Export
Poland,Sweden,07-25,366059,"Vehicles, Machinery, Pharmaceuticals",Import
India,Canada,11-25,492497,"Textiles, Footwear, Machinery",Export
Norway,Brazil,02-25,258796,"Electronics, Machinery, Chemicals",Import
Saudi Arabia,UAE,10-25,172019,"Electronics, Machinery, Chemicals",Import
Indonesia,Norway,12-25,291853,"Electronics, Machinery, Chemicals",Import
Switzerland,Poland,02-25,37395,"Machinery, Electronics, Vehicles",Import
Japan,Malaysia,08-25,6613,"Natural Gas, Electronics, Machinery",Import
Mexico,Malaysia,12-25,380682,"Semiconductors, Electronics, Machinery",Export
Denmark,Indonesia,04-25,182033,"Electronics, Machinery, Vehicles",Export
Malaysia,Saudi Arabia,01-25,69449,"Pharmaceuticals, Machinery, Chemicals",Import
Netherlands,South Korea,03-25,42078,"Fertilizers, Machinery, Electronics",Import
Austria,South Korea,01-25,102699,"Vehicles, Machinery, Pharmaceuticals",Import
United Kingdom,Italy,11-25,276862,"Electronics Components, Machinery, Fabrics",Import
India,Mexico,07-25,199061,"Electronics Components, Machinery, Fabrics",Import
Australia,Malaysia,09-25,141829,"Electronics Components, Machinery, Fabrics",Import
Singapore,United States,01-25,419888,"Agricultural Products, Machinery, Chemicals",Export
Norway,Netherlands,11-25,173685,"Crude Oil, Electronics, Gold",Import
Turkey,Thailand,03-25,468905,"Electronics Components, Machinery, Fabrics",Import
Turkey,Malaysia,06-25,183202,"Vehicles, Machinery, Pharmaceuticals",Import
United States,Italy,02-25,239242,"Textiles, Footwear, Machinery",Export
Malaysia,Switzerland,12-25,324090,"Electronics, Machinery, Chemicals",Import
United States,Netherlands,12-25,271367,"Electronics Components, Machinery, Fabrics",Import
Italy,China,06-25,2480,"Electronics, Machinery, Chemicals",Import
Mexico,Netherlands,05-25,479610,"Gems, Jewelry, Pharmaceuticals",Export
South Korea,Malaysia,07-25,422180,"Semiconductors, Electronics, Machinery",Export
Japan,Australia,07-25,140021,"Natural Gas, Electronics, Machinery",Import
Vietnam,Netherlands,05-25,242200,"Gems, Jewelry, Pharmaceuticals",Export
Turkey,Indonesia,08-25,168747,"Vehicles, Machinery, Pharmaceuticals",Import
Switzerland,Sweden,11-25,37136,"Vehicles, Machinery, Chemicals",Export
Mexico,Brazil,07-25,170389,"Electronics, Machinery, Chemicals",Import
Brazil,Norway,09-25,28226,"Textiles, Footwear, Machinery",Export
Thailand,Canada,07-25,468077,"Machinery, Electronics, Vehicles",Import
Turkey,Poland,06-25,355976,"Vehicles, Machinery, Pharmaceuticals",Import
Mexico,Sweden,03-25,201807,"Iron Ore, Soybeans, Crude Oil",Export
Germany,Malaysia,01-25,413477,"Natural Gas, Electronics, Machinery",Import
Germany,United Kingdom,10-25,292001,"Fertilizers, Machinery, Electronics",Import
Brazil,Netherlands,09-25,3395,"Pharmaceuticals, Machinery, Chemicals",Import
India,Australia,04-25,361232,"Electronics, Machinery, Chemicals",Import
Spain,India,02-25,304581,"Fertilizers, Machinery, Electronics",Import
Austria,Russia,06-25,194406,"Crude Oil, Electronics, Gold",Import
Poland,Malaysia,05-25,33749,"Crude Oil, Electronics, Gold",Import
Norway,Turkey,01-25,193891,"Iron Ore, Soybeans, Crude Oil",Export
Switzerland,Germany,03-25,307234,"Aircraft, Machinery, Pharmaceuticals",Export
UAE,United States,11-25,99343,"Vehicles, Machinery, Chemicals",Export
United Kingdom,South Korea,02-25,444814,"Textiles, Footwear, Machinery",Export
Spain,Turkey,11-25,308278,"Crude Oil, Electronics, Gold",Import
Canada,Poland,07-25,248942,"Electronics, Machinery, Chemicals",Import
Vietnam,Netherlands,04-25,272687,"Electronics, Machinery, Vehicles",Export
Mexico,Belgium,04-25,118405,"Electronics, Machinery, Vehicles",Export
India,Switzerland,10-25,418138,"Electronics, Machinery, Chemicals",Import
Norway,Switzerland,08-25,239902,"Natural Gas, Electronics, Machinery",Import
Singapore,France,03-25,92586,"Pharmaceuticals, Machinery, Chemicals",Import
Indonesia,Mexico,08-25,444676,"Natural Gas, Electronics, Machinery",Export
Turkey,Spain,05-25,164523,"Electronics, Machinery, Chemicals",Import
Norway,Malaysia,08-25,19127,"Electronics, Machinery, Chemicals",Import
Canada,China,12-25,7269,"Semiconductors, Electronics, Machinery",Export
Italy,Japan,05-25,275197,"Electronics, Machinery, Chemicals",Import
France,Malaysia,02-25,94695,"Agricultural Products, Machinery, Chemicals",Export
Malaysia,Japan,06-25,316281,"Machinery, Electronics, Vehicles",Import
Germany,Singapore,05-25,136023,"Agricultural Products, Machinery, Chemicals",Export
Poland,Singapore,04-25,83982,"Pharmaceuticals, Machinery, Chemicals",Import
Singapore,Vietnam,01-25,326070,"Pharmaceuticals, Chemicals, Machinery",Export
Spain,Netherlands,08-25,73794,"Fertilizers, Machinery, Electronics",Import
United Kingdom,Turkey,12-25,12373,"Electronics, Machinery, Chemicals",Import
Singapore,Malaysia,09-25,92452,"Agricultural Products, Machinery, Chemicals",Export
Canada,France,11-25,456400,"Semiconductors, Electronics, Machinery",Export
Mexico,France,08-25,292083,"Gems, Jewelry, Pharmaceuticals",Export
Sweden,India,12-25,54818,"Agricultural Products, Machinery, Chemicals",Export
Malaysia,South Africa,02-25,330596,"Natural Gas, Electronics, Machinery",Export
Austria,Mexico,04-25,312050,"Agricultural Products, Machinery, Chemicals",Export
Vietnam,Saudi Arabia,08-25,282937,"Crude Oil, Electronics, Gold",Import
Mexico,France,07-25,309395,"Semiconductors, Electronics, Machinery",Export
Indonesia,Singapore,12-25,364368,"Electronics, Machinery, Chemicals",Import
Spain,Canada,11-25,422519,"Machinery, Electronics, Vehicles",Import
Belgium,United Kingdom,07-25,419011,"Pharmaceuticals, Chemicals, Machinery",Export
Denmark,Canada,10-25,261466,"Electronics, Machinery, Vehicles",Export
India,Belgium,09-25,93935,"Agricultural Products, Machinery, Chemicals",Export
Thailand,Vietnam,12-25,62866,"Fertilizers, Machinery, Electronics",Import
UAE,Netherlands,02-25,134958,"Pharmaceuticals, Chemicals, Machinery",Export
Sweden,South Africa,09-25,255923,"Crude Oil, Electronics, Gold",Import
Thailand,Netherlands,02-25,103061,"Natural Gas, Electronics, Machinery",Export
Spain,Japan,11-25,324930,"Machinery, Electronics, Vehicles",Import
Austria,Brazil,12-25,322504,"Electronics Components, Machinery, Fabrics",Import
Japan,Australia,10-25,468907,"Natural Gas, Electronics, Machinery",Import
India,Poland,06-25,283557,"Textiles, Footwear, Machinery",Export
Poland,Japan,12-25,156662,"Crude Oil, Electronics, Gold",Import
Canada,Norway,09-25,306483,"Textiles, Footwear, Machinery",Export
Germany,Turkey,10-25,344490,"Electronics, Machinery, Vehicles",Export
Austria,Thailand,06-25,245169,"Aircraft, Machinery, Pharmaceuticals",Export
Germany,Russia,04-25,53628,"Crude Oil, Electronics, Gold",Import
Switzerland,Spain,08-25,220887,"Vehicles, Machinery, Chemicals",Export
Italy,South Korea,11-25,456187,"Textiles, Footwear, Machinery",Export
Switzerland,Russia,12-25,249343,"Semiconductors, Electronics, Machinery",Export
Vietnam,Poland,01-25,50146,"Vehicles, Machinery, Pharmaceuticals",Import
Poland,South Korea,01-25,157642,"Gems, Jewelry, Pharmaceuticals",Export
France,Brazil,09-25,373080,"Electronics, Machinery, Vehicles",Export
China,Netherlands,02-25,15327,"Gems, Jewelry, Pharmaceuticals",Export
Denmark,United Kingdom,10-25,38495,"Vehicles, Machinery, Chemicals",Export
Poland,Switzerland,02-25,461083,"Agricultural Products, Machinery, Chemicals",Export
United States,Japan,08-25,413101,"Vehicles, Machinery, Pharmaceuticals",Import
France,South Korea,03-25,340300,"Agricultural Products, Machinery, Chemicals",Export
Netherlands,Turkey,03-25,191286,"Gems, Jewelry, Pharmaceuticals",Export
Canada,South Korea,11-25,21728,"Fertilizers, Machinery, Electronics",Import
United Kingdom,Norway,09-25,90078,"Crude Oil, Electronics, Gold",Import
Singapore,Saudi Arabia,10-25,358509,"Electronics, Machinery, Chemicals",Import
Saudi Arabia,United Kingdom,12-25,469330,"Vehicles, Machinery, Pharmaceuticals",Import
Malaysia,Vietnam,04-25,356863,"Electronics Components, Machinery, Fabrics",Import
Saudi Arabia,UAE,11-25,216196,"Fertilizers, Machinery, Electronics",Import
Australia,China,09-25,245772,"Aircraft, Machinery, Pharmaceuticals",Export
Mexico,Russia,09-25,11039,"Textiles, Footwear, Machinery",Export
Netherlands,Canada,07-25,242436,"Iron Ore, Soybeans, Crude Oil",Export
Spain,Singapore,11-25,482312,"Fertilizers, Machinery, Electronics",Import
Malaysia,Australia,02-25,189166,"Machinery, Electronics, Vehicles",Import
Brazil,South Korea,04-25,28450,"Pharmaceuticals, Chemicals, Machinery",Export
Singapore,Japan,08-25,277581,"Aircraft, Machinery, Pharmaceuticals",Export
Netherlands,Malaysia,06-25,334789,"Pharmaceuticals, Chemicals, Machinery",Export
Norway,South Africa,12-25,313292,"Electronics, Machinery, Chemicals",Import
Mexico,Italy,05-25,85201,"Fertilizers, Machinery, Electronics",Import
India,Germany,05-25,398220,"Machinery, Electronics, Vehicles",Import
Turkey,Sweden,11-25,474491,"Machinery, Electronics, Vehicles",Import
UAE,Indonesia,12-25,124796,"Aircraft, Machinery, Pharmaceuticals",Export
Brazil,Canada,03-25,157180,"Gems, Jewelry, Pharmaceuticals",Export
India,Japan,02-25,387508,"Pharmaceuticals, Chemicals, Machinery",Export
China,Belgium,03-25,246943,"Crude Oil, Electronics, Gold",Import
Turkey,Vietnam,06-25,3768,"Electronics Components, Machinery, Fabrics",Import
Canada,Germany,08-25,485371,"Pharmaceuticals, Chemicals, Machinery",Export
South Korea,Sweden,06-25,468651,"Electronics, Machinery, Chemicals",Import
Japan,Saudi Arabia,10-25,16697,"Electronics Components, Machinery, Fabrics",Import
Saudi Arabia,Mexico,11-25,92821,"Natural Gas, Electronics, Machinery",Import
Poland,South Africa,01-25,462166,"Vehicles, Machinery, Chemicals",Export
Turkey,Norway,03-25,208170,"Iron Ore, Soybeans, Crude Oil",Export
Japan,Brazil,10-25,404093,"Fertilizers, Machinery, Electronics",Import
China,UAE,07-25,34824,"Electronics, Machinery, Chemicals",Import
UAE,Saudi Arabia,08-25,60113,"Electronics, Machinery, Vehicles",Export
Austria,Indonesia,03-25,491767,"Vehicles, Machinery, Pharmaceuticals",Import
Vietnam,Japan,12-25,49946,"Pharmaceuticals, Machinery, Chemicals",Import
Poland,Russia,04-25,383430,"Electronics, Machinery, Chemicals",Import
Turkey,Russia,07-25,138718,"Agricultural Products, Machinery, Chemicals",Export
Norway,Belgium,09-25,443585,"Natural Gas, Electronics, Machinery",Import
Mexico,Canada,08-25,462537,"Iron Ore, Soybeans, Crude Oil",Export
France,Russia,04-25,165886,"Crude Oil, Electronics, Gold",Import
United States,China,04-25,197847,"Electronics Components, Machinery, Fabrics",Import
Denmark,France,07-25,111171,"Crude Oil, Electronics, Gold",Import
Austria,Belgium,09-25,248134,"Crude Oil, Electronics, Gold",Import
Norway,South Korea,04-25,286741,"Textiles, Footwear, Machinery",Export
Brazil,Canada,01-25,11184,"Natural Gas, Electronics, Machinery",Import
Indonesia,Russia,11-25,61600,"Textiles, Footwear, Machinery",Export
South Korea,Netherlands,01-25,478172,"Machinery, Electronics, Vehicles",Import
Mexico,Australia,07-25,105718,"Electronics, Machinery, Chemicals",Import
Netherlands,Germany,02-25,483644,"Semiconductors, Electronics, Machinery",Export
China,Belgium,05-25,411428,"Crude Oil, Electronics, Gold",Import
Mexico,Indonesia,07-25,266267,"Fertilizers, Machinery, Electronics",Import
Spain,UAE,09-25,479823,"Fertilizers, Machinery, Electronics",Import
Japan,Italy,09-25,22545,"Textiles, Footwear, Machinery",Export
India,United Kingdom,11-25,383483,"Electronics, Machinery, Vehicles",Export
South Korea,United States,09-25,233515,"Fertilizers, Machinery, Electronics",Import
Malaysia,Mexico,02-25,185889,"Vehicles, Machinery, Pharmaceuticals",Import
Mexico,Netherlands,11-25,45279,"Crude Oil, Electronics, Gold",Import
Thailand,South Korea,07-25,351703,"Gems, Jewelry, Pharmaceuticals",Export
Turkey,Switzerland,10-25,396057,"Crude Oil, Electronics, Gold",Import
France,South Korea,09-25,96438,"Semiconductors, Electronics, Machinery",Export
South Korea,Switzerland,11-25,332631,"Fertilizers, Machinery, Electronics",Import
United Kingdom,Sweden,10-25,103846,"Vehicles, Machinery, Pharmaceuticals",Import
Poland,Saudi Arabia,03-25,345957,"Gems, Jewelry, Pharmaceuticals",Export
Malaysia,Russia,05-25,259090,"Gems, Jewelry, Pharmaceuticals",Export
Japan,Norway,03-25,116198,"Pharmaceuticals, Machinery, Chemicals",Import
France,Spain,01-25,401365,"Textiles, Footwear, Machinery",Export
Italy,Australia,10-25,347880,"Pharmaceuticals, Machinery, Chemicals",Import
Vietnam,Saudi Arabia,09-25,326347,"Textiles, Footwear, Machinery",Export
Brazil,Turkey,07-25,460654,"Vehicles, Machinery, Pharmaceuticals",Import
Netherlands,Switzerland,12-25,15249,"Vehicles, Machinery, Chemicals",Export
Sweden,Brazil,08-25,280773,"Fertilizers, Machinery, Electronics",Import
Turkey,Saudi Arabia,07-25,109734,"Vehicles, Machinery, Pharmaceuticals",Import
Switzerland,Russia,05-25,211908,"Natural Gas, Electronics, Machinery",Import
Spain,Russia,06-25,15360,"Pharmaceuticals, Chemicals, Machinery",Export
Singapore,United Kingdom,05-25,229170,"Machinery, Electronics, Vehicles",Import
Netherlands,United States,06-25,452884,"Electronics Components, Machinery, Fabrics",Import
Turkey,South Korea,02-25,251584,"Pharmaceuticals, Machinery, Chemicals",Import
Germany,Mexico,12-25,241060,"Gems, Jewelry, Pharmaceuticals",Export
Spain,United States,01-25,114143,"Textiles, Footwear, Machinery",Export
Japan,Canada,01-25,433789,"Natural Gas, Electronics, Machinery",Export
Netherlands,South Africa,10-25,160133,"Vehicles, Machinery, Pharmaceuticals",Import
Australia,Japan,09-25,361762,"Natural Gas, Electronics, Machinery",Export
Malaysia,UAE,07-25,67337,"Vehicles, Machinery, Chemicals",Export
Indonesia,Canada,09-25,212708,"Iron Ore, Soybeans, Crude Oil",Export
Sweden,India,10-25,46677,"Textiles, Footwear, Machinery",Export
Turkey,Poland,09-25,17191,"Electronics Components, Machinery, Fabrics",Import
Saudi Arabia,Vietnam,06-25,204824,"Pharmaceuticals, Machinery, Chemicals",Import
Switzerland,Indonesia,01-25,8645,"Crude Oil, Electronics, Gold",Import
France,Italy,12-25,295617,"Natural Gas, Electronics, Machinery",Export
Italy,Singapore,04-25,210824,"Crude Oil, Electronics, Gold",Import
Australia,Malaysia,10-25,349454,"Fertilizers, Machinery, Electronics",Import
Indonesia,South Korea,10-25,29451,"Electronics Components, Machinery, Fabrics",Import
Vietnam,France,10-25,481649,"Textiles, Footwear, Machinery",Export
United Kingdom,United States,08-25,360300,"Natural Gas, Electronics, Machinery",Import
Switzerland,South Korea,08-25,310894,"Pharmaceuticals, Machinery, Chemicals",Import
Indonesia,India,04-25,143482,"Crude Oil, Electronics, Gold",Import
Japan,Australia,09-25,51668,"Natural Gas, Electronics, Machinery",Import
Singapore,France,01-25,197063,"Aircraft, Machinery, Pharmaceuticals",Export
India,Turkey,10-25,253728,"Electronics, Machinery, Chemicals",Import
United States,Thailand,12-25,472690,"Crude Oil, Electronics, Gold",Import
Thailand,Spain,06-25,131183,"Electronics, Machinery, Chemicals",Import
United States,India,07-25,61563,"Crude Oil, Electronics, Gold",Import
UAE,Japan,05-25,103949,"Electronics, Machinery, Chemicals",Import
Brazil,Italy,11-25,255463,"Natural Gas, Electronics, Machinery",Import
United States,Indonesia,01-25,267022,"Aircraft, Machinery, Pharmaceuticals",Export
India,Sweden,07-25,114248,"Natural Gas, Electronics, Machinery",Export
Sweden,Turkey,09-25,16252,"Natural Gas, Electronics, Machinery",Import
Indonesia,Italy,01-25,465581,"Agricultural Products, Machinery, Chemicals",Export
Norway,Russia,07-25,339209,"Natural Gas, Electronics, Machinery",Import
Spain,Australia,12-25,148437,"Pharmaceuticals, Machinery, Chemicals",Import
United States,Canada,06-25,140880,"Crude Oil, Electronics, Gold",Import
Saudi Arabia,Norway,08-25,47607,"Aircraft, Machinery, Pharmaceuticals",Export
China,Canada,05-25,70055,"Iron Ore, Soybeans, Crude Oil",Export
Denmark,Turkey,12-25,151847,"Textiles, Footwear, Machinery",Export
Belgium,Australia,01-25,92745,"Agricultural Products, Machinery, Chemicals",Export
Denmark,Germany,10-25,303389,"Pharmaceuticals, Chemicals, Machinery",Export
Malaysia,Germany,11-25,482486,"Fertilizers, Machinery, Electronics",Import
Canada,Norway,02-25,226119,"Semiconductors, Electronics, Machinery",Export
Poland,Thailand,07-25,420914,"Fertilizers, Machinery, Electronics",Import
France,Indonesia,12-25,342615,"Electronics, Machinery, Chemicals",Import
Switzerland,Netherlands,04-25,58530,"Semiconductors, Electronics, Machinery",Export
United Kingdom,Germany,12-25,302186,"Iron Ore, Soybeans, Crude Oil",Export
China,Turkey,02-25,116794,"Fertilizers, Machinery, Electronics",Import
Norway,United Kingdom,01-25,383556,"Vehicles, Machinery, Chemicals",Export
Singapore,Germany,06-25,306992,"Semiconductors, Electronics, Machinery",Export
Netherlands,Spain,10-25,18047,"Semiconductors, Electronics, Machinery",Export
Vietnam,Indonesia,11-25,7051,"Fertilizers, Machinery, Electronics",Import
Germany,Poland,07-25,412072,"Electronics, Machinery, Chemicals",Import
Australia,Brazil,11-25,275522,"Textiles, Footwear, Machinery",Export
Poland,India,09-25,155815,"Vehicles, Machinery, Pharmaceuticals",Import
Spain,Japan,02-25,301642,"Pharmaceuticals, Machinery, Chemicals",Import
United States,India,04-25,74541,"Gems, Jewelry, Pharmaceuticals",Export
United States,Netherlands,09-25,163301,"Vehicles, Machinery, Chemicals",Export
France,Vietnam,06-25,428692,"Gems, Jewelry, Pharmaceuticals",Export
Germany,Singapore,12-25,400836,"Electronics, Machinery, Vehicles",Export
Mexico,Turkey,08-25,399030,"Electronics, Machinery, Vehicles",Export
Malaysia,Spain,06-25,408129,"Vehicles, Machinery, Pharmaceuticals",Import
Mexico,France,08-25,109585,"Vehicles, Machinery, Pharmaceuticals",Import
Malaysia,Singapore,01-25,98479,"Textiles, Footwear, Machinery",Export
UAE,Italy,09-25,148897,"Vehicles, Machinery, Pharmaceuticals",Import
Indonesia,Switzerland,07-25,447146,"Natural Gas, Electronics, Machinery",Import
Brazil,Norway,01-25,110854,"Natural Gas, Electronics, Machinery",Import
India,Germany,12-25,250903,"Machinery, Electronics, Vehicles",Import
Germany,South Africa,02-25,120751,"Crude Oil, Electronics, Gold",Import
Vietnam,India,09-25,307140,"Textiles, Footwear, Machinery",Export
Norway,Switzerland,12-25,343227,"Vehicles, Machinery, Pharmaceuticals",Import
Belgium,Germany,11-25,122276,"Pharmaceuticals, Machinery, Chemicals",Import
Japan,Canada,08-25,485738,"Machinery, Electronics, Vehicles",Import
Turkey,Germany,08-25,416933,"Gems, Jewelry, Pharmaceuticals",Export
Netherlands,Malaysia,12-25,140634,"Iron Ore, Soybeans, Crude Oil",Export
India,Thailand,10-25,431968,"Agricultural Products, Machinery, Chemicals",Export
Vietnam,Germany,03-25,83458,"Natural Gas, Electronics, Machinery",Import
Germany,Mexico,01-25,13280,"Natural Gas, Electronics, Machinery",Import
Belgium,Japan,07-25,440465,"Electronics, Machinery, Chemicals",Import
South Korea,United States,09-25,231677,"Semiconductors, Electronics, Machinery",Export
Singapore,Australia,02-25,207396,"Semiconductors, Electronics, Machinery",Export
Poland,Japan,05-25,40704,"Textiles, Footwear, Machinery",Export
Indonesia,Brazil,04-25,351495,"Vehicles, Machinery, Pharmaceuticals",Import
Netherlands,Sweden,01-25,106882,"Gems, Jewelry, Pharmaceuticals",Export
Saudi Arabia,Switzerland,12-25,294793,"Semiconductors, Electronics, Machinery",Export
Poland,Saudi Arabia,11-25,333388,"Electronics Components, Machinery, Fabrics",Import
United States,Indonesia,02-25,74465,"Pharmaceuticals, Chemicals, Machinery",Export
Saudi Arabia,Singapore,10-25,485846,"Electronics, Machinery, Vehicles",Export
United States,Russia,04-25,479911,"Textiles, Footwear, Machinery",Export
Singapore,Netherlands,07-25,92028,"Fertilizers, Machinery, Electronics",Import
Austria,Turkey,05-25,378643,"Fertilizers, Machinery, Electronics",Import
Canada,Thailand,04-25,67617,"Agricultural Products, Machinery, Chemicals",Export
South Korea,Saudi Arabia,09-25,188391,"Iron Ore, Soybeans, Crude Oil",Export
UAE,China,02-25,392512,"Vehicles, Machinery, Chemicals",Export
France,UAE,07-25,361789,"Gems, Jewelry, Pharmaceuticals",Export
Canada,Sweden,01-25,249215,"Pharmaceuticals, Machinery, Chemicals",Import
Austria,United Kingdom,07-25,311486,"Pharmaceuticals, Machinery, Chemicals",Import
Vietnam,Spain,10-25,116430,"Electronics Components, Machinery, Fabrics",Import
United Kingdom,Australia,03-25,1699,"Textiles, Footwear, Machinery",Export
Thailand,Germany,05-25,469470,"Electronics, Machinery, Vehicles",Export
China,Indonesia,12-25,101799,"Fertilizers, Machinery, Electronics",Import
China,France,10-25,19102,"Semiconductors, Electronics, Machinery",Export
Austria,Poland,10-25,216669,"Electronics, Machinery, Chemicals",Import
China,Brazil,05-25,474136,"Vehicles, Machinery, Pharmaceuticals",Import
Poland,Sweden,04-25,479059,"Textiles, Footwear, Machinery",Export
Singapore,Sweden,03-25,115378,"Electronics Components, Machinery, Fabrics",Import
UAE,Russia,10-25,194403,"Electronics Components, Machinery, Fabrics",Import
Singapore,Poland,11-25,479266,"Electronics, Machinery, Vehicles",Export
Spain,Switzerland,01-25,231817,"Agricultural Products, Machinery, Chemicals",Export
Thailand,UAE,02-25,62478,"Pharmaceuticals, Machinery, Chemicals",Import
Brazil,Turkey,07-25,411301,"Crude Oil, Electronics, Gold",Import
Vietnam,Australia,08-25,135677,"Electronics Components, Machinery, Fabrics",Import
United States,Russia,02-25,255933,"Electronics, Machinery, Chemicals",Import
Belgium,United Kingdom,02-25,488186,"Aircraft, Machinery, Pharmaceuticals",Export
Japan,Norway,04-25,157317,"Iron Ore, Soybeans, Crude Oil",Export
Mexico,United Kingdom,11-25,491851,"Vehicles, Machinery, Chemicals",Export
Australia,Saudi Arabia,03-25,115131,"Agricultural Products, Machinery, Chemicals",Export
Thailand,Sweden,02-25,126455,"Gems, Jewelry, Pharmaceuticals",Export
Austria,Switzerland,04-25,398432,"Crude Oil, Electronics, Gold",Import
United States,Netherlands,08-25,53792,"Electronics Components, Machinery, Fabrics",Import
Belgium,Sweden,05-25,147708,"Agricultural Products, Machinery, Chemicals",Export
Austria,Norway,03-25,359345,"Electronics, Machinery, Vehicles",Export
Netherlands,Switzerland,12-25,278305,"Fertilizers, Machinery, Electronics",Import
United Kingdom,South Africa,10-25,175921,"Electronics, Machinery, Chemicals",Import
Thailand,South Korea,05-25,171027,"Electronics Components, Machinery, Fabrics",Import
Singapore,Belgium,03-25,79867,"Natural Gas, Electronics, Machinery",Import
Canada,Turkey,02-25,50631,"Electronics Components, Machinery, Fabrics",Import
Brazil,Italy,05-25,382988,"Aircraft, Machinery, Pharmaceuticals",Export
Belgium,Indonesia,10-25,160387,"Electronics, Machinery, Chemicals",Import
Austria,Saudi Arabia,05-25,267606,"Pharmaceuticals, Machinery, Chemicals",Import
Saudi Arabia,Turkey,11-25,430776,"Pharmaceuticals, Machinery, Chemicals",Import
Austria,Switzerland,11-25,32608,"Aircraft, Machinery, Pharmaceuticals",Export
Vietnam,Netherlands,02-25,11364,"Electronics, Machinery, Chemicals",Import
Brazil,Turkey,09-25,299173,"Electronics, Machinery, Chemicals",Import
Mexico,Vietnam,07-25,455346,"Textiles, Footwear, Machinery",Export
Brazil,South Africa,11-25,106625,"Fertilizers, Machinery, Electronics",Import
Denmark,South Africa,12-25,209316,"Textiles, Footwear, Machinery",Export
United Kingdom,Japan,06-25,99400,"Aircraft, Machinery, Pharmaceuticals",Export
Singapore,Vietnam,12-25,16672,"Iron Ore, Soybeans, Crude Oil",Export
Switzerland,Malaysia,05-25,486082,"Pharmaceuticals, Machinery, Chemicals",Import
Italy,Russia,01-25,327438,"Machinery, Electronics, Vehicles",Import
Malaysia,Vietnam,08-25,198644,"Natural Gas, Electronics, Machinery",Export
Australia,Norway,05-25,365889,"Machinery, Electronics, Vehicles",Import
Belgium,Indonesia,06-25,185885,"Pharmaceuticals, Machinery, Chemicals",Import
Thailand,India,04-25,207590,"Machinery, Electronics, Vehicles",Import
South Korea,South Africa,09-25,161902,"Vehicles, Machinery, Pharmaceuticals",Import
China,Netherlands,11-25,374630,"Electronics Components, Machinery, Fabrics",Import
United States,Russia,08-25,401900,"Agricultural Products, Machinery, Chemicals",Export
Italy,Singapore,08-25,46300,"Electronics, Machinery, Chemicals",Import
Austria,Singapore,02-25,397053,"Fertilizers, Machinery, Electronics",Import
Italy,Poland,07-25,410914,"Natural Gas, Electronics, Machinery",Import
India,United Kingdom,02-25,71199,"Electronics, Machinery, Vehicles",Export
Brazil,United Kingdom,08-25,163376,"Machinery, Electronics, Vehicles",Import
Norway,United Kingdom,05-25,424176,"Iron Ore, Soybeans, Crude Oil",Export
China,India,02-25,74892,"Pharmaceuticals, Chemicals, Machinery",Export
Turkey,India,12-25,167166,"Machinery, Electronics, Vehicles",Import
Thailand,China,08-25,229222,"Electronics Components, Machinery, Fabrics",Import
Denmark,Sweden,09-25,238720,"Aircraft, Machinery, Pharmaceuticals",Export
South Korea,Italy,08-25,125927,"Electronics Components, Machinery, Fabrics",Import
Canada,United States,12-25,203105,"Pharmaceuticals, Machinery, Chemicals",Import
Italy,Malaysia,03-25,499368,"Crude Oil, Electronics, Gold",Import
Germany,Spain,04-25,76271,"Aircraft, Machinery, Pharmaceuticals",Export
Netherlands,Belgium,01-25,209922,"Vehicles, Machinery, Pharmaceuticals",Import
Poland,Thailand,10-25,334350,"Machinery, Electronics, Vehicles",Import
Denmark,Poland,03-25,488469,"Electronics, Machinery, Vehicles",Export
Mexico,Singapore,12-25,119807,"Gems, Jewelry, Pharmaceuticals",Export
Thailand,Japan,08-25,312735,"Vehicles, Machinery, Chemicals",Export
Turkey,Mexico,03-25,89719,"Semiconductors, Electronics, Machinery",Export
Thailand,Poland,11-25,67925,"Vehicles, Machinery, Pharmaceuticals",Import
Brazil,France,11-25,410663,"Iron Ore, Soybeans, Crude Oil",Export
France,Brazil,12-25,378968,"Aircraft, Machinery, Pharmaceuticals",Export
Netherlands,Mexico,01-25,446236,"Semiconductors, Electronics, Machinery",Export
United States,UAE,03-25,63796,"Machinery, Electronics, Vehicles",Import
Australia,Mexico,09-25,455555,"Gems, Jewelry, Pharmaceuticals",Export
Australia,South Africa,10-25,269610,"Crude Oil, Electronics, Gold",Import
Singapore,Russia,05-25,426054,"Vehicles, Machinery, Pharmaceuticals",Import
South Korea,Singapore,03-25,29782,"Crude Oil, Electronics, Gold",Import
Vietnam,Italy,08-25,228714,"Natural Gas, Electronics, Machinery",Import
Canada,Belgium,10-25,460750,"Pharmaceuticals, Chemicals, Machinery",Export
Switzerland,Netherlands,07-25,112615,"Crude Oil, Electronics, Gold",Import
Poland,Australia,11-25,376298,"Pharmaceuticals, Chemicals, Machinery",Export
United Kingdom,Thailand,04-25,187432,"Machinery, Electronics, Vehicles",Import
Mexico,Indonesia,11-25,187448,"Semiconductors, Electronics, Machinery",Export
Turkey,South Africa,05-25,30424,"Semiconductors, Electronics, Machinery",Export
United States,Belgium,06-25,70256,"Aircraft, Machinery, Pharmaceuticals",Export
France,Poland,02-25,210930,"Natural Gas, Electronics, Machinery",Import
Denmark,Norway,08-25,17787,"Gems, Jewelry, Pharmaceuticals",Export
United States,Spain,12-25,337222,"Gems, Jewelry, Pharmaceuticals",Export
India,South Korea,04-25,19529,"Machinery, Electronics, Vehicles",Import
Austria,Netherlands,04-25,483707,"Electronics, Machinery, Chemicals",Import
Germany,India,09-25,156719,"Gems, Jewelry, Pharmaceuticals",Export
Belgium,Canada,12-25,217032,"Fertilizers, Machinery, Electronics",Import
United Kingdom,Italy,09-25,187105,"Vehicles, Machinery, Pharmaceuticals",Import
Poland,Italy,10-25,236911,"Crude Oil, Electronics, Gold",Import
Mexico,Russia,12-25,36356,"Pharmaceuticals, Machinery, Chemicals",Import
United States,Thailand,11-25,239904,"Machinery, Electronics, Vehicles",Import
Vietnam,Canada,05-25,356989,"Natural Gas, Electronics, Machinery",Export
United Kingdom,Saudi Arabia,06-25,146672,"Natural Gas, Electronics, Machinery",Export
Sweden,China,03-25,477717,"Electronics Components, Machinery, Fabrics",Import
Netherlands,Poland,03-25,375612,"Crude Oil, Electronics, Gold",Import
Spain,United States,01-25,307773,"Vehicles, Machinery, Chemicals",Export
Turkey,Malaysia,08-25,41314,"Natural Gas, Electronics, Machinery",Export
Australia,Netherlands,09-25,420338,"Natural Gas, Electronics, Machinery",Import
Spain,Sweden,05-25,207925,"Electronics Components, Machinery, Fabrics",Import
Thailand,Malaysia,10-25,304333,"Pharmaceuticals, Chemicals, Machinery",Export
Denmark,Russia,04-25,176752,"Crude Oil, Electronics, Gold",Import
Turkey,South Africa,09-25,341738,"Fertilizers, Machinery, Electronics",Import
France,United Kingdom,07-25,312161,"Aircraft, Machinery, Pharmaceuticals",Export
France,Netherlands,09-25,425443,"Natural Gas, Electronics, Machinery",Import
Canada,Norway,05-25,177034,"Machinery, Electronics, Vehicles",Import
United States,UAE,01-25,413026,"Natural Gas, Electronics, Machinery",Import
China,Vietnam,11-25,95607,"Agricultural Products, Machinery, Chemicals",Export
Vietnam,South Korea,02-25,407102,"Vehicles, Machinery, Chemicals",Export
Brazil,Norway,03-25,252113,"Crude Oil, Electronics, Gold",Import
India,Italy,04-25,100691,"Iron Ore, Soybeans, Crude Oil",Export
Thailand,Indonesia,11-25,438945,"Vehicles, Machinery, Pharmaceuticals",Import
Canada,France,09-25,117405,"Fertilizers, Machinery, Electronics",Import
Netherlands,Belgium,05-25,219772,"Semiconductors, Electronics, Machinery",Export
South Korea,Turkey,05-25,27119,"Gems, Jewelry, Pharmaceuticals",Export
South Korea,Turkey,11-25,323995,"Semiconductors, Electronics, Machinery",Export
Germany,Brazil,09-25,311797,"Natural Gas, Electronics, Machinery",Export
Malaysia,India,08-25,36339,"Crude Oil, Electronics, Gold",Import
Turkey,Norway,08-25,322800,"Semiconductors, Electronics, Machinery",Export
Denmark,Turkey,05-25,421743,"Crude Oil, Electronics, Gold",Import
UAE,Switzerland,10-25,118335,"Electronics Components, Machinery, Fabrics",Import
Austria,Mexico,12-25,397879,"Electronics, Machinery, Vehicles",Export
Australia,Germany,11-25,379978,"Fertilizers, Machinery, Electronics",Import
China,Turkey,01-25,191335,"Machinery, Electronics, Vehicles",Import
South Korea,Belgium,06-25,81587,"Vehicles, Machinery, Chemicals",Export
Vietnam,Brazil,06-25,166849,"Aircraft, Machinery, Pharmaceuticals",Export
Brazil,Vietnam,02-25,72848,"Vehicles, Machinery, Pharmaceuticals",Import
France,Spain,08-25,162369,"Semiconductors, Electronics, Machinery",Export
Vietnam,Belgium,11-25,432083,"Crude Oil, Electronics, Gold",Import
Sweden,Canada,05-25,434957,"Electronics Components, Machinery, Fabrics",Import
Sweden,Spain,09-25,447133,"Natural Gas, Electronics, Machinery",Export
Vietnam,Thailand,12-25,261827,"Electronics, Machinery, Vehicles",Export
China,Thailand,01-25,167040,"Electronics Components, Machinery, Fabrics",Import
Sweden,Vietnam,01-25,463034,"Machinery, Electronics, Vehicles",Import
UAE,India,07-25,287875,"Crude Oil, Electronics, Gold",Import
Singapore,Italy,05-25,336870,"Vehicles, Machinery, Chemicals",Export
Malaysia,Thailand,05-25,86551,"Crude Oil, Electronics, Gold",Import
Mexico,Brazil,11-25,222741,"Natural Gas, Electronics, Machinery",Export
Thailand,Germany,03-25,234532,"Semiconductors, Electronics, Machinery",Export
Thailand,South Africa,01-25,418997,"Pharmaceuticals, Machinery, Chemicals",Import
Austria,Saudi Arabia,06-25,321053,"Pharmaceuticals, Chemicals, Machinery",Export
Netherlands,United Kingdom,02-25,237664,"Pharmaceuticals, Chemicals, Machinery",Export
Turkey,India,07-25,247097,"Crude Oil, Electronics, Gold",Import
Austria,Switzerland,06-25,261008,"Iron Ore, Soybeans, Crude Oil",Export
Italy,Singapore,03-25,307593,"Gems, Jewelry, Pharmaceuticals",Export
Sweden,Malaysia,02-25,182022,"Pharmaceuticals, Machinery, Chemicals",Import
Germany,Mexico,03-25,282037,"Crude Oil, Electronics, Gold",Import
China,Poland,07-25,108032,"Agricultural Products, Machinery, Chemicals",Export
Norway,United Kingdom,08-25,166784,"Aircraft, Machinery, Pharmaceuticals",Export
India,Canada,02-25,34927,"Textiles, Footwear, Machinery",Export
Denmark,Canada,07-25,300285,"Machinery, Electronics, Vehicles",Import
Mexico,Sweden,02-25,399345,"Fertilizers, Machinery, Electronics",Import
United States,Belgium,02-25,49094,"Natural Gas, Electronics, Machinery",Export
Indonesia,Vietnam,04-25,481541,"Vehicles, Machinery, Chemicals",Export
Belgium,Vietnam,06-25,305293,"Aircraft, Machinery, Pharmaceuticals",Export
Netherlands,Russia,10-25,66098,"Iron Ore, Soybeans, Crude Oil",Export
Mexico,Russia,08-25,281403,"Electronics, Machinery, Chemicals",Import
Spain,Mexico,06-25,401952,"Machinery, Electronics, Vehicles",Import
Singapore,Italy,02-25,248923,"Pharmaceuticals, Machinery, Chemicals",Import
Saudi Arabia,Germany,12-25,305230,"Natural Gas, Electronics, Machinery",Import
Saudi Arabia,India,09-25,124261,"Electronics, Machinery, Vehicles",Export
Turkey,Singapore,01-25,388684,"Electronics, Machinery, Chemicals",Import
Thailand,United Kingdom,06-25,308688,"Natural Gas, Electronics, Machinery",Import
Belgium,Brazil,02-25,288099,"Pharmaceuticals, Machinery, Chemicals",Import
Australia,UAE,09-25,215214,"Gems, Jewelry, Pharmaceuticals",Export
Singapore,Switzerland,07-25,184882,"Textiles, Footwear, Machinery",Export
Netherlands,Singapore,04-25,320610,"Textiles, Footwear, Machinery",Export
Denmark,Vietnam,08-25,295632,"Electronics, Machinery, Vehicles",Export
Japan,Russia,10-25,116523,"Fertilizers, Machinery, Electronics",Import
Netherlands,Turkey,01-25,272074,"Semiconductors, Electronics, Machinery",Export
Vietnam,Indonesia,08-25,385587,"Electronics, Machinery, Vehicles",Export
Poland,Vietnam,11-25,469321,"Vehicles, Machinery, Pharmaceuticals",Import
Malaysia,Switzerland,06-25,93914,"Vehicles, Machinery, Pharmaceuticals",Import
Italy,Singapore,09-25,471480,"Iron Ore, Soybeans, Crude Oil",Export
Canada,Saudi Arabia,02-25,457281,"Crude Oil, Electronics, Gold",Import
Netherlands,Spain,01-25,204798,"Gems, Jewelry, Pharmaceuticals",Export
Australia,Brazil,04-25,360771,"Pharmaceuticals, Machinery, Chemicals",Import
Singapore,Vietnam,07-25,187003,"Fertilizers, Machinery, Electronics",Import
India,Vietnam,06-25,412790,"Pharmaceuticals, Chemicals, Machinery",Export
Poland,Australia,02-25,253575,"Pharmaceuticals, Machinery, Chemicals",Import
South Korea,Malaysia,02-25,35139,"Gems, Jewelry, Pharmaceuticals",Export
Vietnam,United Kingdom,03-25,31236,"Gems, Jewelry, Pharmaceuticals",Export
Mexico,Saudi Arabia,04-25,207318,"Electronics, Machinery, Vehicles",Export
Sweden,Poland,02-25,324240,"Vehicles, Machinery, Pharmaceuticals",Import
Sweden,Netherlands,04-25,454509,"Agricultural Products, Machinery, Chemicals",Export
Australia,Malaysia,06-25,309344,"Pharmaceuticals, Machinery, Chemicals",Import
Italy,Belgium,07-25,204260,"Aircraft, Machinery, Pharmaceuticals",Export
Belgium,Russia,08-25,460854,"Vehicles, Machinery, Pharmaceuticals",Import
Spain,South Korea,03-25,239925,"Iron Ore, Soybeans, Crude Oil",Export
Austria,Indonesia,06-25,327272,"Agricultural Products, Machinery, Chemicals",Export
Austria,Mexico,10-25,267638,"Electronics, Machinery, Chemicals",Import
Netherlands,Belgium,11-25,166047,"Vehicles, Machinery, Pharmaceuticals",Import
Thailand,Vietnam,03-25,338753,"Crude Oil, Electronics, Gold",Import
Austria,Australia,08-25,176493,"Fertilizers, Machinery, Electronics",Import
India,China,06-25,223151,"Electronics, Machinery, Vehicles",Export
UAE,Turkey,11-25,6294,"Electronics, Machinery, Chemicals",Import
UAE,Switzerland,02-25,164847,"Iron Ore, Soybeans, Crude Oil",Export
Poland,Mexico,04-25,277396,"Vehicles, Machinery, Pharmaceuticals",Import
Turkey,Norway,03-25,150620,"Pharmaceuticals, Machinery, Chemicals",Import
United States,Germany,12-25,412766,"Agricultural Products, Machinery, Chemicals",Export
China,Indonesia,02-25,337473,"Gems, Jewelry, Pharmaceuticals",Export
United Kingdom,China,12-25,205519,"Electronics, Machinery, Chemicals",Import
Canada,Australia,05-25,401501,"Natural Gas, Electronics, Machinery",Export
Poland,United Kingdom,08-25,379390,"Pharmaceuticals, Chemicals, Machinery",Export
Turkey,Saudi Arabia,05-25,260654,"Electronics, Machinery, Chemicals",Import
Malaysia,Japan,10-25,67267,"Agricultural Products, Machinery, Chemicals",Export
Italy,Russia,01-25,86056,"Pharmaceuticals, Machinery, Chemicals",Import
Indonesia,Poland,10-25,479059,"Gems, Jewelry, Pharmaceuticals",Export
UAE,South Africa,02-25,10721,"Textiles, Footwear, Machinery",Export
Austria,Australia,06-25,379176,"Agricultural Products, Machinery, Chemicals",Export
Belgium,Vietnam,12-25,471411,"Gems, Jewelry, Pharmaceuticals",Export
UAE,China,02-25,125169,"Agricultural Products, Machinery, Chemicals",Export
Singapore,Indonesia,01-25,346037,"Textiles, Footwear, Machinery",Export
Indonesia,Switzerland,09-25,273230,"Textiles, Footwear, Machinery",Export
India,Australia,04-25,182487,"Gems, Jewelry, Pharmaceuticals",Export
India,Malaysia,07-25,139775,"Iron Ore, Soybeans, Crude Oil",Export
Singapore,Malaysia,10-25,171794,"Electronics, Machinery, Chemicals",Import
Vietnam,South Korea,12-25,392046,"Semiconductors, Electronics, Machinery",Export
Canada,Poland,11-25,339571,"Natural Gas, Electronics, Machinery",Import
India,Malaysia,03-25,387517,"Electronics, Machinery, Chemicals",Import
Spain,Netherlands,06-25,75143,"Natural Gas, Electronics, Machinery",Export
Japan,South Korea,09-25,334456,"Vehicles, Machinery, Pharmaceuticals",Import
Sweden,China,02-25,59794,"Vehicles, Machinery, Pharmaceuticals",Import
Brazil,Mexico,03-25,10452,"Natural Gas, Electronics, Machinery",Import
Spain,Poland,12-25,139722,"Agricultural Products, Machinery, Chemicals",Export
Canada,India,12-25,126421,"Natural Gas, Electronics, Machinery",Import
Belgium,Spain,05-25,307755,"Textiles, Footwear, Machinery",Export
Malaysia,Netherlands,01-25,341382,"Pharmaceuticals, Chemicals, Machinery",Export
Poland,Germany,07-25,27292,"Crude Oil, Electronics, Gold",Import
France,Canada,12-25,168691,"Natural Gas, Electronics, Machinery",Export
Vietnam,UAE,11-25,450155,"Electronics Components, Machinery, Fabrics",Import
UAE,China,01-25,98260,"Gems, Jewelry, Pharmaceuticals",Export
Austria,Italy,12-25,107938,"Pharmaceuticals, Machinery, Chemicals",Import
Indonesia,Japan,03-25,163155,"Electronics Components, Machinery, Fabrics",Import
Singapore,Germany,05-25,286885,"Pharmaceuticals, Chemicals, Machinery",Export
Germany,China,04-25,275841,"Electronics, Machinery, Chemicals",Import
Canada,Spain,11-25,362263,"Electronics, Machinery, Chemicals",Import
Spain,Thailand,07-25,272086,"Natural Gas, Electronics, Machinery",Export
Switzerland,Netherlands,08-25,246535,"Iron Ore, Soybeans, Crude Oil",Export
Netherlands,Malaysia,12-25,369045,"Electronics, Machinery, Chemicals",Import
Japan,Belgium,04-25,99713,"Aircraft, Machinery, Pharmaceuticals",Export
Indonesia,Canada,10-25,95457,"Fertilizers, Machinery, Electronics",Import
Brazil,Spain,07-25,354344,"Semiconductors, Electronics, Machinery",Export
Italy,Turkey,12-25,394084,"Electronics Components, Machinery, Fabrics",Import
China,Poland,09-25,291764,"Aircraft, Machinery, Pharmaceuticals",Export
Australia,Belgium,06-25,353330,"Agricultural Products, Machinery, Chemicals",Export
South Korea,United States,11-25,266102,"Electronics, Machinery, Chemicals",Import
Malaysia,Japan,06-25,233718,"Electronics, Machinery, Vehicles",Export
United States,Malaysia,03-25,225415,"Vehicles, Machinery, Pharmaceuticals",Import
Switzerland,Malaysia,12-25,42004,"Pharmaceuticals, Chemicals, Machinery",Export
Denmark,UAE,01-25,446979,"Pharmaceuticals, Chemicals, Machinery",Export
Brazil,Spain,10-25,113860,"Vehicles, Machinery, Chemicals",Export
Indonesia,France,05-25,397158,"Pharmaceuticals, Chemicals, Machinery",Export
Italy,Netherlands,02-25,499346,"Pharmaceuticals, Machinery, Chemicals",Import
Poland,Belgium,07-25,154923,"Vehicles, Machinery, Chemicals",Export
United Kingdom,China,06-25,436820,"Gems, Jewelry, Pharmaceuticals",Export
Italy,Germany,05-25,196228,"Semiconductors, Electronics, Machinery",Export
Singapore,Japan,03-25,8104,"Aircraft, Machinery, Pharmaceuticals",Export
Norway,Russia,08-25,280948,"Pharmaceuticals, Machinery, Chemicals",Import
India,South Africa,06-25,478053,"Iron Ore, Soybeans, Crude Oil",Export
Turkey,Indonesia,01-25,109209,"Agricultural Products, Machinery, Chemicals",Export
South Korea,Japan,03-25,317117,"Natural Gas, Electronics, Machinery",Import
Spain,Poland,08-25,51615,"Gems, Jewelry, Pharmaceuticals",Export
Canada,Australia,04-25,21596,"Textiles, Footwear, Machinery",Export
France,Saudi Arabia,02-25,13880,"Electronics, Machinery, Vehicles",Export
Netherlands,UAE,12-25,200765,"Fertilizers, Machinery, Electronics",Import
Turkey,Thailand,12-25,84478,"Vehicles, Machinery, Chemicals",Export
Switzerland,Saudi Arabia,12-25,251020,"Fertilizers, Machinery, Electronics",Import
Thailand,France,11-25,101838,"Natural Gas, Electronics, Machinery",Import
India,Belgium,04-25,370552,"Vehicles, Machinery, Pharmaceuticals",Import
Poland,Australia,08-25,119521,"Aircraft, Machinery, Pharmaceuticals",Export
Indonesia,Singapore,10-25,388375,"Crude Oil, Electronics, Gold",Import
Saudi Arabia,India,05-25,484884,"Vehicles, Machinery, Chemicals",Export
Turkey,UAE,11-25,489882,"Semiconductors, Electronics, Machinery",Export
Norway,Indonesia,04-25,45277,"Pharmaceuticals, Machinery, Chemicals",Import
France,Australia,08-25,172662,"Fertilizers, Machinery, Electronics",Import
Poland,France,08-25,57733,"Crude Oil, Electronics, Gold",Import
Spain,Singapore,02-25,123936,"Electronics, Machinery, Vehicles",Export
Canada,Singapore,06-25,54594,"Electronics Components, Machinery, Fabrics",Import
Japan,Vietnam,10-25,366584,"Machinery, Electronics, Vehicles",Import
Sweden,Germany,03-25,22858,"Pharmaceuticals, Chemicals, Machinery",Export
Turkey,Singapore,10-25,400470,"Natural Gas, Electronics, Machinery",Import
Belgium,Spain,08-25,485865,"Semiconductors, Electronics, Machinery",Export
China,Germany,02-25,223185,"Natural Gas, Electronics, Machinery",Export
France,Australia,07-25,157279,"Electronics, Machinery, Vehicles",Export
United Kingdom,South Africa,05-25,446561,"Gems, Jewelry, Pharmaceuticals",Export
Indonesia,South Africa,02-25,290923,"Electronics Components, Machinery, Fabrics",Import
Brazil,France,04-25,443218,"Iron Ore, Soybeans, Crude Oil",Export
Switzerland,Netherlands,07-25,106882,"Machinery, Electronics, Vehicles",Import
Brazil,Singapore,01-25,39063,"Vehicles, Machinery, Chemicals",Export
Germany,Brazil,11-25,388054,"Vehicles, Machinery, Chemicals",Export
Malaysia,Italy,07-25,260871,"Pharmaceuticals, Machinery, Chemicals",Import
Mexico,Saudi Arabia,01-25,133219,"Semiconductors, Electronics, Machinery",Export
Japan,Russia,09-25,148572,"Electronics, Machinery, Chemicals",Import
Denmark,Switzerland,08-25,200388,"Electronics Components, Machinery, Fabrics",Import
Belgium,China,07-25,335248,"Pharmaceuticals, Chemicals, Machinery",Export
Denmark,Belgium,08-25,353567,"Electronics, Machinery, Chemicals",Import
Brazil,UAE,11-25,89217,"Pharmaceuticals, Machinery, Chemicals",Import
Poland,Japan,03-25,2496,"Agricultural Products, Machinery, Chemicals",Export
South Korea,Mexico,04-25,461094,"Textiles, Footwear, Machinery",Export
Austria,Germany,10-25,169774,"Textiles, Footwear, Machinery",Export
Turkey,Brazil,01-25,443830,"Natural Gas, Electronics, Machinery",Export
Turkey,UAE,10-25,336125,"Semiconductors, Electronics, Machinery",Export
Indonesia,Malaysia,01-25,99937,"Natural Gas, Electronics, Machinery",Export
Poland,China,06-25,317359,"Electronics Components, Machinery, Fabrics",Import
Singapore,Vietnam,02-25,383431,"Natural Gas, Electronics, Machinery",Import
United States,Saudi Arabia,01-25,177926,"Vehicles, Machinery, Chemicals",Export
Thailand,Vietnam,06-25,34793,"Electronics, Machinery, Chemicals",Import
Saudi Arabia,Japan,11-25,179107,"Semiconductors, Electronics, Machinery",Export
Norway,Germany,10-25,354114,"Pharmaceuticals, Machinery, Chemicals",Import
United States,South Africa,06-25,176069,"Vehicles, Machinery, Chemicals",Export
Netherlands,Canada,06-25,24950,"Semiconductors, Electronics, Machinery",Export
Japan,India,07-25,451994,"Crude Oil, Electronics, Gold",Import
Spain,Malaysia,08-25,167549,"Fertilizers, Machinery, Electronics",Import
Denmark,UAE,12-25,10883,"Semiconductors, Electronics, Machinery",Export
Malaysia,Russia,05-25,73328,"Fertilizers, Machinery, Electronics",Import
Sweden,UAE,06-25,215962,"Electronics Components, Machinery, Fabrics",Import
United Kingdom,Germany,10-25,146381,"Electronics Components, Machinery, Fabrics",Import
Singapore,Switzerland,07-25,482513,"Pharmaceuticals, Machinery, Chemicals",Import
Denmark,France,03-25,254550,"Natural Gas, Electronics, Machinery",Import
Austria,Italy,03-25,374516,"Pharmaceuticals, Chemicals, Machinery",Export
United Kingdom,Poland,09-25,183215,"Pharmaceuticals, Machinery, Chemicals",Import
Norway,South Africa,06-25,254165,"Machinery, Electronics, Vehicles",Import
Australia,Germany,01-25,301353,"Natural Gas, Electronics, Machinery",Export
Turkey,South Africa,03-25,335970,"Pharmaceuticals, Machinery, Chemicals",Import
Vietnam,Turkey,07-25,98362,"Pharmaceuticals, Machinery, Chemicals",Import
Spain,Russia,07-25,208728,"Gems, Jewelry, Pharmaceuticals",Export
China,South Africa,05-25,403515,"Electronics Components, Machinery, Fabrics",Import
Denmark,Belgium,02-25,136005,"Iron Ore, Soybeans, Crude Oil",Export
Vietnam,Poland,07-25,299392,"Iron Ore, Soybeans, Crude Oil",Export
Vietnam,Russia,12-25,310189,"Crude Oil, Electronics, Gold",Import
Sweden,Italy,04-25,199455,"Vehicles, Machinery, Chemicals",Export
United States,Australia,04-25,189297,"Electronics Components, Machinery, Fabrics",Import
Vietnam,South Africa,11-25,57022,"Electronics Components, Machinery, Fabrics",Import
United States,Brazil,05-25,329351,"Vehicles, Machinery, Pharmaceuticals",Import
Switzerland,Mexico,08-25,47045,"Crude Oil, Electronics, Gold",Import
Mexico,Sweden,12-25,39925,"Pharmaceuticals, Machinery, Chemicals",Import
Denmark,Indonesia,01-25,351786,"Gems, Jewelry, Pharmaceuticals",Export
Poland,Turkey,02-25,207247,"Crude Oil, Electronics, Gold",Import
Vietnam,Spain,03-25,77816,"Vehicles, Machinery, Pharmaceuticals",Import
Australia,Switzerland,12-25,66593,"Electronics Components, Machinery, Fabrics",Import
Indonesia,Brazil,02-25,360999,"Aircraft, Machinery, Pharmaceuticals",Export
United States,Poland,07-25,31975,"Agricultural Products, Machinery, Chemicals",Export
Switzerland,Turkey,05-25,454623,"Electronics, Machinery, Chemicals",Import
Sweden,Norway,03-25,436351,"Aircraft, Machinery, Pharmaceuticals",Export
United Kingdom,Turkey,03-25,209614,"Natural Gas, Electronics, Machinery",Import
France,Singapore,10-25,250590,"Agricultural Products, Machinery, Chemicals",Export
Spain,Mexico,12-25,136868,"Electronics Components, Machinery, Fabrics",Import
Malaysia,Belgium,01-25,308011,"Natural Gas, Electronics, Machinery",Export
Canada,Poland,03-25,34696,"Pharmaceuticals, Chemicals, Machinery",Export
Poland,Mexico,11-25,91411,"Crude Oil, Electronics, Gold",Import
South Korea,Saudi Arabia,06-25,124308,"Natural Gas, Electronics, Machinery",Import
Sweden,India,09-25,218660,"Agricultural Products, Machinery, Chemicals",Export
Singapore,Japan,12-25,216354,"Natural Gas, Electronics, Machinery",Export
Poland,Italy,01-25,88511,"Aircraft, Machinery, Pharmaceuticals",Export
Malaysia,Switzerland,08-25,363065,"Natural Gas, Electronics, Machinery",Import
United Kingdom,South Korea,12-25,9767,"Electronics Components, Machinery, Fabrics",Import
Belgium,Sweden,04-25,131924,"Crude Oil, Electronics, Gold",Import
United Kingdom,Brazil,02-25,404961,"Aircraft, Machinery, Pharmaceuticals",Export
Italy,Germany,07-25,2745,"Pharmaceuticals, Chemicals, Machinery",Export
China,Thailand,03-25,348875,"Crude Oil, Electronics, Gold",Import
Thailand,Switzerland,06-25,350414,"Fertilizers, Machinery, Electronics",Import
Singapore,United States,03-25,98189,"Electronics Components, Machinery, Fabrics",Import
Mexico,United Kingdom,01-25,77325,"Electronics, Machinery, Chemicals",Import
South Korea,France,06-25,453769,"Electronics Components, Machinery, Fabrics",Import
Poland,Indonesia,04-25,82273,"Vehicles, Machinery, Pharmaceuticals",Import
Mexico,Vietnam,05-25,133640,"Agricultural Products, Machinery, Chemicals",Export
Indonesia,Thailand,05-25,482159,"Textiles, Footwear, Machinery",Export
Brazil,India,11-25,400022,"Pharmaceuticals, Machinery, Chemicals",Import
Italy,Vietnam,01-25,81748,"Gems, Jewelry, Pharmaceuticals",Export
Denmark,Spain,10-25,140759,"Gems, Jewelry, Pharmaceuticals",Export
Austria,Canada,03-25,383451,"Aircraft, Machinery, Pharmaceuticals",Export
Singapore,Canada,05-25,371038,"Iron Ore, Soybeans, Crude Oil",Export
Turkey,UAE,02-25,15116,"Machinery, Electronics, Vehicles",Import
Japan,United Kingdom,07-25,491787,"Vehicles, Machinery, Pharmaceuticals",Import
Netherlands,Australia,12-25,51742,"Iron Ore, Soybeans, Crude Oil",Export
Singapore,Japan,10-25,208758,"Pharmaceuticals, Chemicals, Machinery",Export
Denmark,China,05-25,75691,"Electronics Components, Machinery, Fabrics",Import
India,Italy,10-25,425291,"Textiles, Footwear, Machinery",Export
Spain,Netherlands,04-25,469942,"Gems, Jewelry, Pharmaceuticals",Export
Belgium,Turkey,04-25,37454,"Semiconductors, Electronics, Machinery",Export
Japan,Netherlands,11-25,307659,"Gems, Jewelry, Pharmaceuticals",Export
Canada,Sweden,11-25,188878,"Textiles, Footwear, Machinery",Export
Switzerland,Russia,04-25,408405,"Electronics, Machinery, Chemicals",Import
Vietnam,Russia,12-25,12247,"Fertilizers, Machinery, Electronics",Import
Switzerland,Spain,02-25,475889,"Natural Gas, Electronics, Machinery",Import
France,Brazil,07-25,443507,"Agricultural Products, Machinery, Chemicals",Export
Netherlands,United Kingdom,03-25,163954,"Machinery, Electronics, Vehicles",Import
Indonesia,Canada,10-25,295104,"Agricultural Products, Machinery, Chemicals",Export
Singapore,India,12-25,58401,"Vehicles, Machinery, Chemicals",Export
Norway,South Korea,12-25,97727,"Electronics, Machinery, Chemicals",Import
India,Russia,11-25,390154,"Semiconductors, Electronics, Machinery",Export
Sweden,Turkey,02-25,36823,"Textiles, Footwear, Machinery",Export
Turkey,Thailand,02-25,280814,"Fertilizers, Machinery, Electronics",Import
Canada,Germany,05-25,69612,"Electronics Components, Machinery, Fabrics",Import
Malaysia,France,09-25,489926,"Pharmaceuticals, Machinery, Chemicals",Import
Austria,Sweden,12-25,60789,"Electronics, Machinery, Vehicles",Export
Netherlands,Russia,05-25,414262,"Vehicles, Machinery, Pharmaceuticals",Import
India,Canada,02-25,426258,"Electronics, Machinery, Vehicles",Export
Singapore,France,12-25,200551,"Aircraft, Machinery, Pharmaceuticals",Export
China,Indonesia,04-25,142057,"Gems, Jewelry, Pharmaceuticals",Export
Switzerland,Norway,11-25,178426,"Crude Oil, Electronics, Gold",Import
Belgium,Spain,05-25,104148,"Fertilizers, Machinery, Electronics",Import
China,Thailand,02-25,466695,"Crude Oil, Electronics, Gold",Import
Canada,Australia,04-25,440854,"Natural Gas, Electronics, Machinery",Import
Mexico,Thailand,04-25,279664,"Machinery, Electronics, Vehicles",Import
United States,Brazil,04-25,193353,"Crude Oil, Electronics, Gold",Import
United Kingdom,South Korea,11-25,33943,"Electronics, Machinery, Vehicles",Export
Mexico,India,09-25,295173,"Electronics, Machinery, Vehicles",Export
Spain,China,03-25,392469,"Vehicles, Machinery, Pharmaceuticals",Import
Indonesia,Canada,03-25,184009,"Fertilizers, Machinery, Electronics",Import
France,Spain,11-25,85674,"Pharmaceuticals, Chemicals, Machinery",Export
United States,Mexico,05-25,347180,"Vehicles, Machinery, Chemicals",Export
Saudi Arabia,Japan,06-25,261885,"Iron Ore, Soybeans, Crude Oil",Export
Saudi Arabia,India,10-25,400375,"Electronics Components, Machinery, Fabrics",Import
Denmark,Netherlands,09-25,324732,"Pharmaceuticals, Machinery, Chemicals",Import
Brazil,South Korea,07-25,259846,"Electronics Components, Machinery, Fabrics",Import
China,South Korea,02-25,165568,"Natural Gas, Electronics, Machinery",Import
Saudi Arabia,Indonesia,04-25,164617,"Agricultural Products, Machinery, Chemicals",Export
France,United Kingdom,11-25,45994,"Pharmaceuticals, Chemicals, Machinery",Export
India,Germany,07-25,47044,"Natural Gas, Electronics, Machinery",Export
Vietnam,Norway,07-25,358424,"Electronics, Machinery, Chemicals",Import
South Korea,Belgium,04-25,371138,"Fertilizers, Machinery, Electronics",Import
United Kingdom,South Korea,09-25,331460,"Electronics, Machinery, Vehicles",Export
Canada,Norway,10-25,421516,"Natural Gas, Electronics, Machinery",Export
Australia,Brazil,05-25,300591,"Vehicles, Machinery, Chemicals",Export
Denmark,Australia,08-25,121676,"Electronics Components, Machinery, Fabrics",Import
South Korea,Italy,07-25,267977,"Fertilizers, Machinery, Electronics",Import
Canada,Russia,05-25,138990,"Electronics, Machinery, Chemicals",Import
United Kingdom,South Africa,06-25,251060,"Natural Gas, Electronics, Machinery",Import
Canada,Italy,08-25,364672,"Crude Oil, Electronics, Gold",Import
Denmark,Malaysia,03-25,418873,"Vehicles, Machinery, Chemicals",Export
Singapore,UAE,07-25,92109,"Machinery, Electronics, Vehicles",Import
Saudi Arabia,Norway,05-25,223562,"Electronics, Machinery, Chemicals",Import
Austria,China,05-25,130013,"Crude Oil, Electronics, Gold",Import
Turkey,Canada,11-25,177389,"Electronics Components, Machinery, Fabrics",Import
Australia,India,02-25,160314,"Electronics, Machinery, Chemicals",Import
Brazil,Italy,01-25,156932,"Fertilizers, Machinery, Electronics",Import
Germany,Belgium,09-25,217874,"Electronics, Machinery, Vehicles",Export
France,Italy,11-25,188418,"Semiconductors, Electronics, Machinery",Export
Vietnam,Sweden,11-25,163123,"Aircraft, Machinery, Pharmaceuticals",Export
Denmark,Italy,01-25,436061,"Natural Gas, Electronics, Machinery",Import
Poland,United Kingdom,08-25,5251,"Semiconductors, Electronics, Machinery",Export
Switzerland,Sweden,02-25,33728,"Semiconductors, Electronics, Machinery",Export
Denmark,Vietnam,04-25,305821,"Vehicles, Machinery, Chemicals",Export
India,Thailand,06-25,125267,"Vehicles, Machinery, Chemicals",Export
Poland,Thailand,01-25,190265,"Aircraft, Machinery, Pharmaceuticals",Export
Turkey,Netherlands,08-25,54605,"Natural Gas, Electronics, Machinery",Import
Brazil,South Korea,08-25,180660,"Fertilizers, Machinery, Electronics",Import
Netherlands,Turkey,10-25,79884,"Pharmaceuticals, Machinery, Chemicals",Import
China,Australia,11-25,417247,"Aircraft, Machinery, Pharmaceuticals",Export
Australia,South Korea,06-25,290602,"Aircraft, Machinery, Pharmaceuticals",Export
France,Japan,04-25,384837,"Electronics, Machinery, Chemicals",Import
Italy,South Korea,07-25,363496,"Semiconductors, Electronics, Machinery",Export
Singapore,UAE,02-25,298169,"Crude Oil, Electronics, Gold",Import
Belgium,Sweden,08-25,237966,"Iron Ore, Soybeans, Crude Oil",Export
South Korea,Mexico,04-25,157768,"Fertilizers, Machinery, Electronics",Import
Australia,Turkey,03-25,411423,"Electronics, Machinery, Chemicals",Import
Italy,Saudi Arabia,08-25,330294,"Pharmaceuticals, Machinery, Chemicals",Import
Turkey,Vietnam,06-25,72848,"Pharmaceuticals, Chemicals, Machinery",Export
Italy,Japan,10-25,141710,"Vehicles, Machinery, Pharmaceuticals",Import
Switzerland,Spain,03-25,319609,"Fertilizers, Machinery, Electronics",Import
Belgium,Saudi Arabia,09-25,19219,"Pharmaceuticals, Machinery, Chemicals",Import
Saudi Arabia,Turkey,01-25,172749,"Electronics, Machinery, Vehicles",Export
Switzerland,China,01-25,303802,"Semiconductors, Electronics, Machinery",Export
Italy,Netherlands,06-25,226080,"Crude Oil, Electronics, Gold",Import
Belgium,Mexico,03-25,31658,"Iron Ore, Soybeans, Crude Oil",Export
Netherlands,Sweden,04-25,327327,"Pharmaceuticals, Chemicals, Machinery",Export
Germany,Turkey,07-25,38287,"Iron Ore, Soybeans, Crude Oil",Export
Switzerland,Singapore,11-25,266866,"Electronics, Machinery, Vehicles",Export
Netherlands,Vietnam,09-25,91577,"Vehicles, Machinery, Chemicals",Export
Switzerland,Australia,10-25,138347,"Vehicles, Machinery, Pharmaceuticals",Import
Austria,Mexico,04-25,156844,"Electronics, Machinery, Chemicals",Import
Malaysia,Vietnam,06-25,100528,"Textiles, Footwear, Machinery",Export
India,South Korea,11-25,202732,"Electronics Components, Machinery, Fabrics",Import
China,Thailand,04-25,130185,"Gems, Jewelry, Pharmaceuticals",Export
Belgium,South Korea,04-25,277765,"Vehicles, Machinery, Chemicals",Export
Indonesia,Turkey,02-25,479368,"Fertilizers, Machinery, Electronics",Import
Poland,Russia,03-25,163104,"Semiconductors, Electronics, Machinery",Export
Saudi Arabia,United Kingdom,05-25,11865,"Natural Gas, Electronics, Machinery",Import
Canada,United States,02-25,464823,"Gems, Jewelry, Pharmaceuticals",Export
Italy,Australia,11-25,469686,"Natural Gas, Electronics, Machinery",Import
Sweden,Japan,05-25,128123,"Agricultural Products, Machinery, Chemicals",Export
Denmark,Germany,02-25,107111,"Crude Oil, Electronics, Gold",Import
France,Brazil,07-25,417527,"Semiconductors, Electronics, Machinery",Export
Italy,Poland,01-25,65639,"Electronics, Machinery, Chemicals",Import
United Kingdom,Italy,06-25,380741,"Vehicles, Machinery, Pharmaceuticals",Import
Canada,Japan,05-25,259897,"Fertilizers, Machinery, Electronics",Import
France,Sweden,06-25,102293,"Fertilizers, Machinery, Electronics",Import
Mexico,Malaysia,12-25,212391,"Machinery, Electronics, Vehicles",Import
Saudi Arabia,Mexico,10-25,497765,"Electronics, Machinery, Chemicals",Import
Belgium,Saudi Arabia,10-25,174402,"Electronics, Machinery, Vehicles",Export
Singapore,Poland,08-25,26189,"Natural Gas, Electronics, Machinery",Import
Vietnam,Norway,08-25,208796,"Iron Ore, Soybeans, Crude Oil",Export
Mexico,Australia,06-25,479985,"Pharmaceuticals, Machinery, Chemicals",Import
Vietnam,Saudi Arabia,03-25,233031,"Iron Ore, Soybeans, Crude Oil",Export
South Korea,Belgium,05-25,450924,"Gems, Jewelry, Pharmaceuticals",Export
France,Switzerland,05-25,339964,"Electronics, Machinery, Vehicles",Export
Belgium,Poland,02-25,162230,"Natural Gas, Electronics, Machinery",Import
South Korea,France,02-25,498126,"Pharmaceuticals, Machinery, Chemicals",Import
Norway,Sweden,04-25,280042,"Aircraft, Machinery, Pharmaceuticals",Export
Poland,South Korea,04-25,360993,"Electronics, Machinery, Vehicles",Export
Italy,Malaysia,06-25,203248,"Electronics Components, Machinery, Fabrics",Import
Australia,Thailand,09-25,99793,"Vehicles, Machinery, Pharmaceuticals",Import
Canada,Netherlands,02-25,368424,"Crude Oil, Electronics, Gold",Import
United Kingdom,Australia,04-25,142898,"Natural Gas, Electronics, Machinery",Import
Denmark,India,05-25,9595,"Machinery, Electronics, Vehicles",Import
Vietnam,Norway,09-25,15281,"Natural Gas, Electronics, Machinery",Import
Denmark,South Africa,11-25,394882,"Crude Oil, Electronics, Gold",Import
United States,Norway,09-25,368507,"Gems, Jewelry, Pharmaceuticals",Export
South Korea,Sweden,08-25,35262,"Vehicles, Machinery, Chemicals",Export
Malaysia,Poland,11-25,381122,"Machinery, Electronics, Vehicles",Import
South Korea,Japan,07-25,432579,"Pharmaceuticals, Machinery, Chemicals",Import
Netherlands,Germany,12-25,255424,"Electronics, Machinery, Vehicles",Export
Austria,Brazil,10-25,77695,"Aircraft, Machinery, Pharmaceuticals",Export
Australia,France,05-25,222710,"Electronics Components, Machinery, Fabrics",Import
Spain,Japan,03-25,252716,"Semiconductors, Electronics, Machinery",Export
Austria,Thailand,06-25,70967,"Crude Oil, Electronics, Gold",Import
India,Indonesia,06-25,117643,"Electronics, Machinery, Chemicals",Import
Poland,Australia,09-25,100046,"Electronics, Machinery, Chemicals",Import
Switzerland,Belgium,11-25,302135,"Vehicles, Machinery, Chemicals",Export
Netherlands,Germany,09-25,208292,"Pharmaceuticals, Machinery, Chemicals",Import
Canada,Italy,05-25,65683,"Semiconductors, Electronics, Machinery",Export
Germany,Australia,09-25,313109,"Fertilizers, Machinery, Electronics",Import
Austria,South Africa,04-25,213602,"Vehicles, Machinery, Chemicals",Export
Vietnam,Singapore,03-25,438881,"Agricultural Products, Machinery, Chemicals",Export
Turkey,Japan,05-25,263352,"Natural Gas, Electronics, Machinery",Export
Canada,Sweden,12-25,372350,"Iron Ore, Soybeans, Crude Oil",Export
Australia,Russia,02-25,421670,"Machinery, Electronics, Vehicles",Import
Thailand,Brazil,02-25,2563,"Electronics Components, Machinery, Fabrics",Import
Thailand,Italy,08-25,470610,"Vehicles, Machinery, Chemicals",Export
Sweden,Saudi Arabia,06-25,116613,"Vehicles, Machinery, Chemicals",Export
UAE,India,12-25,293100,"Vehicles, Machinery, Chemicals",Export
China,Norway,12-25,457616,"Gems, Jewelry, Pharmaceuticals",Export
Turkey,India,11-25,126288,"Gems, Jewelry, Pharmaceuticals",Export
Thailand,Russia,12-25,307757,"Pharmaceuticals, Chemicals, Machinery",Export
Vietnam,Thailand,04-25,435119,"Iron Ore, Soybeans, Crude Oil",Export
Vietnam,Norway,07-25,285586,"Natural Gas, Electronics, Machinery",Export
UAE,United States,04-25,436245,"Vehicles, Machinery, Pharmaceuticals",Import
Netherlands,China,01-25,418632,"Vehicles, Machinery, Pharmaceuticals",Import
Denmark,Australia,06-25,159335,"Vehicles, Machinery, Chemicals",Export
Switzerland,Poland,03-25,141478,"Iron Ore, Soybeans, Crude Oil",Export
Indonesia,South Africa,06-25,314096,"Vehicles, Machinery, Pharmaceuticals",Import
Belgium,Russia,01-25,185918,"Electronics Components, Machinery, Fabrics",Import
United Kingdom,Spain,12-25,277628,"Pharmaceuticals, Machinery, Chemicals",Import
Vietnam,South Africa,07-25,430155,"Gems, Jewelry, Pharmaceuticals",Export
Switzerland,UAE,01-25,236543,"Electronics, Machinery, Chemicals",Import
Switzerland,Canada,01-25,455587,"Machinery, Electronics, Vehicles",Import
Mexico,Sweden,09-25,189068,"Vehicles, Machinery, Pharmaceuticals",Import
Brazil,Mexico,01-25,109316,"Electronics, Machinery, Vehicles",Export
Denmark,Indonesia,10-25,41088,"Machinery, Electronics, Vehicles",Import
Austria,Italy,03-25,73871,"Vehicles, Machinery, Pharmaceuticals",Import
France,Mexico,07-25,330076,"Fertilizers, Machinery, Electronics",Import
South Korea,Norway,08-25,54592,"Pharmaceuticals, Chemicals, Machinery",Export
Australia,Turkey,10-25,113613,"Iron Ore, Soybeans, Crude Oil",Export
Singapore,Mexico,01-25,353338,"Textiles, Footwear, Machinery",Export
Norway,Vietnam,09-25,405720,"Pharmaceuticals, Machinery, Chemicals",Import
UAE,Vietnam,01-25,180436,"Semiconductors, Electronics, Machinery",Export
Japan,Saudi Arabia,07-25,420836,"Textiles, Footwear, Machinery",Export
Germany,Sweden,01-25,80388,"Electronics Components, Machinery, Fabrics",Import
Australia,Germany,12-25,236383,"Natural Gas, Electronics, Machinery",Export
India,Netherlands,05-25,175892,"Pharmaceuticals, Chemicals, Machinery",Export
United States,France,01-25,260579,"Natural Gas, Electronics, Machinery",Import
Germany,Turkey,11-25,209869,"Natural Gas, Electronics, Machinery",Export
India,Japan,07-25,371337,"Machinery, Electronics, Vehicles",Import
Thailand,Indonesia,04-25,414315,"Natural Gas, Electronics, Machinery",Import
Indonesia,Japan,07-25,215783,"Aircraft, Machinery, Pharmaceuticals",Export
Austria,Turkey,12-25,119490,"Pharmaceuticals, Machinery, Chemicals",Import
Sweden,China,08-25,424995,"Aircraft, Machinery, Pharmaceuticals",Export
France,United Kingdom,02-25,31904,"Textiles, Footwear, Machinery",Export
Australia,Thailand,08-25,385351,"Natural Gas, Electronics, Machinery",Import
Switzerland,Sweden,02-25,346571,"Natural Gas, Electronics, Machinery",Import
Saudi Arabia,Poland,08-25,179262,"Machinery, Electronics, Vehicles",Import
UAE,Mexico,06-25,488070,"Gems, Jewelry, Pharmaceuticals",Export
Mexico,United Kingdom,03-25,497053,"Natural Gas, Electronics, Machinery",Import
Indonesia,France,11-25,50623,"Agricultural Products, Machinery, Chemicals",Export
Canada,Brazil,04-25,95099,"Aircraft, Machinery, Pharmaceuticals",Export
Singapore,Germany,04-25,248792,"Iron Ore, Soybeans, Crude Oil",Export
Austria,France,04-25,86810,"Pharmaceuticals, Machinery, Chemicals",Import
Italy,United Kingdom,02-25,95633,"Gems, Jewelry, Pharmaceuticals",Export
Indonesia,Saudi Arabia,12-25,63759,"Crude Oil, Electronics, Gold",Import
Italy,Thailand,06-25,421961,"Pharmaceuticals, Machinery, Chemicals",Import
Germany,Canada,06-25,299151,"Aircraft, Machinery, Pharmaceuticals",Export
Mexico,Vietnam,11-25,54012,"Pharmaceuticals, Chemicals, Machinery",Export
South Korea,Switzerland,01-25,59083,"Fertilizers, Machinery, Electronics",Import
Netherlands,United Kingdom,09-25,163660,"Vehicles, Machinery, Pharmaceuticals",Import
Denmark,Mexico,05-25,192033,"Electronics, Machinery, Chemicals",Import
Australia,Norway,10-25,246755,"Aircraft, Machinery, Pharmaceuticals",Export
Malaysia,Brazil,07-25,441790,"Gems, Jewelry, Pharmaceuticals",Export
Thailand,Italy,03-25,485003,"Pharmaceuticals, Chemicals, Machinery",Export
Italy,Malaysia,06-25,301671,"Natural Gas, Electronics, Machinery",Import
Indonesia,Japan,06-25,65611,"Pharmaceuticals, Machinery, Chemicals",Import
Saudi Arabia,Sweden,11-25,444816,"Crude Oil, Electronics, Gold",Import
Sweden,Turkey,08-25,364140,"Natural Gas, Electronics, Machinery",Import
Saudi Arabia,Spain,12-25,336157,"Natural Gas, Electronics, Machinery",Import
Australia,Japan,08-25,350426,"Crude Oil, Electronics, Gold",Import
Malaysia,Mexico,09-25,320097,"Electronics, Machinery, Vehicles",Export
United States,Canada,05-25,130120,"Textiles, Footwear, Machinery",Export
Saudi Arabia,South Korea,05-25,409584,"Pharmaceuticals, Chemicals, Machinery",Export
Germany,South Africa,03-25,149980,"Fertilizers, Machinery, Electronics",Import
Netherlands,United Kingdom,06-25,10806,"Iron Ore, Soybeans, Crude Oil",Export
Netherlands,Mexico,03-25,381890,"Semiconductors, Electronics, Machinery",Export
Italy,Germany,12-25,428930,"Textiles, Footwear, Machinery",Export
China,Vietnam,02-25,350077,"Agricultural Products, Machinery, Chemicals",Export
China,Italy,03-25,453165,"Vehicles, Machinery, Pharmaceuticals",Import
India,UAE,10-25,281078,"Vehicles, Machinery, Chemicals",Export
Germany,Sweden,03-25,64835,"Pharmaceuticals, Chemicals, Machinery",Export
China,Indonesia,02-25,12622,"Pharmaceuticals, Chemicals, Machinery",Export
Mexico,UAE,02-25,165705,"Crude Oil, Electronics, Gold",Import
Germany,Italy,01-25,49556,"Machinery, Electronics, Vehicles",Import
Saudi Arabia,Canada,04-25,125266,"Vehicles, Machinery, Pharmaceuticals",Import
India,China,02-25,439357,"Electronics, Machinery, Chemicals",Import
Thailand,Russia,11-25,224208,"Semiconductors, Electronics, Machinery",Export
Belgium,United Kingdom,07-25,479137,"Natural Gas, Electronics, Machinery",Import
Norway,Italy,02-25,426817,"Machinery, Electronics, Vehicles",Import
Italy,Malaysia,03-25,405894,"Fertilizers, Machinery, Electronics",Import
Norway,Vietnam,05-25,94003,"Aircraft, Machinery, Pharmaceuticals",Export
Vietnam,Turkey,11-25,84675,"Iron Ore, Soybeans, Crude Oil",Export
Spain,Germany,06-25,158077,"Iron Ore, Soybeans, Crude Oil",Export
Brazil,Vietnam,05-25,77160,"Fertilizers, Machinery, Electronics",Import
Spain,United Kingdom,10-25,252611,"Iron Ore, Soybeans, Crude Oil",Export
Turkey,South Korea,07-25,412301,"Textiles, Footwear, Machinery",Export
Sweden,Norway,09-25,380259,"Natural Gas, Electronics, Machinery",Import
Italy,Mexico,08-25,279919,"Pharmaceuticals, Machinery, Chemicals",Import
Netherlands,Belgium,02-25,453267,"Vehicles, Machinery, Chemicals",Export
Austria,Netherlands,01-25,483132,"Machinery, Electronics, Vehicles",Import
Thailand,South Korea,05-25,117790,"Textiles, Footwear, Machinery",Export
Netherlands,Norway,03-25,333254,"Iron Ore, Soybeans, Crude Oil",Export
Poland,Switzerland,06-25,87896,"Electronics, Machinery, Vehicles",Export
Vietnam,Mexico,11-25,448519,"Natural Gas, Electronics, Machinery",Import
Malaysia,France,07-25,209428,"Vehicles, Machinery, Pharmaceuticals",Import
Canada,China,03-25,114713,"Pharmaceuticals, Chemicals, Machinery",Export
Japan,Vietnam,05-25,181054,"Fertilizers, Machinery, Electronics",Import
Austria,Turkey,01-25,79720,"Machinery, Electronics, Vehicles",Import
South Korea,Poland,07-25,227733,"Gems, Jewelry, Pharmaceuticals",Export
Vietnam,Saudi Arabia,08-25,417224,"Fertilizers, Machinery, Electronics",Import
Brazil,United Kingdom,11-25,193596,"Natural Gas, Electronics, Machinery",Import
Germany,United States,09-25,408714,"Pharmaceuticals, Machinery, Chemicals",Import
India,France,10-25,450876,"Gems, Jewelry, Pharmaceuticals",Export
South Korea,United States,10-25,290186,"Iron Ore, Soybeans, Crude Oil",Export
Turkey,Switzerland,09-25,259900,"Electronics, Machinery, Vehicles",Export
Turkey,Mexico,04-25,274399,"Natural Gas, Electronics, Machinery",Import
Singapore,Sweden,05-25,27548,"Natural Gas, Electronics, Machinery",Import
India,Canada,04-25,36100,"Machinery, Electronics, Vehicles",Import
United States,Malaysia,09-25,87223,"Natural Gas, Electronics, Machinery",Export
Japan,Belgium,01-25,303482,"Agricultural Products, Machinery, Chemicals",Export
India,Brazil,11-25,422090,"Electronics, Machinery, Chemicals",Import
Brazil,France,05-25,16738,"Electronics, Machinery, Vehicles",Export
United Kingdom,Italy,08-25,53871,"Natural Gas, Electronics, Machinery",Import
Belgium,Japan,06-25,446187,"Fertilizers, Machinery, Electronics",Import
Turkey,Switzerland,04-25,480738,"Gems, Jewelry, Pharmaceuticals",Export
Netherlands,Thailand,12-25,403735,"Electronics, Machinery, Vehicles",Export
South Korea,UAE,11-25,340837,"Crude Oil, Electronics, Gold",Import
Australia,Germany,08-25,143497,"Agricultural Products, Machinery, Chemicals",Export
Saudi Arabia,Italy,06-25,176009,"Pharmaceuticals, Machinery, Chemicals",Import
Mexico,Indonesia,01-25,227902,"Vehicles, Machinery, Chemicals",Export
Brazil,Thailand,04-25,132191,"Vehicles, Machinery, Pharmaceuticals",Import
Vietnam,Canada,12-25,6655,"Semiconductors, Electronics, Machinery",Export
Norway,South Africa,03-25,14614,"Fertilizers, Machinery, Electronics",Import
Belgium,Netherlands,07-25,157807,"Pharmaceuticals, Machinery, Chemicals",Import
Saudi Arabia,Russia,02-25,221619,"Crude Oil, Electronics, Gold",Import
China,Australia,10-25,455006,"Textiles, Footwear, Machinery",Export
India,Mexico,07-25,199538,"Semiconductors, Electronics, Machinery",Export
Austria,Germany,08-25,281511,"Machinery, Electronics, Vehicles",Import
Indonesia,Italy,12-25,105814,"Fertilizers, Machinery, Electronics",Import
Vietnam,Mexico,12-25,442994,"Pharmaceuticals, Chemicals, Machinery",Export
France,Switzerland,05-25,159029,"Vehicles, Machinery, Pharmaceuticals",Import
Poland,Indonesia,01-25,438333,"Electronics Components, Machinery, Fabrics",Import
Vietnam,Thailand,10-25,303493,"Fertilizers, Machinery, Electronics",Import
Poland,Sweden,03-25,109713,"Pharmaceuticals, Machinery, Chemicals",Import
Switzerland,Italy,08-25,483640,"Electronics, Machinery, Vehicles",Export
South Korea,Saudi Arabia,12-25,452764,"Electronics, Machinery, Vehicles",Export
Canada,South Korea,01-25,400364,"Vehicles, Machinery, Pharmaceuticals",Import
Thailand,Spain,09-25,167277,"Vehicles, Machinery, Pharmaceuticals",Import
Vietnam,Norway,12-25,241149,"Agricultural Products, Machinery, Chemicals",Export
UAE,Poland,09-25,278625,"Vehicles, Machinery, Pharmaceuticals",Import
Malaysia,Australia,11-25,438006,"Electronics, Machinery, Chemicals",Import
France,Netherlands,11-25,83197,"Electronics, Machinery, Vehicles",Export
Canada,Mexico,02-25,456618,"Machinery, Electronics, Vehicles",Import
South Korea,Singapore,03-25,76897,"Agricultural Products, Machinery, Chemicals",Export
Mexico,Canada,08-25,227100,"Vehicles, Machinery, Pharmaceuticals",Import
United States,Russia,12-25,341558,"Natural Gas, Electronics, Machinery",Import
Thailand,United States,03-25,230112,"Fertilizers, Machinery, Electronics",Import
Australia,Turkey,02-25,172574,"Natural Gas, Electronics, Machinery",Export
Thailand,Belgium,06-25,348761,"Electronics, Machinery, Chemicals",Import
Denmark,United States,12-25,185884,"Pharmaceuticals, Machinery, Chemicals",Import
Australia,Vietnam,09-25,277268,"Electronics, Machinery, Vehicles",Export
Vietnam,Turkey,06-25,497808,"Machinery, Electronics, Vehicles",Import
France,United States,06-25,304952,"Textiles, Footwear, Machinery",Export
Denmark,Norway,08-25,221276,"Semiconductors, Electronics, Machinery",Export
Italy,Germany,03-25,426429,"Gems, Jewelry, Pharmaceuticals",Export
Japan,UAE,11-25,342005,"Agricultural Products, Machinery, Chemicals",Export
Germany,Australia,01-25,80354,"Fertilizers, Machinery, Electronics",Import
Japan,Canada,08-25,362397,"Natural Gas, Electronics, Machinery",Import
Switzerland,Vietnam,12-25,187456,"Vehicles, Machinery, Pharmaceuticals",Import
Sweden,China,01-25,271161,"Machinery, Electronics, Vehicles",Import
Thailand,Belgium,03-25,283178,"Pharmaceuticals, Chemicals, Machinery",Export
Saudi Arabia,South Africa,12-25,99425,"Aircraft, Machinery, Pharmaceuticals",Export
Thailand,Malaysia,10-25,205113,"Iron Ore, Soybeans, Crude Oil",Export
Poland,Brazil,06-25,109728,"Pharmaceuticals, Machinery, Chemicals",Import
Sweden,Switzerland,07-25,408998,"Machinery, Electronics, Vehicles",Import
Indonesia,Germany,02-25,167130,"Agricultural Products, Machinery, Chemicals",Export
China,Norway,06-25,225921,"Textiles, Footwear, Machinery",Export
Norway,Belgium,08-25,372464,"Aircraft, Machinery, Pharmaceuticals",Export
Italy,Mexico,04-25,461447,"Agricultural Products, Machinery, Chemicals",Export
Belgium,Singapore,10-25,88674,"Electronics, Machinery, Vehicles",Export
Indonesia,Belgium,06-25,396909,"Aircraft, Machinery, Pharmaceuticals",Export
UAE,India,01-25,229590,"Vehicles, Machinery, Pharmaceuticals",Import
Germany,Italy,01-25,125487,"Pharmaceuticals, Chemicals, Machinery",Export
Singapore,India,09-25,183820,"Electronics Components, Machinery, Fabrics",Import
Sweden,Switzerland,09-25,301800,"Natural Gas, Electronics, Machinery",Import
Japan,Belgium,03-25,410062,"Electronics, Machinery, Vehicles",Export
Canada,China,04-25,94242,"Fertilizers, Machinery, Electronics",Import
Austria,United Kingdom,03-25,24155,"Natural Gas, Electronics, Machinery",Import
Austria,Vietnam,02-25,253414,"Vehicles, Machinery, Pharmaceuticals",Import
UAE,Singapore,11-25,486496,"Vehicles, Machinery, Chemicals",Export
France,Malaysia,10-25,10036,"Electronics, Machinery, Chemicals",Import
Spain,Russia,09-25,159883,"Vehicles, Machinery, Chemicals",Export
India,Mexico,12-25,493317,"Pharmaceuticals, Machinery, Chemicals",Import
Austria,Canada,04-25,37864,"Crude Oil, Electronics, Gold",Import
Canada,UAE,10-25,499159,"Agricultural Products, Machinery, Chemicals",Export
Sweden,Belgium,04-25,328504,"Machinery, Electronics, Vehicles",Import
South Korea,Canada,10-25,199645,"Gems, Jewelry, Pharmaceuticals",Export
Poland,India,09-25,452428,"Electronics, Machinery, Vehicles",Export
Malaysia,Belgium,08-25,422420,"Fertilizers, Machinery, Electronics",Import
UAE,United States,08-25,170686,"Pharmaceuticals, Machinery, Chemicals",Import
Japan,Russia,09-25,384252,"Agricultural Products, Machinery, Chemicals",Export
Australia,Italy,06-25,200732,"Natural Gas, Electronics, Machinery",Export
Indonesia,South Korea,03-25,299359,"Natural Gas, Electronics, Machinery",Import
United Kingdom,Poland,10-25,374852,"Electronics Components, Machinery, Fabrics",Import
Indonesia,Russia,09-25,481869,"Crude Oil, Electronics, Gold",Import
Italy,China,06-25,424189,"Pharmaceuticals, Machinery, Chemicals",Import
UAE,Indonesia,10-25,218094,"Gems, Jewelry, Pharmaceuticals",Export
Mexico,Indonesia,07-25,192376,"Textiles, Footwear, Machinery",Export
Turkey,Spain,12-25,392103,"Natural Gas, Electronics, Machinery",Export
Belgium,Netherlands,06-25,177560,"Iron Ore, Soybeans, Crude Oil",Export
Turkey,France,04-25,83779,"Natural Gas, Electronics, Machinery",Export
UAE,Italy,06-25,330161,"Crude Oil, Electronics, Gold",Import
Poland,United States,06-25,92522,"Gems, Jewelry, Pharmaceuticals",Export
Poland,Belgium,12-25,245440,"Machinery, Electronics, Vehicles",Import
Thailand,South Africa,01-25,179146,"Iron Ore, Soybeans, Crude Oil",Export
Indonesia,South Africa,01-25,213350,"Iron Ore, Soybeans, Crude Oil",Export
UAE,China,08-25,293859,"Machinery, Electronics, Vehicles",Import
Germany,Belgium,06-25,307032,"Crude Oil, Electronics, Gold",Import
Sweden,Norway,07-25,72218,"Machinery, Electronics, Vehicles",Import
China,Malaysia,12-25,486392,"Vehicles, Machinery, Pharmaceuticals",Import
Vietnam,Turkey,10-25,307810,"Iron Ore, Soybeans, Crude Oil",Export
Poland,UAE,09-25,215786,"Crude Oil, Electronics, Gold",Import
Brazil,United Kingdom,11-25,370389,"Textiles, Footwear, Machinery",Export
India,Netherlands,12-25,174590,"Textiles, Footwear, Machinery",Export
Turkey,Russia,03-25,357367,"Pharmaceuticals, Machinery, Chemicals",Import
France,Saudi Arabia,09-25,141180,"Pharmaceuticals, Machinery, Chemicals",Import
India,Russia,07-25,251466,"Electronics, Machinery, Chemicals",Import
South Korea,Italy,09-25,432060,"Vehicles, Machinery, Pharmaceuticals",Import
France,Sweden,08-25,223138,"Electronics Components, Machinery, Fabrics",Import
Poland,Indonesia,04-25,45286,"Electronics, Machinery, Chemicals",Import
Brazil,Spain,05-25,232982,"Fertilizers, Machinery, Electronics",Import
Mexico,Canada,05-25,10305,"Crude Oil, Electronics, Gold",Import
India,Malaysia,01-25,267924,"Machinery, Electronics, Vehicles",Import
Singapore,South Korea,08-25,329776,"Natural Gas, Electronics, Machinery",Import
Malaysia,Saudi Arabia,05-25,150941,"Iron Ore, Soybeans, Crude Oil",Export
Belgium,Japan,12-25,105642,"Semiconductors, Electronics, Machinery",Export
Spain,Mexico,07-25,34727,"Machinery, Electronics, Vehicles",Import
South Korea,United States,05-25,392171,"Aircraft, Machinery, Pharmaceuticals",Export
Canada,Japan,01-25,322650,"Vehicles, Machinery, Pharmaceuticals",Import
Italy,Australia,01-25,378406,"Semiconductors, Electronics, Machinery",Export
Indonesia,Malaysia,09-25,439566,"Electronics Components, Machinery, Fabrics",Import
Spain,Thailand,09-25,99926,"Electronics, Machinery, Chemicals",Import
UAE,South Korea,04-25,267229,"Semiconductors, Electronics, Machinery",Export
France,Singapore,05-25,322256,"Natural Gas, Electronics, Machinery",Import
Netherlands,Australia,08-25,226469,"Iron Ore, Soybeans, Crude Oil",Export
Switzerland,Thailand,01-25,349465,"Vehicles, Machinery, Pharmaceuticals",Import
Thailand,Poland,09-25,301118,"Pharmaceuticals, Machinery, Chemicals",Import
Poland,Vietnam,02-25,446412,"Fertilizers, Machinery, Electronics",Import
Malaysia,Belgium,09-25,277477,"Vehicles, Machinery, Pharmaceuticals",Import
Vietnam,Malaysia,11-25,370078,"Fertilizers, Machinery, Electronics",Import
Canada,South Korea,12-25,206687,"Semiconductors, Electronics, Machinery",Export
Australia,Indonesia,08-25,35620,"Semiconductors, Electronics, Machinery",Export
Belgium,Saudi Arabia,06-25,125750,"Crude Oil, Electronics, Gold",Import
Singapore,Japan,10-25,325191,"Electronics, Machinery, Chemicals",Import
Saudi Arabia,Netherlands,11-25,213112,"Natural Gas, Electronics, Machinery",Import
Indonesia,South Korea,02-25,39243,"Vehicles, Machinery, Pharmaceuticals",Import
Indonesia,Mexico,03-25,287220,"Semiconductors, Electronics, Machinery",Export
South Korea,India,12-25,169132,"Pharmaceuticals, Machinery, Chemicals",Import
Canada,Malaysia,05-25,362962,"Iron Ore, Soybeans, Crude Oil",Export
Canada,Norway,08-25,80760,"Pharmaceuticals, Machinery, Chemicals",Import
Italy,Germany,11-25,51233,"Vehicles, Machinery, Pharmaceuticals",Import
Germany,South Africa,12-25,139282,"Agricultural Products, Machinery, Chemicals",Export
Mexico,UAE,08-25,258242,"Machinery, Electronics, Vehicles",Import
South Korea,Germany,01-25,20893,"Textiles, Footwear, Machinery",Export
Singapore,Poland,03-25,452720,"Fertilizers, Machinery, Electronics",Import
South Korea,Thailand,12-25,22123,"Electronics, Machinery, Chemicals",Import
Mexico,Poland,06-25,218393,"Machinery, Electronics, Vehicles",Import
Spain,Norway,03-25,440506,"Vehicles, Machinery, Pharmaceuticals",Import
France,UAE,06-25,379660,"Aircraft, Machinery, Pharmaceuticals",Export
Saudi Arabia,France,09-25,267926,"Electronics, Machinery, Vehicles",Export
Mexico,Switzerland,09-25,114709,"Vehicles, Machinery, Pharmaceuticals",Import
UAE,China,03-25,468640,"Electronics, Machinery, Vehicles",Export
Sweden,Australia,03-25,391872,"Aircraft, Machinery, Pharmaceuticals",Export
Brazil,United Kingdom,05-25,208651,"Vehicles, Machinery, Pharmaceuticals",Import
France,Vietnam,03-25,208107,"Agricultural Products, Machinery, Chemicals",Export
Belgium,India,10-25,199677,"Vehicles, Machinery, Pharmaceuticals",Import
Netherlands,United States,01-25,236119,"Aircraft, Machinery, Pharmaceuticals",Export
Singapore,South Korea,11-25,437523,"Pharmaceuticals, Machinery, Chemicals",Import
Mexico,Thailand,07-25,272889,"Natural Gas, Electronics, Machinery",Import
Germany,United States,11-25,158531,"Electronics, Machinery, Vehicles",Export
Turkey,South Korea,04-25,32188,"Vehicles, Machinery, Pharmaceuticals",Import
Poland,Turkey,07-25,484205,"Natural Gas, Electronics, Machinery",Import
Indonesia,Switzerland,06-25,134705,"Vehicles, Machinery, Pharmaceuticals",Import
Malaysia,France,06-25,172298,"Electronics, Machinery, Chemicals",Import
Italy,Belgium,03-25,96024,"Vehicles, Machinery, Chemicals",Export
India,Singapore,04-25,287068,"Pharmaceuticals, Chemicals, Machinery",Export
United Kingdom,Australia,06-25,259146,"Crude Oil, Electronics, Gold",Import
Norway,Thailand,05-25,77028,"Aircraft, Machinery, Pharmaceuticals",Export
China,Russia,01-25,21770,"Fertilizers, Machinery, Electronics",Import
Denmark,South Korea,06-25,287459,"Electronics, Machinery, Vehicles",Export
Vietnam,India,07-25,221514,"Crude Oil, Electronics, Gold",Import
UAE,South Korea,04-25,460835,"Semiconductors, Electronics, Machinery",Export
Italy,Sweden,02-25,48843,"Crude Oil, Electronics, Gold",Import
Turkey,Belgium,01-25,271356,"Natural Gas, Electronics, Machinery",Import
Norway,Switzerland,02-25,18426,"Pharmaceuticals, Chemicals, Machinery",Export
Singapore,France,12-25,470882,"Fertilizers, Machinery, Electronics",Import
Brazil,Poland,05-25,476361,"Fertilizers, Machinery, Electronics",Import
Denmark,South Korea,12-25,32542,"Vehicles, Machinery, Chemicals",Export
Saudi Arabia,France,09-25,480658,"Semiconductors, Electronics, Machinery",Export
Turkey,Norway,04-25,203702,"Machinery, Electronics, Vehicles",Import
Vietnam,Mexico,04-25,270977,"Pharmaceuticals, Chemicals, Machinery",Export
Turkey,Poland,03-25,472119,"Natural Gas, Electronics, Machinery",Export
Italy,United Kingdom,05-25,496501,"Pharmaceuticals, Chemicals, Machinery",Export
Germany,Mexico,01-25,93634,"Pharmaceuticals, Machinery, Chemicals",Import
Austria,Canada,08-25,124112,"Gems, Jewelry, Pharmaceuticals",Export
Vietnam,United Kingdom,07-25,156632,"Crude Oil, Electronics, Gold",Import
Poland,Netherlands,03-25,1937,"Electronics, Machinery, Chemicals",Import
Spain,India,09-25,2026,"Semiconductors, Electronics, Machinery",Export
Switzerland,India,04-25,121808,"Crude Oil, Electronics, Gold",Import
Mexico,Russia,06-25,298123,"Textiles, Footwear, Machinery",Export
Turkey,South Africa,05-25,3494,"Electronics, Machinery, Chemicals",Import
Austria,Australia,08-25,431285,"Fertilizers, Machinery, Electronics",Import
Denmark,Poland,02-25,417303,"Electronics Components, Machinery, Fabrics",Import
Netherlands,Indonesia,06-25,384157,"Vehicles, Machinery, Chemicals",Export
Malaysia,Singapore,10-25,69911,"Aircraft, Machinery, Pharmaceuticals",Export
Malaysia,France,09-25,16849,"Machinery, Electronics, Vehicles",Import
India,Russia,09-25,68090,"Natural Gas, Electronics, Machinery",Export
Canada,Japan,08-25,30709,"Machinery, Electronics, Vehicles",Import
Norway,Spain,04-25,190283,"Vehicles, Machinery, Pharmaceuticals",Import
Canada,China,07-25,292014,"Iron Ore, Soybeans, Crude Oil",Export
China,United Kingdom,07-25,452729,"Gems, Jewelry, Pharmaceuticals",Export
Norway,Netherlands,11-25,375497,"Electronics, Machinery, Vehicles",Export
Mexico,United Kingdom,02-25,152545,"Vehicles, Machinery, Chemicals",Export
China,South Africa,04-25,467936,"Vehicles, Machinery, Chemicals",Export
Australia,UAE,08-25,10380,"Crude Oil, Electronics, Gold",Import
Japan,Brazil,08-25,267862,"Vehicles, Machinery, Pharmaceuticals",Import
UAE,Indonesia,08-25,396476,"Gems, Jewelry, Pharmaceuticals",Export
Sweden,Turkey,01-25,486311,"Pharmaceuticals, Machinery, Chemicals",Import
Turkey,Canada,07-25,382604,"Pharmaceuticals, Chemicals, Machinery",Export
Mexico,Thailand,11-25,442961,"Aircraft, Machinery, Pharmaceuticals",Export
Norway,Malaysia,10-25,121267,"Iron Ore, Soybeans, Crude Oil",Export
United States,Netherlands,10-25,115170,"Aircraft, Machinery, Pharmaceuticals",Export
Thailand,Norway,06-25,395144,"Aircraft, Machinery, Pharmaceuticals",Export
France,Mexico,01-25,258755,"Semiconductors, Electronics, Machinery",Export
Sweden,Thailand,05-25,46183,"Pharmaceuticals, Machinery, Chemicals",Import
Indonesia,Singapore,02-25,483795,"Natural Gas, Electronics, Machinery",Import
Poland,South Korea,12-25,103900,"Vehicles, Machinery, Pharmaceuticals",Import
South Korea,Germany,01-25,39287,"Textiles, Footwear, Machinery",Export
Norway,Spain,03-25,333284,"Fertilizers, Machinery, Electronics",Import
Denmark,Belgium,06-25,213912,"Natural Gas, Electronics, Machinery",Import
Singapore,Belgium,05-25,197493,"Electronics Components, Machinery, Fabrics",Import
South Korea,Japan,06-25,165773,"Natural Gas, Electronics, Machinery",Import
Indonesia,Netherlands,09-25,259480,"Fertilizers, Machinery, Electronics",Import
Norway,Indonesia,04-25,316952,"Pharmaceuticals, Chemicals, Machinery",Export
France,Singapore,10-25,116144,"Fertilizers, Machinery, Electronics",Import
Spain,Russia,04-25,204109,"Vehicles, Machinery, Pharmaceuticals",Import
Italy,Malaysia,08-25,83042,"Crude Oil, Electronics, Gold",Import
Mexico,India,01-25,314793,"Pharmaceuticals, Machinery, Chemicals",Import
Australia,South Africa,02-25,436615,"Aircraft, Machinery, Pharmaceuticals",Export
Japan,Sweden,05-25,49249,"Natural Gas, Electronics, Machinery",Export
Thailand,South Africa,01-25,202199,"Machinery, Electronics, Vehicles",Import
Italy,Canada,10-25,499085,"Vehicles, Machinery, Chemicals",Export
Netherlands,Mexico,10-25,145472,"Fertilizers, Machinery, Electronics",Import
France,Norway,08-25,136000,"Iron Ore, Soybeans, Crude Oil",Export
UAE,Netherlands,09-25,43429,"Crude Oil, Electronics, Gold",Import
Spain,Singapore,12-25,196139,"Vehicles, Machinery, Chemicals",Export
Italy,United Kingdom,10-25,376699,"Vehicles, Machinery, Chemicals",Export
Denmark,China,12-25,457003,"Textiles, Footwear, Machinery",Export
Turkey,Japan,03-25,41580,"Iron Ore, Soybeans, Crude Oil",Export
Thailand,France,01-25,63844,"Vehicles, Machinery, Chemicals",Export
Netherlands,Australia,07-25,344293,"Vehicles, Machinery, Chemicals",Export
Turkey,Singapore,06-25,98128,"Natural Gas, Electronics, Machinery",Export
United States,Norway,06-25,236490,"Iron Ore, Soybeans, Crude Oil",Export
France,Australia,10-25,169181,"Iron Ore, Soybeans, Crude Oil",Export
Poland,Saudi Arabia,07-25,406151,"Iron Ore, Soybeans, Crude Oil",Export
Norway,Belgium,01-25,135562,"Machinery, Electronics, Vehicles",Import
Turkey,Brazil,07-25,127852,"Aircraft, Machinery, Pharmaceuticals",Export
Indonesia,Spain,06-25,236825,"Natural Gas, Electronics, Machinery",Export
Mexico,South Africa,01-25,73632,"Electronics, Machinery, Vehicles",Export
France,Belgium,09-25,141379,"Natural Gas, Electronics, Machinery",Import
Italy,South Africa,09-25,441460,"Vehicles, Machinery, Chemicals",Export
Italy,China,10-25,100032,"Vehicles, Machinery, Chemicals",Export
China,Germany,03-25,405730,"Vehicles, Machinery, Chemicals",Export
Indonesia,Brazil,08-25,157392,"Aircraft, Machinery, Pharmaceuticals",Export
Sweden,South Korea,11-25,259704,"Electronics Components, Machinery, Fabrics",Import
Singapore,Belgium,02-25,286396,"Textiles, Footwear, Machinery",Export
Sweden,United Kingdom,01-25,127877,"Crude Oil, Electronics, Gold",Import
Spain,United Kingdom,03-25,422541,"Machinery, Electronics, Vehicles",Import
Italy,Spain,07-25,184816,"Vehicles, Machinery, Pharmaceuticals",Import
China,Turkey,02-25,117576,"Natural Gas, Electronics, Machinery",Export
United States,Italy,10-25,66010,"Electronics, Machinery, Vehicles",Export
Turkey,Sweden,06-25,337943,"Semiconductors, Electronics, Machinery",Export
Germany,Vietnam,05-25,34320,"Textiles, Footwear, Machinery",Export
United States,Canada,06-25,171409,"Aircraft, Machinery, Pharmaceuticals",Export
Spain,Malaysia,10-25,134917,"Aircraft, Machinery, Pharmaceuticals",Export
China,Vietnam,06-25,23260,"Natural Gas, Electronics, Machinery",Export
Mexico,Brazil,02-25,340757,"Aircraft, Machinery, Pharmaceuticals",Export
United Kingdom,Vietnam,09-25,420946,"Pharmaceuticals, Machinery, Chemicals",Import
Vietnam,Belgium,04-25,361638,"Vehicles, Machinery, Chemicals",Export
South Korea,Poland,12-25,446272,"Agricultural Products, Machinery, Chemicals",Export
Spain,Singapore,11-25,346477,"Machinery, Electronics, Vehicles",Import
Canada,South Africa,02-25,360591,"Fertilizers, Machinery, Electronics",Import
Germany,UAE,03-25,360150,"Electronics, Machinery, Vehicles",Export
UAE,Sweden,02-25,48783,"Electronics, Machinery, Chemicals",Import
Brazil,Mexico,09-25,66490,"Pharmaceuticals, Chemicals, Machinery",Export
Netherlands,Turkey,06-25,455788,"Electronics Components, Machinery, Fabrics",Import
Indonesia,Singapore,05-25,348923,"Fertilizers, Machinery, Electronics",Import
France,Vietnam,04-25,463808,"Machinery, Electronics, Vehicles",Import
Switzerland,Vietnam,06-25,188888,"Electronics, Machinery, Chemicals",Import
Austria,France,08-25,436945,"Vehicles, Machinery, Pharmaceuticals",Import
Brazil,Saudi Arabia,09-25,456160,"Iron Ore, Soybeans, Crude Oil",Export
France,Belgium,06-25,323388,"Aircraft, Machinery, Pharmaceuticals",Export
Spain,Germany,12-25,175220,"Iron Ore, Soybeans, Crude Oil",Export
Sweden,Germany,06-25,74457,"Machinery, Electronics, Vehicles",Import
Vietnam,Thailand,06-25,261296,"Pharmaceuticals, Machinery, Chemicals",Import
Spain,France,11-25,12807,"Pharmaceuticals, Chemicals, Machinery",Export
Sweden,Norway,01-25,241778,"Machinery, Electronics, Vehicles",Import
Netherlands,Indonesia,11-25,27041,"Vehicles, Machinery, Chemicals",Export
Indonesia,Russia,05-25,32149,"Natural Gas, Electronics, Machinery",Import
Belgium,Vietnam,05-25,462048,"Iron Ore, Soybeans, Crude Oil",Export
China,Canada,12-25,266992,"Semiconductors, Electronics, Machinery",Export
Spain,Italy,06-25,77625,"Iron Ore, Soybeans, Crude Oil",Export
United States,Russia,10-25,238116,"Crude Oil, Electronics, Gold",Import
Spain,Turkey,11-25,409305,"Machinery, Electronics, Vehicles",Import
Austria,Sweden,12-25,484805,"Fertilizers, Machinery, Electronics",Import
Australia,Spain,05-25,235799,"Aircraft, Machinery, Pharmaceuticals",Export
Thailand,China,01-25,63977,"Iron Ore, Soybeans, Crude Oil",Export
Turkey,India,07-25,3817,"Pharmaceuticals, Chemicals, Machinery",Export
UAE,Mexico,04-25,155519,"Electronics, Machinery, Chemicals",Import
Vietnam,Thailand,11-25,47806,"Vehicles, Machinery, Pharmaceuticals",Import
UAE,South Africa,11-25,64594,"Electronics, Machinery, Chemicals",Import
Australia,Germany,09-25,172468,"Vehicles, Machinery, Chemicals",Export
Australia,Indonesia,07-25,435468,"Semiconductors, Electronics, Machinery",Export
India,Russia,06-25,320421,"Semiconductors, Electronics, Machinery",Export
United States,South Korea,06-25,207736,"Vehicles, Machinery, Pharmaceuticals",Import
Spain,Belgium,06-25,288803,"Vehicles, Machinery, Pharmaceuticals",Import
United States,Vietnam,05-25,392171,"Electronics, Machinery, Chemicals",Import
Malaysia,Switzerland,04-25,475488,"Natural Gas, Electronics, Machinery",Export
Netherlands,France,09-25,78424,"Vehicles, Machinery, Chemicals",Export
United Kingdom,Vietnam,12-25,122343,"Crude Oil, Electronics, Gold",Import
Singapore,United Kingdom,01-25,122642,"Textiles, Footwear, Machinery",Export
Mexico,Sweden,05-25,317547,"Vehicles, Machinery, Pharmaceuticals",Import
Vietnam,Sweden,08-25,277258,"Iron Ore, Soybeans, Crude Oil",Export
South Korea,Malaysia,05-25,396729,"Vehicles, Machinery, Pharmaceuticals",Import
Indonesia,Canada,04-25,242348,"Textiles, Footwear, Machinery",Export
Japan,Belgium,01-25,56485,"Iron Ore, Soybeans, Crude Oil",Export
India,Russia,02-25,133622,"Crude Oil, Electronics, Gold",Import
Japan,India,02-25,227957,"Agricultural Products, Machinery, Chemicals",Export
Poland,Saudi Arabia,08-25,207794,"Agricultural Products, Machinery, Chemicals",Export
Australia,Brazil,04-25,21080,"Semiconductors, Electronics, Machinery",Export
Singapore,Italy,11-25,27974,"Vehicles, Machinery, Chemicals",Export
Malaysia,Spain,10-25,6163,"Natural Gas, Electronics, Machinery",Export
Indonesia,Belgium,07-25,317346,"Crude Oil, Electronics, Gold",Import
Australia,UAE,02-25,352733,"Pharmaceuticals, Chemicals, Machinery",Export
South Korea,Brazil,10-25,143701,"Fertilizers, Machinery, Electronics",Import
Mexico,Singapore,04-25,193177,"Vehicles, Machinery, Pharmaceuticals",Import
United Kingdom,Switzerland,04-25,275678,"Semiconductors, Electronics, Machinery",Export
China,Netherlands,06-25,328804,"Machinery, Electronics, Vehicles",Import
United Kingdom,Switzerland,05-25,132272,"Textiles, Footwear, Machinery",Export
Germany,China,09-25,42467,"Natural Gas, Electronics, Machinery",Import
China,Germany,02-25,36622,"Crude Oil, Electronics, Gold",Import
Sweden,Vietnam,10-25,476679,"Natural Gas, Electronics, Machinery",Import
India,Brazil,09-25,424844,"Natural Gas, Electronics, Machinery",Import
Brazil,Indonesia,12-25,143105,"Vehicles, Machinery, Chemicals",Export
Italy,Germany,01-25,100517,"Vehicles, Machinery, Pharmaceuticals",Import
Spain,Saudi Arabia,04-25,131397,"Vehicles, Machinery, Pharmaceuticals",Import
Norway,France,01-25,396610,"Agricultural Products, Machinery, Chemicals",Export
Germany,Russia,10-25,481808,"Agricultural Products, Machinery, Chemicals",Export
Singapore,Japan,05-25,165952,"Electronics Components, Machinery, Fabrics",Import
Poland,India,11-25,300170,"Iron Ore, Soybeans, Crude Oil",Export
Thailand,South Korea,12-25,132514,"Fertilizers, Machinery, Electronics",Import
Germany,Indonesia,07-25,222850,"Crude Oil, Electronics, Gold",Import
Brazil,Russia,04-25,414813,"Electronics, Machinery, Chemicals",Import
Spain,Indonesia,12-25,115957,"Agricultural Products, Machinery, Chemicals",Export
Mexico,Spain,12-25,33718,"Electronics, Machinery, Vehicles",Export
Indonesia,Switzerland,03-25,455545,"Machinery, Electronics, Vehicles",Import
Thailand,France,08-25,40648,"Gems, Jewelry, Pharmaceuticals",Export
Italy,Russia,01-25,57902,"Fertilizers, Machinery, Electronics",Import
Malaysia,Sweden,05-25,77186,"Vehicles, Machinery, Chemicals",Export
France,India,12-25,227243,"Natural Gas, Electronics, Machinery",Export
Denmark,Indonesia,10-25,12125,"Machinery, Electronics, Vehicles",Import
Sweden,Brazil,09-25,183668,"Vehicles, Machinery, Chemicals",Export
India,United States,03-25,94490,"Semiconductors, Electronics, Machinery",Export
Austria,Turkey,07-25,69209,"Vehicles, Machinery, Pharmaceuticals",Import
China,France,11-25,35726,"Natural Gas, Electronics, Machinery",Import
Australia,United States,08-25,79446,"Natural Gas, Electronics, Machinery",Export
Spain,Canada,12-25,173441,"Natural Gas, Electronics, Machinery",Import
Australia,Russia,02-25,206966,"Electronics, Machinery, Chemicals",Import
Japan,Poland,10-25,347546,"Electronics Components, Machinery, Fabrics",Import
United Kingdom,Poland,08-25,48199,"Fertilizers, Machinery, Electronics",Import
Italy,India,08-25,94108,"Pharmaceuticals, Chemicals, Machinery",Export
China,Russia,07-25,30763,"Gems, Jewelry, Pharmaceuticals",Export
Denmark,Turkey,06-25,66508,"Electronics Components, Machinery, Fabrics",Import
South Korea,Spain,04-25,297958,"Vehicles, Machinery, Pharmaceuticals",Import
Brazil,Vietnam,03-25,386786,"Crude Oil, Electronics, Gold",Import
India,Vietnam,08-25,468565,"Natural Gas, Electronics, Machinery",Import
China,India,05-25,349869,"Pharmaceuticals, Chemicals, Machinery",Export
Spain,Saudi Arabia,08-25,260873,"Electronics, Machinery, Vehicles",Export
China,Italy,05-25,249541,"Agricultural Products, Machinery, Chemicals",Export
Sweden,South Africa,10-25,483899,"Fertilizers, Machinery, Electronics",Import
Switzerland,Poland,01-25,307857,"Fertilizers, Machinery, Electronics",Import
Belgium,China,11-25,153587,"Pharmaceuticals, Machinery, Chemicals",Import
Austria,Turkey,09-25,369422,"Electronics, Machinery, Vehicles",Export
Australia,South Korea,05-25,80355,"Crude Oil, Electronics, Gold",Import
Norway,Mexico,03-25,261161,"Machinery, Electronics, Vehicles",Import
China,South Africa,08-25,57681,"Machinery, Electronics, Vehicles",Import
Saudi Arabia,Spain,01-25,183358,"Agricultural Products, Machinery, Chemicals",Export
Switzerland,Singapore,05-25,317881,"Aircraft, Machinery, Pharmaceuticals",Export
United Kingdom,Germany,08-25,147871,"Iron Ore, Soybeans, Crude Oil",Export
Canada,Switzerland,01-25,7256,"Fertilizers, Machinery, Electronics",Import
China,South Korea,12-25,51342,"Pharmaceuticals, Machinery, Chemicals",Import
Mexico,Germany,05-25,61482,"Iron Ore, Soybeans, Crude Oil",Export
Norway,Vietnam,12-25,52600,"Agricultural Products, Machinery, Chemicals",Export
Germany,Norway,05-25,37999,"Fertilizers, Machinery, Electronics",Import
Thailand,Switzerland,01-25,360809,"Vehicles, Machinery, Chemicals",Export
France,South Korea,12-25,213350,"Electronics Components, Machinery, Fabrics",Import
Switzerland,Russia,02-25,292584,"Electronics, Machinery, Vehicles",Export
Norway,United Kingdom,06-25,225776,"Textiles, Footwear, Machinery",Export
United Kingdom,South Korea,10-25,151386,"Electronics, Machinery, Chemicals",Import
Indonesia,Singapore,01-25,254192,"Electronics, Machinery, Chemicals",Import
Thailand,Mexico,10-25,401513,"Vehicles, Machinery, Chemicals",Export
Malaysia,Poland,10-25,247195,"Vehicles, Machinery, Pharmaceuticals",Import
Sweden,UAE,10-25,426131,"Natural Gas, Electronics, Machinery",Export
Canada,Australia,08-25,413722,"Electronics Components, Machinery, Fabrics",Import
Saudi Arabia,Indonesia,09-25,107033,"Fertilizers, Machinery, Electronics",Import
South Korea,Switzerland,06-25,15900,"Textiles, Footwear, Machinery",Export
Vietnam,France,05-25,110518,"Vehicles, Machinery, Pharmaceuticals",Import
Australia,Canada,10-25,78654,"Crude Oil, Electronics, Gold",Import
Austria,Vietnam,11-25,404667,"Electronics, Machinery, Chemicals",Import
Sweden,China,01-25,86622,"Electronics, Machinery, Vehicles",Export
Turkey,United Kingdom,12-25,291680,"Gems, Jewelry, Pharmaceuticals",Export
Italy,India,12-25,163191,"Aircraft, Machinery, Pharmaceuticals",Export
China,Indonesia,06-25,254153,"Electronics Components, Machinery, Fabrics",Import
Vietnam,Brazil,08-25,278257,"Vehicles, Machinery, Pharmaceuticals",Import
Singapore,Mexico,09-25,219997,"Aircraft, Machinery, Pharmaceuticals",Export
Belgium,Singapore,03-25,382901,"Gems, Jewelry, Pharmaceuticals",Export
Turkey,Sweden,06-25,331670,"Pharmaceuticals, Machinery, Chemicals",Import
Netherlands,Switzerland,06-25,44551,"Pharmaceuticals, Machinery, Chemicals",Import
South Korea,Indonesia,11-25,348436,"Natural Gas, Electronics, Machinery",Export
Germany,Belgium,06-25,390621,"Natural Gas, Electronics, Machinery",Export
United Kingdom,Russia,04-25,95215,"Aircraft, Machinery, Pharmaceuticals",Export
Belgium,South Africa,01-25,309978,"Electronics Components, Machinery, Fabrics",Import
France,United Kingdom,02-25,455863,"Vehicles, Machinery, Chemicals",Export
Sweden,Australia,05-25,216976,"Natural Gas, Electronics, Machinery",Export
France,Saudi Arabia,12-25,48248,"Semiconductors, Electronics, Machinery",Export
India,Canada,11-25,335431,"Iron Ore, Soybeans, Crude Oil",Export
Singapore,Canada,07-25,496793,"Vehicles, Machinery, Pharmaceuticals",Import
UAE,China,10-25,60236,"Crude Oil, Electronics, Gold",Import
Denmark,Indonesia,03-25,278330,"Pharmaceuticals, Machinery, Chemicals",Import
Norway,Brazil,08-25,459958,"Textiles, Footwear, Machinery",Export
France,Australia,06-25,281674,"Gems, Jewelry, Pharmaceuticals",Export
Vietnam,Switzerland,03-25,432571,"Agricultural Products, Machinery, Chemicals",Export
Netherlands,United Kingdom,05-25,428019,"Iron Ore, Soybeans, Crude Oil",Export
Austria,Sweden,01-25,439782,"Electronics Components, Machinery, Fabrics",Import
Denmark,Vietnam,12-25,348977,"Crude Oil, Electronics, Gold",Import
United States,South Africa,03-25,440807,"Pharmaceuticals, Machinery, Chemicals",Import
France,Netherlands,04-25,16413,"Machinery, Electronics, Vehicles",Import
Austria,United States,03-25,215758,"Pharmaceuticals, Chemicals, Machinery",Export
Australia,Switzerland,01-25,406469,"Semiconductors, Electronics, Machinery",Export
Poland,Thailand,05-25,233108,"Semiconductors, Electronics, Machinery",Export
Germany,Singapore,02-25,298242,"Natural Gas, Electronics, Machinery",Export
France,Vietnam,11-25,183076,"Semiconductors, Electronics, Machinery",Export
Spain,Vietnam,09-25,146265,"Agricultural Products, Machinery, Chemicals",Export
Netherlands,Vietnam,12-25,50647,"Aircraft, Machinery, Pharmaceuticals",Export
Poland,UAE,03-25,273589,"Machinery, Electronics, Vehicles",Import
Netherlands,Germany,06-25,327473,"Natural Gas, Electronics, Machinery",Export
Netherlands,Norway,08-25,429926,"Vehicles, Machinery, Chemicals",Export
Thailand,Vietnam,03-25,40456,"Iron Ore, Soybeans, Crude Oil",Export
UAE,Germany,07-25,141585,"Fertilizers, Machinery, Electronics",Import
Denmark,India,01-25,267127,"Aircraft, Machinery, Pharmaceuticals",Export
Denmark,Thailand,09-25,253422,"Iron Ore, Soybeans, Crude Oil",Export
UAE,Mexico,12-25,109394,"Agricultural Products, Machinery, Chemicals",Export
United Kingdom,Vietnam,01-25,279715,"Electronics Components, Machinery, Fabrics",Import
France,Saudi Arabia,09-25,131552,"Agricultural Products, Machinery, Chemicals",Export
United States,France,09-25,67611,"Semiconductors, Electronics, Machinery",Export
Poland,Russia,08-25,351549,"Machinery, Electronics, Vehicles",Import
South Korea,South Africa,08-25,348897,"Fertilizers, Machinery, Electronics",Import
Italy,Netherlands,07-25,192952,"Electronics Components, Machinery, Fabrics",Import
Singapore,Russia,04-25,142039,"Gems, Jewelry, Pharmaceuticals",Export
Poland,Belgium,10-25,63334,"Pharmaceuticals, Chemicals, Machinery",Export
Spain,Switzerland,11-25,280203,"Machinery, Electronics, Vehicles",Import
Canada,Brazil,09-25,156180,"Pharmaceuticals, Chemicals, Machinery",Export
Netherlands,Vietnam,04-25,342073,"Iron Ore, Soybeans, Crude Oil",Export
Poland,Thailand,09-25,307495,"Crude Oil, Electronics, Gold",Import
Austria,Thailand,03-25,349549,"Aircraft, Machinery, Pharmaceuticals",Export
Denmark,United States,09-25,486000,"Fertilizers, Machinery, Electronics",Import
Sweden,UAE,01-25,283183,"Gems, Jewelry, Pharmaceuticals",Export
Denmark,Singapore,08-25,145442,"Crude Oil, Electronics, Gold",Import
Singapore,Belgium,02-25,366412,"Aircraft, Machinery, Pharmaceuticals",Export
Switzerland,South Korea,09-25,470307,"Pharmaceuticals, Chemicals, Machinery",Export
Norway,Saudi Arabia,09-25,239000,"Machinery, Electronics, Vehicles",Import
India,Brazil,09-25,276622,"Vehicles, Machinery, Chemicals",Export
Australia,Russia,10-25,54249,"Vehicles, Machinery, Pharmaceuticals",Import
France,Russia,07-25,93203,"Fertilizers, Machinery, Electronics",Import
Switzerland,Netherlands,03-25,399646,"Semiconductors, Electronics, Machinery",Export
Saudi Arabia,Australia,05-25,297843,"Agricultural Products, Machinery, Chemicals",Export
Canada,Spain,08-25,66603,"Electronics, Machinery, Vehicles",Export
Italy,UAE,12-25,476897,"Natural Gas, Electronics, Machinery",Export
Denmark,South Korea,11-25,351341,"Aircraft, Machinery, Pharmaceuticals",Export
Indonesia,United Kingdom,04-25,366855,"Agricultural Products, Machinery, Chemicals",Export
Austria,France,11-25,132700,"Electronics Components, Machinery, Fabrics",Import
United States,Indonesia,09-25,143590,"Natural Gas, Electronics, Machinery",Export
Japan,India,05-25,126777,"Iron Ore, Soybeans, Crude Oil",Export
Denmark,Belgium,09-25,55033,"Electronics Components, Machinery, Fabrics",Import
Germany,United Kingdom,06-25,11193,"Textiles, Footwear, Machinery",Export
Brazil,France,10-25,201578,"Electronics, Machinery, Chemicals",Import
Denmark,United States,01-25,231895,"Aircraft, Machinery, Pharmaceuticals",Export
Sweden,Vietnam,03-25,116592,"Electronics, Machinery, Chemicals",Import
Germany,South Korea,02-25,220400,"Natural Gas, Electronics, Machinery",Import
Canada,Switzerland,11-25,44912,"Natural Gas, Electronics, Machinery",Export
China,Russia,09-25,243336,"Electronics Components, Machinery, Fabrics",Import
Sweden,Indonesia,04-25,185905,"Electronics, Machinery, Chemicals",Import
France,Indonesia,09-25,4848,"Machinery, Electronics, Vehicles",Import
India,Germany,11-25,310466,"Agricultural Products, Machinery, Chemicals",Export
Vietnam,Belgium,09-25,346632,"Vehicles, Machinery, Chemicals",Export
Canada,Belgium,01-25,22032,"Vehicles, Machinery, Chemicals",Export
Saudi Arabia,Japan,01-25,316120,"Crude Oil, Electronics, Gold",Import
Denmark,Canada,10-25,249566,"Gems, Jewelry, Pharmaceuticals",Export
Poland,Sweden,09-25,288757,"Electronics, Machinery, Vehicles",Export
Spain,China,06-25,132771,"Semiconductors, Electronics, Machinery",Export
United States,Spain,03-25,362185,"Vehicles, Machinery, Chemicals",Export
Malaysia,Sweden,02-25,8816,"Textiles, Footwear, Machinery",Export
Spain,Netherlands,08-25,229951,"Electronics Components, Machinery, Fabrics",Import
Australia,Poland,09-25,472839,"Fertilizers, Machinery, Electronics",Import
Brazil,Malaysia,12-25,101356,"Pharmaceuticals, Chemicals, Machinery",Export
UAE,Russia,03-25,57613,"Fertilizers, Machinery, Electronics",Import
UAE,Netherlands,10-25,486687,"Electronics, Machinery, Vehicles",Export
South Korea,Thailand,11-25,442759,"Electronics, Machinery, Vehicles",Export
Indonesia,Japan,08-25,490416,"Electronics, Machinery, Chemicals",Import
UAE,Canada,01-25,81234,"Agricultural Products, Machinery, Chemicals",Export
UAE,Italy,07-25,357082,"Textiles, Footwear, Machinery",Export
France,Indonesia,08-25,343587,"Electronics, Machinery, Vehicles",Export
Switzerland,Japan,03-25,122869,"Vehicles, Machinery, Chemicals",Export
Austria,Japan,03-25,463893,"Textiles, Footwear, Machinery",Export
Vietnam,Brazil,01-25,102764,"Natural Gas, Electronics, Machinery",Import
Indonesia,Russia,08-25,384530,"Natural Gas, Electronics, Machinery",Export
Thailand,Saudi Arabia,07-25,374976,"Crude Oil, Electronics, Gold",Import
Belgium,Saudi Arabia,04-25,454447,"Agricultural Products, Machinery, Chemicals",Export
Canada,France,01-25,179684,"Gems, Jewelry, Pharmaceuticals",Export
Italy,Saudi Arabia,07-25,385947,"Natural Gas, Electronics, Machinery",Import
Canada,Switzerland,06-25,290065,"Pharmaceuticals, Chemicals, Machinery",Export
Austria,South Africa,05-25,73791,"Agricultural Products, Machinery, Chemicals",Export
UAE,Mexico,11-25,37663,"Semiconductors, Electronics, Machinery",Export
UAE,Singapore,02-25,191628,"Electronics, Machinery, Chemicals",Import
Italy,Sweden,04-25,240355,"Electronics, Machinery, Chemicals",Import
Malaysia,Poland,03-25,174187,"Pharmaceuticals, Machinery, Chemicals",Import
Singapore,Thailand,03-25,122549,"Crude Oil, Electronics, Gold",Import
Saudi Arabia,Switzerland,10-25,487359,"Natural Gas, Electronics, Machinery",Import
Spain,United States,02-25,48443,"Crude Oil, Electronics, Gold",Import
Brazil,Italy,12-25,350524,"Electronics, Machinery, Chemicals",Import
Poland,United States,02-25,495122,"Electronics Components, Machinery, Fabrics",Import
United States,Brazil,05-25,157441,"Electronics, Machinery, Vehicles",Export
Norway,Brazil,09-25,87712,"Natural Gas, Electronics, Machinery",Export
Saudi Arabia,China,04-25,83900,"Natural Gas, Electronics, Machinery",Import
Saudi Arabia,United States,11-25,308038,"Crude Oil, Electronics, Gold",Import
Singapore,Russia,08-25,386548,"Semiconductors, Electronics, Machinery",Export
Austria,Turkey,12-25,136591,"Natural Gas, Electronics, Machinery",Import
Brazil,Spain,12-25,183741,"Iron Ore, Soybeans, Crude Oil",Export
UAE,Switzerland,10-25,51998,"Vehicles, Machinery, Pharmaceuticals",Import
Singapore,United States,01-25,335280,"Gems, Jewelry, Pharmaceuticals",Export
UAE,Vietnam,10-25,156220,"Fertilizers, Machinery, Electronics",Import
Thailand,Japan,01-25,310504,"Pharmaceuticals, Machinery, Chemicals",Import
Thailand,South Africa,05-25,461104,"Machinery, Electronics, Vehicles",Import
United States,Canada,11-25,332294,"Iron Ore, Soybeans, Crude Oil",Export
Australia,Malaysia,05-25,403456,"Vehicles, Machinery, Pharmaceuticals",Import
India,United States,02-25,44662,"Natural Gas, Electronics, Machinery",Export
Spain,Brazil,09-25,24376,"Vehicles, Machinery, Chemicals",Export
United Kingdom,Sweden,07-25,483030,"Fertilizers, Machinery, Electronics",Import
United States,UAE,02-25,390837,"Crude Oil, Electronics, Gold",Import
Sweden,Japan,09-25,161723,"Vehicles, Machinery, Chemicals",Export
Norway,South Korea,06-25,326738,"Natural Gas, Electronics, Machinery",Export
Germany,France,06-25,363402,"Natural Gas, Electronics, Machinery",Export
Italy,Turkey,10-25,255732,"Pharmaceuticals, Chemicals, Machinery",Export
Poland,Italy,07-25,364614,"Electronics, Machinery, Chemicals",Import
China,Brazil,02-25,421590,"Aircraft, Machinery, Pharmaceuticals",Export
Malaysia,Norway,05-25,76974,"Pharmaceuticals, Chemicals, Machinery",Export
Sweden,South Korea,12-25,156150,"Fertilizers, Machinery, Electronics",Import
France,China,12-25,217192,"Electronics Components, Machinery, Fabrics",Import
Spain,France,09-25,469680,"Crude Oil, Electronics, Gold",Import
Norway,Italy,05-25,360575,"Electronics, Machinery, Vehicles",Export
Italy,Mexico,08-25,446000,"Semiconductors, Electronics, Machinery",Export
China,Belgium,11-25,135862,"Machinery, Electronics, Vehicles",Import
Belgium,South Korea,01-25,274529,"Electronics, Machinery, Vehicles",Export
Turkey,Japan,05-25,152205,"Electronics, Machinery, Vehicles",Export
Australia,Brazil,03-25,457838,"Machinery, Electronics, Vehicles",Import
Sweden,Turkey,08-25,260365,"Vehicles, Machinery, Pharmaceuticals",Import
Australia,Poland,07-25,466773,"Gems, Jewelry, Pharmaceuticals",Export
Spain,Brazil,08-25,405785,"Pharmaceuticals, Chemicals, Machinery",Export
Saudi Arabia,Thailand,10-25,405788,"Crude Oil, Electronics, Gold",Import
Netherlands,Australia,08-25,82031,"Natural Gas, Electronics, Machinery",Export
Belgium,Malaysia,04-25,185783,"Natural Gas, Electronics, Machinery",Import
Japan,United Kingdom,06-25,120971,"Pharmaceuticals, Machinery, Chemicals",Import
China,India,08-25,108421,"Pharmaceuticals, Machinery, Chemicals",Import
Australia,Japan,12-25,375324,"Gems, Jewelry, Pharmaceuticals",Export
Malaysia,Saudi Arabia,03-25,140808,"Gems, Jewelry, Pharmaceuticals",Export
Australia,United Kingdom,06-25,324209,"Aircraft, Machinery, Pharmaceuticals",Export
Canada,South Korea,01-25,283485,"Pharmaceuticals, Chemicals, Machinery",Export
United States,Poland,09-25,288898,"Electronics Components, Machinery, Fabrics",Import
Indonesia,Norway,10-25,221078,"Semiconductors, Electronics, Machinery",Export
Malaysia,United Kingdom,09-25,337228,"Pharmaceuticals, Machinery, Chemicals",Import
Saudi Arabia,Turkey,09-25,251837,"Natural Gas, Electronics, Machinery",Export
Italy,Sweden,08-25,55309,"Fertilizers, Machinery, Electronics",Import
Japan,Italy,01-25,484583,"Iron Ore, Soybeans, Crude Oil",Export
Poland,UAE,03-25,195939,"Semiconductors, Electronics, Machinery",Export
Switzerland,Brazil,10-25,304230,"Agricultural Products, Machinery, Chemicals",Export
Canada,Belgium,06-25,203837,"Fertilizers, Machinery, Electronics",Import
Denmark,France,04-25,263018,"Agricultural Products, Machinery, Chemicals",Export
Indonesia,Malaysia,06-25,15451,"Pharmaceuticals, Chemicals, Machinery",Export
South Korea,Canada,03-25,51087,"Machinery, Electronics, Vehicles",Import
Sweden,Mexico,09-25,201154,"Aircraft, Machinery, Pharmaceuticals",Export
Canada,Germany,03-25,9045,"Machinery, Electronics, Vehicles",Import
Sweden,South Africa,12-25,248886,"Natural Gas, Electronics, Machinery",Import
UAE,Switzerland,05-25,425958,"Fertilizers, Machinery, Electronics",Import
Italy,South Africa,10-25,372570,"Electronics Components, Machinery, Fabrics",Import
Mexico,Japan,08-25,373744,"Machinery, Electronics, Vehicles",Import
Japan,Switzerland,03-25,402103,"Electronics, Machinery, Chemicals",Import
Belgium,India,09-25,374603,"Crude Oil, Electronics, Gold",Import
Austria,France,10-25,58948,"Textiles, Footwear, Machinery",Export
South Korea,UAE,03-25,278828,"Fertilizers, Machinery, Electronics",Import
Brazil,UAE,09-25,82664,"Fertilizers, Machinery, Electronics",Import
Saudi Arabia,Belgium,12-25,237962,"Semiconductors, Electronics, Machinery",Export
Australia,Saudi Arabia,07-25,69229,"Electronics Components, Machinery, Fabrics",Import
Poland,Japan,09-25,448238,"Natural Gas, Electronics, Machinery",Import
Thailand,Germany,01-25,324999,"Agricultural Products, Machinery, Chemicals",Export
Netherlands,France,09-25,460668,"Iron Ore, Soybeans, Crude Oil",Export
China,Norway,11-25,11400,"Crude Oil, Electronics, Gold",Import
Mexico,Sweden,01-25,6098,"Pharmaceuticals, Machinery, Chemicals",Import
Poland,Belgium,05-25,125630,"Fertilizers, Machinery, Electronics",Import
China,Norway,10-25,435266,"Machinery, Electronics, Vehicles",Import
United Kingdom,Saudi Arabia,07-25,374564,"Vehicles, Machinery, Pharmaceuticals",Import
Turkey,Japan,03-25,209595,"Agricultural Products, Machinery, Chemicals",Export
Mexico,Spain,08-25,71123,"Textiles, Footwear, Machinery",Export
India,United Kingdom,12-25,63398,"Machinery, Electronics, Vehicles",Import
UAE,United Kingdom,11-25,413951,"Pharmaceuticals, Machinery, Chemicals",Import
Turkey,Mexico,08-25,395072,"Agricultural Products, Machinery, Chemicals",Export
Japan,Canada,03-25,27101,"Natural Gas, Electronics, Machinery",Import
China,Indonesia,07-25,464608,"Pharmaceuticals, Machinery, Chemicals",Import
Mexico,Singapore,05-25,190437,"Crude Oil, Electronics, Gold",Import
France,Malaysia,06-25,54590,"Pharmaceuticals, Machinery, Chemicals",Import
Singapore,Belgium,10-25,187651,"Pharmaceuticals, Machinery, Chemicals",Import
Spain,Malaysia,03-25,162851,"Machinery, Electronics, Vehicles",Import
Australia,Indonesia,11-25,184882,"Electronics Components, Machinery, Fabrics",Import
Spain,Singapore,07-25,312425,"Pharmaceuticals, Chemicals, Machinery",Export
Brazil,Russia,04-25,149921,"Machinery, Electronics, Vehicles",Import
Brazil,Italy,08-25,309550,"Natural Gas, Electronics, Machinery",Import
United States,Sweden,11-25,122074,"Electronics, Machinery, Vehicles",Export
Poland,United States,12-25,496835,"Fertilizers, Machinery, Electronics",Import
Poland,Italy,01-25,128544,"Electronics, Machinery, Vehicles",Export
Saudi Arabia,China,09-25,488461,"Agricultural Products, Machinery, Chemicals",Export
UAE,Turkey,01-25,352533,"Natural Gas, Electronics, Machinery",Import
India,United States,04-25,47618,"Aircraft, Machinery, Pharmaceuticals",Export
UAE,Italy,02-25,423372,"Semiconductors, Electronics, Machinery",Export
Spain,Italy,02-25,183585,"Textiles, Footwear, Machinery",Export
Australia,India,11-25,339694,"Vehicles, Machinery, Pharmaceuticals",Import
Sweden,South Korea,04-25,143677,"Fertilizers, Machinery, Electronics",Import
Switzerland,Saudi Arabia,04-25,106872,"Iron Ore, Soybeans, Crude Oil",Export
Indonesia,Belgium,10-25,179303,"Pharmaceuticals, Machinery, Chemicals",Import
France,Italy,01-25,437823,"Natural Gas, Electronics, Machinery",Import
Indonesia,Brazil,08-25,249297,"Machinery, Electronics, Vehicles",Import
Denmark,Saudi Arabia,02-25,304337,"Semiconductors, Electronics, Machinery",Export
Spain,Poland,08-25,475262,"Vehicles, Machinery, Chemicals",Export
South Korea,Turkey,07-25,249093,"Agricultural Products, Machinery, Chemicals",Export
Poland,South Korea,05-25,60781,"Iron Ore, Soybeans, Crude Oil",Export
Turkey,Russia,04-25,383386,"Natural Gas, Electronics, Machinery",Export
Sweden,France,08-25,364340,"Vehicles, Machinery, Chemicals",Export
Spain,United States,10-25,440569,"Vehicles, Machinery, Pharmaceuticals",Import
Denmark,France,06-25,141231,"Agricultural Products, Machinery, Chemicals",Export
China,Malaysia,03-25,430274,"Vehicles, Machinery, Pharmaceuticals",Import
Netherlands,South Africa,02-25,55094,"Agricultural Products, Machinery, Chemicals",Export
United States,Thailand,12-25,165678,"Natural Gas, Electronics, Machinery",Import
Indonesia,United States,11-25,284525,"Crude Oil, Electronics, Gold",Import
Italy,UAE,12-25,26886,"Crude Oil, Electronics, Gold",Import
UAE,Thailand,10-25,496077,"Vehicles, Machinery, Pharmaceuticals",Import
Australia,Malaysia,08-25,176616,"Natural Gas, Electronics, Machinery",Import
Saudi Arabia,Poland,04-25,112613,"Vehicles, Machinery, Chemicals",Export
Netherlands,Belgium,08-25,452372,"Textiles, Footwear, Machinery",Export
Germany,Canada,02-25,466201,"Gems, Jewelry, Pharmaceuticals",Export
UAE,Sweden,09-25,398882,"Fertilizers, Machinery, Electronics",Import
Turkey,Canada,06-25,55599,"Iron Ore, Soybeans, Crude Oil",Export
Netherlands,Australia,04-25,341767,"Textiles, Footwear, Machinery",Export
India,Singapore,12-25,172385,"Electronics Components, Machinery, Fabrics",Import
Belgium,South Africa,12-25,111169,"Natural Gas, Electronics, Machinery",Export
United States,Brazil,07-25,7430,"Natural Gas, Electronics, Machinery",Export
India,Vietnam,09-25,397613,"Vehicles, Machinery, Pharmaceuticals",Import
France,Poland,07-25,370606,"Vehicles, Machinery, Pharmaceuticals",Import
South Korea,Spain,10-25,249988,"Electronics, Machinery, Vehicles",Export
Spain,Mexico,12-25,332566,"Vehicles, Machinery, Pharmaceuticals",Import
Mexico,Saudi Arabia,05-25,146134,"Vehicles, Machinery, Chemicals",Export
Mexico,UAE,06-25,21230,"Textiles, Footwear, Machinery",Export
Germany,Australia,12-25,437992,"Pharmaceuticals, Chemicals, Machinery",Export
Vietnam,South Korea,07-25,38231,"Electronics Components, Machinery, Fabrics",Import
Denmark,Russia,03-25,258969,"Semiconductors, Electronics, Machinery",Export
Saudi Arabia,Spain,04-25,130885,"Vehicles, Machinery, Pharmaceuticals",Import
Malaysia,France,03-25,217832,"Crude Oil, Electronics, Gold",Import
Sweden,Saudi Arabia,04-25,103337,"Natural Gas, Electronics, Machinery",Export
Japan,India,03-25,185564,"Electronics, Machinery, Chemicals",Import
Indonesia,Brazil,03-25,373739,"Natural Gas, Electronics, Machinery",Import
Italy,United States,06-25,86831,"Electronics Components, Machinery, Fabrics",Import
China,Italy,07-25,302165,"Semiconductors, Electronics, Machinery",Export
Canada,Sweden,10-25,306537,"Pharmaceuticals, Machinery, Chemicals",Import
Brazil,Vietnam,10-25,453151,"Agricultural Products, Machinery, Chemicals",Export
Italy,Japan,09-25,83206,"Fertilizers, Machinery, Electronics",Import
Indonesia,Turkey,11-25,177197,"Agricultural Products, Machinery, Chemicals",Export
India,Russia,04-25,460407,"Electronics Components, Machinery, Fabrics",Import
Canada,Japan,07-25,407287,"Natural Gas, Electronics, Machinery",Import
Malaysia,Netherlands,10-25,91950,"Crude Oil, Electronics, Gold",Import
Brazil,Belgium,04-25,146742,"Iron Ore, Soybeans, Crude Oil",Export
Turkey,Netherlands,10-25,63203,"Electronics, Machinery, Vehicles",Export
Norway,Australia,04-25,23153,"Machinery, Electronics, Vehicles",Import
Denmark,Vietnam,02-25,189465,"Vehicles, Machinery, Pharmaceuticals",Import
Germany,Brazil,02-25,423885,"Crude Oil, Electronics, Gold",Import
Indonesia,Japan,04-25,58240,"Electronics, Machinery, Vehicles",Export
Saudi Arabia,Vietnam,01-25,116364,"Semiconductors, Electronics, Machinery",Export
India,Russia,08-25,324006,"Semiconductors, Electronics, Machinery",Export
Australia,Brazil,06-25,187986,"Textiles, Footwear, Machinery",Export
UAE,Belgium,07-25,16308,"Semiconductors, Electronics, Machinery",Export
Indonesia,Japan,03-25,150735,"Semiconductors, Electronics, Machinery",Export
Saudi Arabia,South Africa,12-25,75016,"Aircraft, Machinery, Pharmaceuticals",Export
United States,Germany,11-25,3999,"Electronics, Machinery, Chemicals",Import
Norway,India,03-25,436541,"Electronics Components, Machinery, Fabrics",Import
France,Japan,11-25,293328,"Natural Gas, Electronics, Machinery",Import
Malaysia,India,10-25,323855,"Vehicles, Machinery, Chemicals",Export
Turkey,France,03-25,382025,"Semiconductors, Electronics, Machinery",Export
UAE,Japan,03-25,364314,"Aircraft, Machinery, Pharmaceuticals",Export
Turkey,Russia,01-25,329703,"Electronics Components, Machinery, Fabrics",Import
United Kingdom,Germany,07-25,307949,"Pharmaceuticals, Chemicals, Machinery",Export
Malaysia,Saudi Arabia,05-25,325891,"Electronics, Machinery, Chemicals",Import
South Korea,Japan,12-25,457053,"Aircraft, Machinery, Pharmaceuticals",Export
UAE,Vietnam,09-25,124828,"Vehicles, Machinery, Chemicals",Export
Saudi Arabia,South Africa,08-25,322517,"Iron Ore, Soybeans, Crude Oil",Export
China,Switzerland,11-25,288535,"Aircraft, Machinery, Pharmaceuticals",Export
Mexico,China,09-25,358804,"Electronics, Machinery, Chemicals",Import
South Korea,Saudi Arabia,03-25,68884,"Natural Gas, Electronics, Machinery",Export
Singapore,Netherlands,03-25,66419,"Fertilizers, Machinery, Electronics",Import
South Korea,Sweden,05-25,168803,"Natural Gas, Electronics, Machinery",Export
Saudi Arabia,Norway,11-25,53815,"Electronics Components, Machinery, Fabrics",Import
Malaysia,Germany,11-25,320569,"Natural Gas, Electronics, Machinery",Import
Vietnam,Poland,09-25,258894,"Crude Oil, Electronics, Gold",Import
Vietnam,Switzerland,04-25,55589,"Gems, Jewelry, Pharmaceuticals",Export
Spain,Mexico,05-25,184802,"Electronics, Machinery, Chemicals",Import
Singapore,Sweden,04-25,229545,"Natural Gas, Electronics, Machinery",Import
Sweden,Vietnam,01-25,105868,"Vehicles, Machinery, Pharmaceuticals",Import
United States,Australia,11-25,495157,"Pharmaceuticals, Machinery, Chemicals",Import
Indonesia,United Kingdom,05-25,78879,"Gems, Jewelry, Pharmaceuticals",Export
Turkey,South Africa,09-25,318000,"Iron Ore, Soybeans, Crude Oil",Export
Saudi Arabia,Vietnam,07-25,200312,"Aircraft, Machinery, Pharmaceuticals",Export
Switzerland,Germany,08-25,234078,"Iron Ore, Soybeans, Crude Oil",Export
Spain,Brazil,07-25,363312,"Natural Gas, Electronics, Machinery",Export
Canada,India,10-25,158541,"Gems, Jewelry, Pharmaceuticals",Export
Vietnam,China,02-25,346588,"Machinery, Electronics, Vehicles",Import
Poland,Netherlands,01-25,234214,"Fertilizers, Machinery, Electronics",Import
France,Vietnam,08-25,210140,"Natural Gas, Electronics, Machinery",Import
Switzerland,China,08-25,297446,"Electronics Components, Machinery, Fabrics",Import
Spain,Poland,09-25,102844,"Crude Oil, Electronics, Gold",Import
Saudi Arabia,Italy,02-25,283726,"Vehicles, Machinery, Chemicals",Export
Saudi Arabia,United Kingdom,07-25,207599,"Vehicles, Machinery, Pharmaceuticals",Import
Italy,Mexico,06-25,402038,"Vehicles, Machinery, Chemicals",Export
Spain,India,01-25,258082,"Pharmaceuticals, Machinery, Chemicals",Import
Poland,Mexico,05-25,345128,"Natural Gas, Electronics, Machinery",Export
Indonesia,United States,02-25,399554,"Pharmaceuticals, Chemicals, Machinery",Export
Indonesia,Germany,08-25,252622,"Pharmaceuticals, Machinery, Chemicals",Import
Sweden,Vietnam,10-25,33908,"Natural Gas, Electronics, Machinery",Import
Netherlands,United Kingdom,07-25,88192,"Gems, Jewelry, Pharmaceuticals",Export
Brazil,Vietnam,09-25,65665,"Aircraft, Machinery, Pharmaceuticals",Export
Mexico,China,07-25,347076,"Electronics, Machinery, Chemicals",Import
Denmark,China,06-25,197863,"Natural Gas, Electronics, Machinery",Import
Mexico,United Kingdom,08-25,316517,"Vehicles, Machinery, Pharmaceuticals",Import
Vietnam,Norway,02-25,388283,"Aircraft, Machinery, Pharmaceuticals",Export
South Korea,Vietnam,12-25,279170,"Textiles, Footwear, Machinery",Export
France,Turkey,02-25,287087,"Natural Gas, Electronics, Machinery",Import
Netherlands,Canada,02-25,182499,"Vehicles, Machinery, Chemicals",Export
United States,Canada,10-25,186989,"Crude Oil, Electronics, Gold",Import
Thailand,United States,11-25,194644,"Aircraft, Machinery, Pharmaceuticals",Export
UAE,Canada,08-25,340016,"Semiconductors, Electronics, Machinery",Export
Germany,Vietnam,08-25,84095,"Crude Oil, Electronics, Gold",Import
South Korea,Spain,04-25,408607,"Electronics Components, Machinery, Fabrics",Import
Austria,Belgium,08-25,105961,"Electronics, Machinery, Vehicles",Export
Indonesia,Germany,09-25,317044,"Vehicles, Machinery, Pharmaceuticals",Import
Poland,Saudi Arabia,03-25,439502,"Crude Oil, Electronics, Gold",Import
Vietnam,Canada,06-25,155388,"Crude Oil, Electronics, Gold",Import
Switzerland,France,09-25,445188,"Natural Gas, Electronics, Machinery",Import
Switzerland,Poland,01-25,297511,"Electronics, Machinery, Chemicals",Import
Saudi Arabia,Japan,05-25,479237,"Natural Gas, Electronics, Machinery",Export
Belgium,South Korea,01-25,94816,"Vehicles, Machinery, Pharmaceuticals",Import
Japan,Malaysia,11-25,490257,"Natural Gas, Electronics, Machinery",Import
Indonesia,Netherlands,08-25,260905,"Agricultural Products, Machinery, Chemicals",Export
Sweden,UAE,11-25,66997,"Gems, Jewelry, Pharmaceuticals",Export
Norway,Japan,04-25,31368,"Fertilizers, Machinery, Electronics",Import
United States,India,05-25,262548,"Gems, Jewelry, Pharmaceuticals",Export
United Kingdom,Norway,04-25,227506,"Agricultural Products, Machinery, Chemicals",Export
Spain,United States,08-25,117162,"Pharmaceuticals, Chemicals, Machinery",Export
Indonesia,UAE,05-25,323509,"Electronics, Machinery, Vehicles",Export
United States,France,11-25,451300,"Electronics, Machinery, Chemicals",Import
India,Poland,04-25,63918,"Pharmaceuticals, Chemicals, Machinery",Export
Brazil,Japan,08-25,77956,"Natural Gas, Electronics, Machinery",Import
Austria,Vietnam,10-25,332336,"Semiconductors, Electronics, Machinery",Export
Netherlands,Japan,07-25,281150,"Textiles, Footwear, Machinery",Export
Sweden,Thailand,01-25,235663,"Crude Oil, Electronics, Gold",Import
Poland,South Africa,08-25,237412,"Pharmaceuticals, Machinery, Chemicals",Import
Austria,United States,09-25,134974,"Aircraft, Machinery, Pharmaceuticals",Export
Norway,Malaysia,10-25,491952,"Natural Gas, Electronics, Machinery",Export
Vietnam,Mexico,06-25,316173,"Natural Gas, Electronics, Machinery",Export
UAE,Germany,10-25,384459,"Crude Oil, Electronics, Gold",Import
Brazil,India,05-25,107430,"Gems, Jewelry, Pharmaceuticals",Export
UAE,Norway,09-25,145873,"Crude Oil, Electronics, Gold",Import
Netherlands,South Korea,04-25,110673,"Gems, Jewelry, Pharmaceuticals",Export
Switzerland,Singapore,08-25,67818,"Fertilizers, Machinery, Electronics",Import
Thailand,Saudi Arabia,04-25,328578,"Electronics, Machinery, Chemicals",Import
Belgium,United Kingdom,12-25,336921,"Agricultural Products, Machinery, Chemicals",Export
Sweden,United Kingdom,01-25,313483,"Aircraft, Machinery, Pharmaceuticals",Export
Germany,Thailand,10-25,369090,"Vehicles, Machinery, Chemicals",Export
Austria,Saudi Arabia,10-25,436934,"Iron Ore, Soybeans, Crude Oil",Export
Austria,United Kingdom,02-25,233859,"Natural Gas, Electronics, Machinery",Export
France,Vietnam,07-25,105062,"Natural Gas, Electronics, Machinery",Import
Turkey,France,10-25,122510,"Crude Oil, Electronics, Gold",Import
Spain,Italy,05-25,302673,"Crude Oil, Electronics, Gold",Import
Turkey,India,08-25,425795,"Pharmaceuticals, Machinery, Chemicals",Import
Spain,Australia,05-25,250529,"Natural Gas, Electronics, Machinery",Import
South Korea,Belgium,06-25,151945,"Electronics, Machinery, Chemicals",Import
Turkey,South Africa,01-25,59744,"Crude Oil, Electronics, Gold",Import
China,UAE,10-25,154587,"Crude Oil, Electronics, Gold",Import
Canada,South Korea,12-25,306044,"Agricultural Products, Machinery, Chemicals",Export
Netherlands,Turkey,06-25,238187,"Natural Gas, Electronics, Machinery",Import
Saudi Arabia,Poland,10-25,457421,"Semiconductors, Electronics, Machinery",Export
Spain,Mexico,02-25,315053,"Vehicles, Machinery, Pharmaceuticals",Import
Brazil,United States,11-25,433668,"Natural Gas, Electronics, Machinery",Import
Norway,Indonesia,10-25,31263,"Electronics Components, Machinery, Fabrics",Import
Mexico,Netherlands,06-25,314230,"Gems, Jewelry, Pharmaceuticals",Export
Germany,Canada,09-25,339206,"Vehicles, Machinery, Pharmaceuticals",Import
Spain,Brazil,12-25,303245,"Electronics, Machinery, Vehicles",Export
South Korea,Saudi Arabia,04-25,231580,"Vehicles, Machinery, Chemicals",Export
Switzerland,China,09-25,309756,"Machinery, Electronics, Vehicles",Import
Germany,Singapore,04-25,377355,"Pharmaceuticals, Chemicals, Machinery",Export
Saudi Arabia,Spain,09-25,268547,"Natural Gas, Electronics, Machinery",Export
South Korea,Netherlands,08-25,390264,"Pharmaceuticals, Chemicals, Machinery",Export
Malaysia,Canada,09-25,127911,"Natural Gas, Electronics, Machinery",Export
Netherlands,Russia,05-25,146998,"Pharmaceuticals, Machinery, Chemicals",Import
Saudi Arabia,Japan,10-25,231984,"Semiconductors, Electronics, Machinery",Export
South Korea,Netherlands,08-25,41622,"Aircraft, Machinery, Pharmaceuticals",Export
Brazil,Belgium,06-25,239522,"Vehicles, Machinery, Pharmaceuticals",Import
France,Italy,05-25,244974,"Electronics Components, Machinery, Fabrics",Import
UAE,Singapore,12-25,485757,"Agricultural Products, Machinery, Chemicals",Export
Indonesia,UAE,05-25,56615,"Textiles, Footwear, Machinery",Export
UAE,Netherlands,04-25,207500,"Natural Gas, Electronics, Machinery",Import
India,Brazil,07-25,52205,"Natural Gas, Electronics, Machinery",Export
Turkey,Sweden,10-25,193312,"Gems, Jewelry, Pharmaceuticals",Export
Brazil,Spain,05-25,294069,"Electronics Components, Machinery, Fabrics",Import
Poland,Canada,06-25,450720,"Crude Oil, Electronics, Gold",Import
Belgium,Switzerland,02-25,212523,"Pharmaceuticals, Chemicals, Machinery",Export
India,Canada,03-25,261128,"Electronics Components, Machinery, Fabrics",Import
Canada,Thailand,05-25,414832,"Semiconductors, Electronics, Machinery",Export
Germany,Indonesia,04-25,194412,"Vehicles, Machinery, Pharmaceuticals",Import
Indonesia,Brazil,04-25,329470,"Crude Oil, Electronics, Gold",Import
UAE,Thailand,09-25,212204,"Aircraft, Machinery, Pharmaceuticals",Export
Italy,Sweden,03-25,170224,"Vehicles, Machinery, Pharmaceuticals",Import
Poland,UAE,02-25,442338,"Crude Oil, Electronics, Gold",Import
Turkey,Thailand,11-25,367408,"Crude Oil, Electronics, Gold",Import
Saudi Arabia,Vietnam,08-25,107106,"Pharmaceuticals, Machinery, Chemicals",Import
Vietnam,Germany,02-25,283514,"Semiconductors, Electronics, Machinery",Export
Austria,Thailand,12-25,229118,"Semiconductors, Electronics, Machinery",Export
Germany,Switzerland,02-25,388430,"Machinery, Electronics, Vehicles",Import
France,United Kingdom,04-25,248671,"Crude Oil, Electronics, Gold",Import
Thailand,South Korea,05-25,414337,"Pharmaceuticals, Machinery, Chemicals",Import
Sweden,Netherlands,09-25,4742,"Machinery, Electronics, Vehicles",Import
Germany,India,05-25,233057,"Pharmaceuticals, Machinery, Chemicals",Import
Japan,Belgium,04-25,212139,"Gems, Jewelry, Pharmaceuticals",Export
United Kingdom,Canada,07-25,75242,"Vehicles, Machinery, Pharmaceuticals",Import
Brazil,South Africa,08-25,327951,"Natural Gas, Electronics, Machinery",Import
Italy,United States,12-25,477159,"Machinery, Electronics, Vehicles",Import
United Kingdom,Australia,01-25,447324,"Machinery, Electronics, Vehicles",Import
Singapore,Australia,05-25,317430,"Gems, Jewelry, Pharmaceuticals",Export
Indonesia,Canada,02-25,197339,"Pharmaceuticals, Machinery, Chemicals",Import
India,Saudi Arabia,02-25,323775,"Aircraft, Machinery, Pharmaceuticals",Export
Denmark,China,01-25,77595,"Iron Ore, Soybeans, Crude Oil",Export
Indonesia,Belgium,10-25,421764,"Machinery, Electronics, Vehicles",Import
Italy,Switzerland,02-25,497108,"Natural Gas, Electronics, Machinery",Import
Norway,Australia,05-25,68025,"Vehicles, Machinery, Pharmaceuticals",Import
India,Turkey,06-25,459714,"Natural Gas, Electronics, Machinery",Export
Italy,Mexico,11-25,343629,"Electronics Components, Machinery, Fabrics",Import
Poland,Netherlands,06-25,268185,"Electronics Components, Machinery, Fabrics",Import
Germany,India,08-25,224669,"Pharmaceuticals, Chemicals, Machinery",Export
Italy,Netherlands,06-25,405384,"Crude Oil, Electronics, Gold",Import
Sweden,Turkey,10-25,294156,"Semiconductors, Electronics, Machinery",Export
Turkey,Sweden,09-25,497890,"Natural Gas, Electronics, Machinery",Export
India,Norway,03-25,253002,"Electronics, Machinery, Chemicals",Import
Canada,China,08-25,67734,"Vehicles, Machinery, Chemicals",Export
Indonesia,China,07-25,156555,"Vehicles, Machinery, Chemicals",Export
Australia,United States,05-25,218989,"Fertilizers, Machinery, Electronics",Import
China,Russia,08-25,204777,"Crude Oil, Electronics, Gold",Import
Turkey,Japan,04-25,460073,"Pharmaceuticals, Chemicals, Machinery",Export
Mexico,Italy,02-25,52706,"Crude Oil, Electronics, Gold",Import
Turkey,Canada,11-25,198331,"Textiles, Footwear, Machinery",Export
Norway,UAE,01-25,313588,"Aircraft, Machinery, Pharmaceuticals",Export
Belgium,Sweden,02-25,481816,"Pharmaceuticals, Machinery, Chemicals",Import
Saudi Arabia,United States,12-25,150378,"Aircraft, Machinery, Pharmaceuticals",Export
India,Italy,04-25,357896,"Fertilizers, Machinery, Electronics",Import
France,Canada,01-25,37608,"Electronics, Machinery, Chemicals",Import
Denmark,Australia,11-25,180622,"Electronics, Machinery, Vehicles",Export
Denmark,France,02-25,332682,"Electronics Components, Machinery, Fabrics",Import
Australia,Sweden,02-25,309101,"Electronics Components, Machinery, Fabrics",Import
Japan,Indonesia,12-25,391969,"Vehicles, Machinery, Chemicals",Export
Japan,Australia,10-25,243484,"Natural Gas, Electronics, Machinery",Import
Switzerland,Sweden,09-25,27955,"Agricultural Products, Machinery, Chemicals",Export
Brazil,Switzerland,09-25,287515,"Electronics, Machinery, Vehicles",Export
Indonesia,South Korea,04-25,417720,"Electronics, Machinery, Chemicals",Import
Spain,Sweden,12-25,221982,"Crude Oil, Electronics, Gold",Import
Vietnam,UAE,03-25,311805,"Electronics Components, Machinery, Fabrics",Import
Netherlands,Belgium,07-25,331303,"Electronics, Machinery, Chemicals",Import
Denmark,United Kingdom,07-25,64010,"Vehicles, Machinery, Pharmaceuticals",Import
Vietnam,Spain,02-25,275226,"Vehicles, Machinery, Pharmaceuticals",Import
Spain,Netherlands,12-25,194520,"Natural Gas, Electronics, Machinery",Export
France,Mexico,09-25,417788,"Textiles, Footwear, Machinery",Export
United States,Singapore,08-25,198096,"Pharmaceuticals, Chemicals, Machinery",Export
UAE,Poland,04-25,341066,"Pharmaceuticals, Chemicals, Machinery",Export
Belgium,Mexico,10-25,170369,"Crude Oil, Electronics, Gold",Import
Austria,Saudi Arabia,06-25,67890,"Electronics, Machinery, Chemicals",Import
Austria,United Kingdom,07-25,306053,"Natural Gas, Electronics, Machinery",Export
Switzerland,United Kingdom,04-25,332838,"Machinery, Electronics, Vehicles",Import
Belgium,South Africa,12-25,467024,"Pharmaceuticals, Chemicals, Machinery",Export
Thailand,Saudi Arabia,06-25,206141,"Gems, Jewelry, Pharmaceuticals",Export
UAE,Turkey,08-25,159105,"Gems, Jewelry, Pharmaceuticals",Export
Sweden,Germany,11-25,250077,"Pharmaceuticals, Chemicals, Machinery",Export
Japan,Malaysia,08-25,52264,"Aircraft, Machinery, Pharmaceuticals",Export
Belgium,China,12-25,119075,"Vehicles, Machinery, Pharmaceuticals",Import
UAE,Indonesia,02-25,67829,"Pharmaceuticals, Machinery, Chemicals",Import
United Kingdom,Poland,07-25,273336,"Electronics, Machinery, Chemicals",Import
Singapore,Sweden,02-25,153884,"Aircraft, Machinery, Pharmaceuticals",Export
Saudi Arabia,Spain,11-25,91335,"Machinery, Electronics, Vehicles",Import
Netherlands,Germany,03-25,58191,"Crude Oil, Electronics, Gold",Import
Indonesia,Japan,03-25,106086,"Machinery, Electronics, Vehicles",Import
Poland,Turkey,05-25,57109,"Vehicles, Machinery, Pharmaceuticals",Import
Mexico,Australia,12-25,49191,"Textiles, Footwear, Machinery",Export
Norway,Belgium,03-25,304483,"Machinery, Electronics, Vehicles",Import
Switzerland,Brazil,07-25,255738,"Pharmaceuticals, Machinery, Chemicals",Import
Sweden,India,09-25,167533,"Vehicles, Machinery, Pharmaceuticals",Import
Austria,United Kingdom,03-25,138775,"Gems, Jewelry, Pharmaceuticals",Export
Thailand,Netherlands,09-25,269311,"Aircraft, Machinery, Pharmaceuticals",Export
Norway,Germany,07-25,28920,"Crude Oil, Electronics, Gold",Import
Malaysia,India,11-25,59494,"Vehicles, Machinery, Chemicals",Export
UAE,Netherlands,06-25,460250,"Pharmaceuticals, Chemicals, Machinery",Export
Norway,Sweden,11-25,487380,"Electronics, Machinery, Chemicals",Import
United Kingdom,Turkey,07-25,286678,"Machinery, Electronics, Vehicles",Import
China,South Korea,03-25,169254,"Vehicles, Machinery, Chemicals",Export
Vietnam,United States,07-25,476241,"Vehicles, Machinery, Pharmaceuticals",Import
Malaysia,Saudi Arabia,01-25,494836,"Pharmaceuticals, Machinery, Chemicals",Import
China,South Africa,06-25,111755,"Gems, Jewelry, Pharmaceuticals",Export
Poland,Australia,08-25,314894,"Pharmaceuticals, Machinery, Chemicals",Import
Thailand,Poland,08-25,150997,"Fertilizers, Machinery, Electronics",Import
Belgium,Spain,01-25,145521,"Aircraft, Machinery, Pharmaceuticals",Export
South Korea,Germany,12-25,136297,"Pharmaceuticals, Machinery, Chemicals",Import
UAE,Brazil,03-25,191849,"Vehicles, Machinery, Chemicals",Export
Belgium,Russia,10-25,476995,"Natural Gas, Electronics, Machinery",Import
China,Sweden,12-25,460192,"Electronics, Machinery, Vehicles",Export
Germany,Switzerland,03-25,51606,"Natural Gas, Electronics, Machinery",Export
Australia,India,07-25,11569,"Vehicles, Machinery, Chemicals",Export
France,Singapore,04-25,272754,"Electronics Components, Machinery, Fabrics",Import
Singapore,Switzerland,12-25,147824,"Machinery, Electronics, Vehicles",Import
Brazil,United Kingdom,09-25,271175,"Semiconductors, Electronics, Machinery",Export
Poland,Thailand,10-25,29500,"Semiconductors, Electronics, Machinery",Export
India,Sweden,07-25,30333,"Natural Gas, Electronics, Machinery",Import
UAE,Switzerland,07-25,477221,"Electronics, Machinery, Chemicals",Import
Denmark,India,01-25,350908,"Natural Gas, Electronics, Machinery",Export
Belgium,Sweden,10-25,298240,"Pharmaceuticals, Machinery, Chemicals",Import
Austria,Vietnam,08-25,205545,"Vehicles, Machinery, Chemicals",Export
Italy,Germany,08-25,134303,"Fertilizers, Machinery, Electronics",Import
India,Canada,04-25,41202,"Pharmaceuticals, Machinery, Chemicals",Import
Australia,Thailand,04-25,324836,"Semiconductors, Electronics, Machinery",Export
Austria,Saudi Arabia,11-25,377900,"Electronics, Machinery, Chemicals",Import
Italy,Netherlands,05-25,55548,"Textiles, Footwear, Machinery",Export
Italy,United States,05-25,215166,"Gems, Jewelry, Pharmaceuticals",Export
Poland,Turkey,09-25,27004,"Fertilizers, Machinery, Electronics",Import
United States,Netherlands,06-25,225138,"Agricultural Products, Machinery, Chemicals",Export
Indonesia,United States,10-25,122845,"Electronics, Machinery, Vehicles",Export
Malaysia,South Korea,08-25,271961,"Machinery, Electronics, Vehicles",Import
Thailand,Spain,08-25,278345,"Fertilizers, Machinery, Electronics",Import
Spain,Russia,04-25,334294,"Iron Ore, Soybeans, Crude Oil",Export
Belgium,Germany,08-25,418628,"Natural Gas, Electronics, Machinery",Import
Mexico,India,05-25,357336,"Natural Gas, Electronics, Machinery",Import
Malaysia,Thailand,09-25,244338,"Vehicles, Machinery, Pharmaceuticals",Import
Saudi Arabia,Singapore,06-25,22141,"Semiconductors, Electronics, Machinery",Export
Vietnam,China,03-25,423891,"Electronics Components, Machinery, Fabrics",Import
Singapore,Canada,12-25,416520,"Aircraft, Machinery, Pharmaceuticals",Export
Netherlands,United Kingdom,02-25,277586,"Textiles, Footwear, Machinery",Export
Indonesia,Germany,02-25,131903,"Agricultural Products, Machinery, Chemicals",Export
Denmark,Mexico,01-25,73013,"Natural Gas, Electronics, Machinery",Export
Austria,Spain,01-25,15632,"Aircraft, Machinery, Pharmaceuticals",Export
Malaysia,Spain,01-25,245182,"Semiconductors, Electronics, Machinery",Export
Australia,Malaysia,06-25,298690,"Natural Gas, Electronics, Machinery",Export
Malaysia,Japan,08-25,250860,"Vehicles, Machinery, Pharmaceuticals",Import
Mexico,Indonesia,07-25,279542,"Vehicles, Machinery, Chemicals",Export
Belgium,Japan,07-25,373325,"Natural Gas, Electronics, Machinery",Export
Vietnam,Netherlands,01-25,294854,"Iron Ore, Soybeans, Crude Oil",Export
Singapore,South Africa,11-25,345544,"Crude Oil, Electronics, Gold",Import
Belgium,United States,10-25,349267,"Vehicles, Machinery, Chemicals",Export
Thailand,Indonesia,12-25,367596,"Semiconductors, Electronics, Machinery",Export
Sweden,Netherlands,04-25,214409,"Electronics Components, Machinery, Fabrics",Import
France,Turkey,03-25,11553,"Iron Ore, Soybeans, Crude Oil",Export
China,United States,08-25,71331,"Machinery, Electronics, Vehicles",Import
Canada,Indonesia,08-25,252521,"Pharmaceuticals, Chemicals, Machinery",Export
Mexico,Japan,08-25,255781,"Natural Gas, Electronics, Machinery",Import
Poland,China,06-25,469067,"Vehicles, Machinery, Chemicals",Export
Turkey,Malaysia,10-25,218201,"Gems, Jewelry, Pharmaceuticals",Export
South Korea,Italy,04-25,353259,"Iron Ore, Soybeans, Crude Oil",Export
Belgium,Thailand,12-25,78843,"Fertilizers, Machinery, Electronics",Import
Singapore,Saudi Arabia,03-25,109274,"Vehicles, Machinery, Pharmaceuticals",Import
Saudi Arabia,Belgium,06-25,6440,"Semiconductors, Electronics, Machinery",Export
Spain,South Africa,12-25,75784,"Natural Gas, Electronics, Machinery",Import
Singapore,Australia,05-25,339757,"Aircraft, Machinery, Pharmaceuticals",Export
Malaysia,Australia,08-25,150735,"Electronics, Machinery, Vehicles",Export
Sweden,Saudi Arabia,01-25,443829,"Natural Gas, Electronics, Machinery",Export
United Kingdom,South Africa,05-25,344508,"Pharmaceuticals, Chemicals, Machinery",Export
France,Switzerland,03-25,261296,"Electronics Components, Machinery, Fabrics",Import
Spain,Singapore,01-25,310289,"Electronics, Machinery, Vehicles",Export
Saudi Arabia,Malaysia,01-25,123943,"Iron Ore, Soybeans, Crude Oil",Export
Singapore,Indonesia,07-25,20016,"Fertilizers, Machinery, Electronics",Import
Switzerland,Canada,03-25,313033,"Natural Gas, Electronics, Machinery",Import
Spain,Netherlands,02-25,210151,"Pharmaceuticals, Machinery, Chemicals",Import
Spain,Russia,05-25,472992,"Agricultural Products, Machinery, Chemicals",Export
Belgium,Canada,02-25,49464,"Electronics Components, Machinery, Fabrics",Import
United States,Australia,02-25,222359,"Machinery, Electronics, Vehicles",Import
Poland,Switzerland,12-25,356982,"Natural Gas, Electronics, Machinery",Import
Mexico,Canada,09-25,132452,"Pharmaceuticals, Chemicals, Machinery",Export
UAE,Switzerland,01-25,349838,"Fertilizers, Machinery, Electronics",Import
South Korea,Russia,12-25,359801,"Electronics, Machinery, Vehicles",Export
Netherlands,United Kingdom,03-25,388139,"Semiconductors, Electronics, Machinery",Export
Japan,Australia,06-25,297456,"Crude Oil, Electronics, Gold",Import
Germany,Thailand,12-25,411015,"Electronics Components, Machinery, Fabrics",Import
Saudi Arabia,Singapore,03-25,198618,"Natural Gas, Electronics, Machinery",Export
Austria,Mexico,06-25,243808,"Aircraft, Machinery, Pharmaceuticals",Export
Norway,Italy,12-25,150109,"Semiconductors, Electronics, Machinery",Export
Spain,Mexico,08-25,323572,"Agricultural Products, Machinery, Chemicals",Export
Spain,Australia,09-25,183775,"Pharmaceuticals, Chemicals, Machinery",Export
Spain,Japan,06-25,2755,"Vehicles, Machinery, Pharmaceuticals",Import
Switzerland,China,01-25,381518,"Machinery, Electronics, Vehicles",Import
Malaysia,Poland,08-25,255947,"Natural Gas, Electronics, Machinery",Import
Indonesia,Australia,08-25,52504,"Gems, Jewelry, Pharmaceuticals",Export
Sweden,Australia,06-25,365067,"Natural Gas, Electronics, Machinery",Import
Norway,United Kingdom,05-25,382785,"Electronics, Machinery, Chemicals",Import
Germany,China,07-25,318534,"Electronics, Machinery, Vehicles",Export
Sweden,Spain,12-25,21871,"Textiles, Footwear, Machinery",Export
Indonesia,South Africa,01-25,306184,"Semiconductors, Electronics, Machinery",Export
China,South Africa,03-25,13619,"Crude Oil, Electronics, Gold",Import
Singapore,South Africa,05-25,463344,"Machinery, Electronics, Vehicles",Import
Italy,Turkey,03-25,199921,"Vehicles, Machinery, Pharmaceuticals",Import
Denmark,Japan,11-25,50544,"Gems, Jewelry, Pharmaceuticals",Export
Turkey,Indonesia,06-25,103001,"Gems, Jewelry, Pharmaceuticals",Export
Malaysia,Switzerland,07-25,488808,"Natural Gas, Electronics, Machinery",Export
Poland,South Korea,03-25,24368,"Electronics, Machinery, Vehicles",Export
Germany,China,04-25,23821,"Agricultural Products, Machinery, Chemicals",Export
United States,Italy,01-25,133375,"Pharmaceuticals, Machinery, Chemicals",Import
Belgium,India,01-25,161790,"Electronics, Machinery, Chemicals",Import
Brazil,United Kingdom,10-25,452253,"Pharmaceuticals, Machinery, Chemicals",Import
India,Japan,04-25,420532,"Natural Gas, Electronics, Machinery",Import
Australia,France,01-25,144401,"Pharmaceuticals, Machinery, Chemicals",Import
United Kingdom,South Korea,04-25,478805,"Aircraft, Machinery, Pharmaceuticals",Export
Germany,France,02-25,483718,"Aircraft, Machinery, Pharmaceuticals",Export
Germany,Poland,05-25,194440,"Electronics, Machinery, Chemicals",Import
Norway,Italy,06-25,357393,"Pharmaceuticals, Chemicals, Machinery",Export
Thailand,Singapore,03-25,474315,"Pharmaceuticals, Machinery, Chemicals",Import
UAE,Thailand,09-25,119956,"Electronics Components, Machinery, Fabrics",Import
Norway,Malaysia,02-25,37574,"Agricultural Products, Machinery, Chemicals",Export
Switzerland,South Korea,03-25,77216,"Electronics, Machinery, Chemicals",Import
Turkey,Vietnam,10-25,48675,"Vehicles, Machinery, Pharmaceuticals",Import
Brazil,Indonesia,07-25,100915,"Fertilizers, Machinery, Electronics",Import
China,Spain,09-25,224659,"Electronics, Machinery, Chemicals",Import
Poland,Brazil,01-25,295182,"Agricultural Products, Machinery, Chemicals",Export
France,China,09-25,89271,"Aircraft, Machinery, Pharmaceuticals",Export
Denmark,Netherlands,05-25,409033,"Agricultural Products, Machinery, Chemicals",Export
United Kingdom,Thailand,12-25,144922,"Fertilizers, Machinery, Electronics",Import
UAE,Poland,04-25,381984,"Electronics Components, Machinery, Fabrics",Import
Netherlands,Turkey,12-25,333472,"Natural Gas, Electronics, Machinery",Import
Australia,China,05-25,23034,"Pharmaceuticals, Machinery, Chemicals",Import
Netherlands,Italy,06-25,313496,"Machinery, Electronics, Vehicles",Import
Spain,Japan,12-25,317221,"Electronics Components, Machinery, Fabrics",Import
France,India,03-25,11116,"Agricultural Products, Machinery, Chemicals",Export
United States,India,06-25,448240,"Vehicles, Machinery, Chemicals",Export
Sweden,Vietnam,08-25,234037,"Pharmaceuticals, Chemicals, Machinery",Export
Saudi Arabia,India,05-25,99424,"Pharmaceuticals, Machinery, Chemicals",Import
Mexico,France,09-25,220355,"Vehicles, Machinery, Pharmaceuticals",Import
Denmark,Japan,10-25,172524,"Machinery, Electronics, Vehicles",Import
Saudi Arabia,Sweden,08-25,369768,"Electronics Components, Machinery, Fabrics",Import
Belgium,Singapore,12-25,366761,"Fertilizers, Machinery, Electronics",Import
Switzerland,Russia,07-25,317354,"Agricultural Products, Machinery, Chemicals",Export
Japan,Russia,02-25,187917,"Electronics, Machinery, Chemicals",Import
Indonesia,Italy,03-25,10155,"Natural Gas, Electronics, Machinery",Export
Malaysia,Germany,08-25,236500,"Iron Ore, Soybeans, Crude Oil",Export
Denmark,South Korea,12-25,123630,"Textiles, Footwear, Machinery",Export
South Korea,India,02-25,312814,"Natural Gas, Electronics, Machinery",Export
Vietnam,China,08-25,115379,"Gems, Jewelry, Pharmaceuticals",Export
Singapore,Netherlands,08-25,448132,"Agricultural Products, Machinery, Chemicals",Export
Australia,France,10-25,271543,"Aircraft, Machinery, Pharmaceuticals",Export
Norway,Poland,09-25,39521,"Pharmaceuticals, Chemicals, Machinery",Export
Australia,Japan,07-25,335344,"Vehicles, Machinery, Chemicals",Export
Turkey,United Kingdom,03-25,13192,"Crude Oil, Electronics, Gold",Import
Norway,France,03-25,208070,"Agricultural Products, Machinery, Chemicals",Export
Sweden,Norway,05-25,32927,"Aircraft, Machinery, Pharmaceuticals",Export
Germany,United States,10-25,414041,"Aircraft, Machinery, Pharmaceuticals",Export
Italy,Malaysia,12-25,418987,"Gems, Jewelry, Pharmaceuticals",Export
Indonesia,Poland,11-25,305077,"Electronics, Machinery, Chemicals",Import
Germany,Russia,04-25,11516,"Pharmaceuticals, Chemicals, Machinery",Export
Spain,Netherlands,06-25,388490,"Machinery, Electronics, Vehicles",Import
Germany,Spain,09-25,84211,"Electronics Components, Machinery, Fabrics",Import
Thailand,India,01-25,245073,"Fertilizers, Machinery, Electronics",Import
Mexico,Vietnam,09-25,85314,"Vehicles, Machinery, Pharmaceuticals",Import
UAE,United Kingdom,01-25,392065,"Electronics, Machinery, Chemicals",Import
Netherlands,Japan,09-25,154451,"Machinery, Electronics, Vehicles",Import
Mexico,Norway,01-25,477937,"Fertilizers, Machinery, Electronics",Import
Belgium,Germany,02-25,72488,"Agricultural Products, Machinery, Chemicals",Export
Saudi Arabia,Switzerland,11-25,313940,"Textiles, Footwear, Machinery",Export
Switzerland,Vietnam,09-25,293951,"Natural Gas, Electronics, Machinery",Export
Canada,Singapore,08-25,226321,"Gems, Jewelry, Pharmaceuticals",Export
Switzerland,Canada,03-25,144635,"Vehicles, Machinery, Pharmaceuticals",Import
Saudi Arabia,Malaysia,05-25,479332,"Vehicles, Machinery, Pharmaceuticals",Import
Austria,Brazil,05-25,120855,"Crude Oil, Electronics, Gold",Import
Thailand,Vietnam,01-25,183863,"Fertilizers, Machinery, Electronics",Import
Switzerland,Thailand,01-25,317157,"Aircraft, Machinery, Pharmaceuticals",Export
Brazil,Thailand,04-25,222061,"Electronics, Machinery, Chemicals",Import
Australia,Italy,01-25,317340,"Agricultural Products, Machinery, Chemicals",Export
United Kingdom,Thailand,01-25,471882,"Semiconductors, Electronics, Machinery",Export
Germany,Malaysia,09-25,76072,"Textiles, Footwear, Machinery",Export
Turkey,Australia,04-25,50566,"Textiles, Footwear, Machinery",Export
Germany,Sweden,02-25,349685,"Vehicles, Machinery, Pharmaceuticals",Import
China,South Korea,09-25,42178,"Electronics, Machinery, Vehicles",Export
UAE,India,12-25,481688,"Electronics Components, Machinery, Fabrics",Import
United States,Japan,05-25,444417,"Semiconductors, Electronics, Machinery",Export
Thailand,Brazil,04-25,375599,"Gems, Jewelry, Pharmaceuticals",Export
Australia,Singapore,09-25,83140,"Iron Ore, Soybeans, Crude Oil",Export
Italy,Canada,02-25,344626,"Fertilizers, Machinery, Electronics",Import
Vietnam,Mexico,08-25,16079,"Vehicles, Machinery, Chemicals",Export
Netherlands,South Africa,03-25,273170,"Gems, Jewelry, Pharmaceuticals",Export
Thailand,Mexico,10-25,63809,"Gems, Jewelry, Pharmaceuticals",Export
Australia,Malaysia,07-25,431039,"Electronics Components, Machinery, Fabrics",Import
Sweden,Turkey,04-25,43257,"Pharmaceuticals, Chemicals, Machinery",Export
Singapore,Germany,01-25,188526,"Vehicles, Machinery, Chemicals",Export
South Korea,Switzerland,12-25,200815,"Electronics Components, Machinery, Fabrics",Import
Denmark,Canada,02-25,66178,"Crude Oil, Electronics, Gold",Import
Turkey,Australia,07-25,97989,"Machinery, Electronics, Vehicles",Import
India,UAE,10-25,277669,"Gems, Jewelry, Pharmaceuticals",Export
Canada,UAE,11-25,441081,"Electronics Components, Machinery, Fabrics",Import
Switzerland,South Korea,03-25,173880,"Natural Gas, Electronics, Machinery",Import
Malaysia,Belgium,09-25,479072,"Machinery, Electronics, Vehicles",Import
China,Vietnam,06-25,473157,"Aircraft, Machinery, Pharmaceuticals",Export
Mexico,Japan,11-25,72363,"Pharmaceuticals, Machinery, Chemicals",Import
China,Vietnam,12-25,421070,"Electronics Components, Machinery, Fabrics",Import
Vietnam,Turkey,09-25,469392,"Electronics Components, Machinery, Fabrics",Import
Switzerland,Saudi Arabia,12-25,350636,"Vehicles, Machinery, Chemicals",Export
Belgium,Sweden,06-25,482629,"Pharmaceuticals, Machinery, Chemicals",Import
Saudi Arabia,Russia,08-25,61588,"Vehicles, Machinery, Chemicals",Export
Brazil,Poland,04-25,400536,"Electronics Components, Machinery, Fabrics",Import
Belgium,South Korea,01-25,19444,"Crude Oil, Electronics, Gold",Import
South Korea,Poland,10-25,293780,"Electronics, Machinery, Vehicles",Export
Germany,Australia,03-25,68823,"Vehicles, Machinery, Chemicals",Export
Japan,Germany,09-25,24937,"Machinery, Electronics, Vehicles",Import
Germany,Mexico,06-25,305594,"Natural Gas, Electronics, Machinery",Import
South Korea,Belgium,07-25,363949,"Natural Gas, Electronics, Machinery",Import
Netherlands,South Korea,10-25,273584,"Pharmaceuticals, Chemicals, Machinery",Export
Saudi Arabia,France,09-25,41181,"Electronics, Machinery, Vehicles",Export
Norway,Malaysia,07-25,5355,"Agricultural Products, Machinery, Chemicals",Export
Australia,Poland,08-25,98348,"Pharmaceuticals, Chemicals, Machinery",Export
Switzerland,Vietnam,11-25,451398,"Electronics, Machinery, Chemicals",Import
Netherlands,Switzerland,01-25,292808,"Electronics, Machinery, Chemicals",Import
Malaysia,Turkey,06-25,146992,"Gems, Jewelry, Pharmaceuticals",Export
Saudi Arabia,Australia,05-25,329745,"Semiconductors, Electronics, Machinery",Export
India,Switzerland,05-25,113280,"Vehicles, Machinery, Pharmaceuticals",Import
United States,Indonesia,11-25,34354,"Crude Oil, Electronics, Gold",Import
South Korea,Switzerland,10-25,447536,"Natural Gas, Electronics, Machinery",Import
Netherlands,Saudi Arabia,12-25,9044,"Iron Ore, Soybeans, Crude Oil",Export
China,Switzerland,10-25,52694,"Vehicles, Machinery, Pharmaceuticals",Import
Austria,UAE,01-25,392324,"Agricultural Products, Machinery, Chemicals",Export
Vietnam,Mexico,05-25,475543,"Natural Gas, Electronics, Machinery",Export
UAE,United Kingdom,03-25,87151,"Natural Gas, Electronics, Machinery",Export
Belgium,Germany,08-25,274793,"Electronics Components, Machinery, Fabrics",Import
UAE,Norway,08-25,331557,"Aircraft, Machinery, Pharmaceuticals",Export
Vietnam,Norway,09-25,266541,"Electronics, Machinery, Chemicals",Import
Indonesia,South Africa,06-25,416829,"Vehicles, Machinery, Pharmaceuticals",Import
Sweden,Australia,05-25,289896,"Electronics Components, Machinery, Fabrics",Import
Austria,Singapore,05-25,236875,"Iron Ore, Soybeans, Crude Oil",Export
Norway,Mexico,10-25,397744,"Semiconductors, Electronics, Machinery",Export
Australia,France,03-25,193933,"Electronics Components, Machinery, Fabrics",Import
Malaysia,China,09-25,30629,"Aircraft, Machinery, Pharmaceuticals",Export
Austria,Thailand,10-25,444461,"Pharmaceuticals, Chemicals, Machinery",Export
Mexico,United States,06-25,451442,"Electronics, Machinery, Chemicals",Import
Malaysia,Sweden,05-25,342212,"Vehicles, Machinery, Pharmaceuticals",Import
Singapore,Malaysia,02-25,390461,"Gems, Jewelry, Pharmaceuticals",Export
China,South Africa,03-25,371023,"Semiconductors, Electronics, Machinery",Export
Germany,Australia,12-25,429204,"Electronics Components, Machinery, Fabrics",Import
China,Japan,04-25,467742,"Fertilizers, Machinery, Electronics",Import
Vietnam,Australia,01-25,25357,"Electronics Components, Machinery, Fabrics",Import
Turkey,UAE,05-25,71826,"Natural Gas, Electronics, Machinery",Import
Norway,Indonesia,07-25,213145,"Pharmaceuticals, Machinery, Chemicals",Import
United States,Russia,07-25,83668,"Textiles, Footwear, Machinery",Export
United Kingdom,Brazil,03-25,399237,"Natural Gas, Electronics, Machinery",Export
France,Belgium,11-25,264229,"Fertilizers, Machinery, Electronics",Import
United States,Norway,12-25,484680,"Vehicles, Machinery, Pharmaceuticals",Import
Poland,Italy,11-25,197709,"Gems, Jewelry, Pharmaceuticals",Export
India,Italy,05-25,59810,"Machinery, Electronics, Vehicles",Import
Australia,France,11-25,409133,"Electronics Components, Machinery, Fabrics",Import
Poland,Switzerland,08-25,255748,"Electronics Components, Machinery, Fabrics",Import
Switzerland,India,02-25,286331,"Vehicles, Machinery, Chemicals",Export
Japan,South Korea,04-25,238225,"Iron Ore, Soybeans, Crude Oil",Export
Netherlands,Sweden,04-25,416564,"Textiles, Footwear, Machinery",Export
India,Indonesia,06-25,423173,"Fertilizers, Machinery, Electronics",Import
South Korea,Canada,10-25,427690,"Semiconductors, Electronics, Machinery",Export
Indonesia,United States,10-25,318562,"Fertilizers, Machinery, Electronics",Import
Italy,Netherlands,11-25,421081,"Electronics, Machinery, Chemicals",Import
UAE,Vietnam,01-25,497046,"Vehicles, Machinery, Pharmaceuticals",Import
Canada,Vietnam,04-25,201408,"Electronics Components, Machinery, Fabrics",Import
Italy,Poland,10-25,327625,"Pharmaceuticals, Chemicals, Machinery",Export
Spain,Vietnam,11-25,420946,"Electronics, Machinery, Chemicals",Import
Sweden,South Korea,11-25,70744,"Electronics Components, Machinery, Fabrics",Import
Norway,Singapore,07-25,356160,"Textiles, Footwear, Machinery",Export
Poland,Thailand,09-25,53321,"Vehicles, Machinery, Pharmaceuticals",Import
Germany,United States,03-25,160499,"Semiconductors, Electronics, Machinery",Export
Switzerland,Turkey,08-25,291741,"Natural Gas, Electronics, Machinery",Import
India,Vietnam,07-25,415983,"Electronics, Machinery, Vehicles",Export
Poland,Russia,05-25,485488,"Pharmaceuticals, Machinery, Chemicals",Import
United Kingdom,Singapore,09-25,239117,"Electronics Components, Machinery, Fabrics",Import
Switzerland,Poland,11-25,11892,"Electronics, Machinery, Vehicles",Export
South Korea,Singapore,07-25,90524,"Electronics, Machinery, Chemicals",Import
Denmark,Canada,05-25,160615,"Vehicles, Machinery, Chemicals",Export
Japan,South Africa,01-25,322589,"Textiles, Footwear, Machinery",Export
Netherlands,Spain,09-25,348327,"Crude Oil, Electronics, Gold",Import
Brazil,South Korea,04-25,119261,"Agricultural Products, Machinery, Chemicals",Export
Thailand,South Korea,09-25,48203,"Crude Oil, Electronics, Gold",Import
UAE,Australia,08-25,287557,"Crude Oil, Electronics, Gold",Import
France,Netherlands,10-25,320354,"Pharmaceuticals, Chemicals, Machinery",Export
Denmark,Spain,04-25,205507,"Natural Gas, Electronics, Machinery",Import
United Kingdom,Japan,02-25,348418,"Fertilizers, Machinery, Electronics",Import
United Kingdom,South Korea,12-25,498121,"Vehicles, Machinery, Pharmaceuticals",Import
China,Brazil,03-25,310150,"Fertilizers, Machinery, Electronics",Import
Singapore,Sweden,05-25,308602,"Textiles, Footwear, Machinery",Export
Japan,South Africa,07-25,128085,"Gems, Jewelry, Pharmaceuticals",Export
Sweden,Norway,11-25,347075,"Pharmaceuticals, Chemicals, Machinery",Export
Canada,France,11-25,397084,"Agricultural Products, Machinery, Chemicals",Export
United Kingdom,UAE,05-25,109058,"Vehicles, Machinery, Chemicals",Export
Germany,Brazil,04-25,52239,"Machinery, Electronics, Vehicles",Import
South Korea,Poland,10-25,236654,"Electronics Components, Machinery, Fabrics",Import
Mexico,India,10-25,376135,"Aircraft, Machinery, Pharmaceuticals",Export
India,Italy,08-25,210668,"Electronics, Machinery, Chemicals",Import
Thailand,Singapore,09-25,128713,"Electronics, Machinery, Chemicals",Import
Netherlands,South Korea,09-25,228897,"Textiles, Footwear, Machinery",Export
Mexico,Norway,11-25,355550,"Pharmaceuticals, Machinery, Chemicals",Import
Thailand,Poland,01-25,244625,"Textiles, Footwear, Machinery",Export
Turkey,Malaysia,08-25,124028,"Natural Gas, Electronics, Machinery",Export
India,Spain,04-25,287186,"Electronics, Machinery, Chemicals",Import
Canada,Belgium,06-25,419600,"Electronics, Machinery, Chemicals",Import
Canada,Switzerland,10-25,440892,"Electronics Components, Machinery, Fabrics",Import
India,Russia,06-25,496359,"Vehicles, Machinery, Pharmaceuticals",Import
Turkey,United States,04-25,267032,"Vehicles, Machinery, Chemicals",Export
Norway,Italy,07-25,414998,"Electronics Components, Machinery, Fabrics",Import
United Kingdom,Australia,01-25,406228,"Natural Gas, Electronics, Machinery",Import
Canada,Spain,02-25,283164,"Electronics, Machinery, Vehicles",Export
France,Japan,10-25,126578,"Semiconductors, Electronics, Machinery",Export
Sweden,South Africa,12-25,489564,"Pharmaceuticals, Machinery, Chemicals",Import
United Kingdom,Singapore,11-25,400511,"Iron Ore, Soybeans, Crude Oil",Export
Norway,United States,08-25,168280,"Pharmaceuticals, Machinery, Chemicals",Import
Austria,Netherlands,04-25,313865,"Agricultural Products, Machinery, Chemicals",Export
Spain,India,02-25,455435,"Fertilizers, Machinery, Electronics",Import
Singapore,Belgium,05-25,441765,"Aircraft, Machinery, Pharmaceuticals",Export
Singapore,Sweden,01-25,36558,"Electronics Components, Machinery, Fabrics",Import
Norway,Brazil,10-25,423812,"Natural Gas, Electronics, Machinery",Import
China,Russia,06-25,28785,"Natural Gas, Electronics, Machinery",Import
Netherlands,Mexico,11-25,433435,"Aircraft, Machinery, Pharmaceuticals",Export
Switzerland,Singapore,10-25,26138,"Pharmaceuticals, Chemicals, Machinery",Export
Indonesia,Germany,06-25,371425,"Machinery, Electronics, Vehicles",Import
Japan,United States,04-25,477360,"Iron Ore, Soybeans, Crude Oil",Export
Australia,Sweden,03-25,291503,"Fertilizers, Machinery, Electronics",Import
Singapore,Sweden,09-25,383650,"Agricultural Products, Machinery, Chemicals",Export
Australia,Indonesia,05-25,466317,"Electronics, Machinery, Vehicles",Export
India,Vietnam,05-25,469679,"Aircraft, Machinery, Pharmaceuticals",Export
United States,Netherlands,05-25,229695,"Electronics Components, Machinery, Fabrics",Import
Canada,Poland,03-25,184557,"Vehicles, Machinery, Pharmaceuticals",Import
Belgium,Netherlands,10-25,372954,"Agricultural Products, Machinery, Chemicals",Export
Singapore,Saudi Arabia,05-25,266283,"Aircraft, Machinery, Pharmaceuticals",Export
United States,China,06-25,4206,"Aircraft, Machinery, Pharmaceuticals",Export
Denmark,Sweden,12-25,387142,"Machinery, Electronics, Vehicles",Import
Poland,United States,02-25,178720,"Gems, Jewelry, Pharmaceuticals",Export
Netherlands,Norway,07-25,237655,"Electronics Components, Machinery, Fabrics",Import
Poland,Brazil,06-25,74523,"Fertilizers, Machinery, Electronics",Import
India,South Africa,04-25,66189,"Agricultural Products, Machinery, Chemicals",Export
Poland,France,02-25,436115,"Gems, Jewelry, Pharmaceuticals",Export
UAE,United States,08-25,245512,"Natural Gas, Electronics, Machinery",Import
Netherlands,Malaysia,08-25,289317,"Agricultural Products, Machinery, Chemicals",Export
Norway,India,07-25,428493,"Aircraft, Machinery, Pharmaceuticals",Export
Poland,UAE,06-25,199388,"Gems, Jewelry, Pharmaceuticals",Export
Italy,Indonesia,05-25,171676,"Machinery, Electronics, Vehicles",Import
Norway,United States,11-25,193951,"Electronics, Machinery, Vehicles",Export
Belgium,Vietnam,09-25,424529,"Pharmaceuticals, Chemicals, Machinery",Export
Turkey,Belgium,06-25,57807,"Natural Gas, Electronics, Machinery",Import
Saudi Arabia,Norway,04-25,392592,"Agricultural Products, Machinery, Chemicals",Export
Denmark,Thailand,08-25,125793,"Aircraft, Machinery, Pharmaceuticals",Export
United States,Belgium,03-25,3417,"Crude Oil, Electronics, Gold",Import
China,Netherlands,11-25,282675,"Gems, Jewelry, Pharmaceuticals",Export
Austria,United States,09-25,362745,"Electronics, Machinery, Chemicals",Import
Thailand,Germany,04-25,176047,"Semiconductors, Electronics, Machinery",Export
Poland,Brazil,12-25,26165,"Machinery, Electronics, Vehicles",Import
Thailand,Turkey,01-25,183662,"Fertilizers, Machinery, Electronics",Import
Belgium,South Korea,06-25,478866,"Vehicles, Machinery, Pharmaceuticals",Import
Norway,Indonesia,10-25,120676,"Electronics Components, Machinery, Fabrics",Import
Germany,Sweden,06-25,172574,"Aircraft, Machinery, Pharmaceuticals",Export
United Kingdom,Japan,12-25,476160,"Vehicles, Machinery, Chemicals",Export
Malaysia,Vietnam,11-25,247271,"Fertilizers, Machinery, Electronics",Import
Denmark,Sweden,10-25,84468,"Iron Ore, Soybeans, Crude Oil",Export
Malaysia,Singapore,11-25,179960,"Pharmaceuticals, Machinery, Chemicals",Import
Denmark,Netherlands,08-25,316083,"Crude Oil, Electronics, Gold",Import
Switzerland,Malaysia,05-25,487880,"Electronics, Machinery, Vehicles",Export
Denmark,Russia,08-25,336590,"Vehicles, Machinery, Chemicals",Export
Australia,Mexico,10-25,170953,"Gems, Jewelry, Pharmaceuticals",Export
Netherlands,United Kingdom,07-25,446456,"Semiconductors, Electronics, Machinery",Export
Singapore,France,07-25,370495,"Pharmaceuticals, Chemicals, Machinery",Export
India,South Africa,10-25,336693,"Gems, Jewelry, Pharmaceuticals",Export
Turkey,Russia,09-25,254031,"Vehicles, Machinery, Pharmaceuticals",Import
Singapore,Brazil,07-25,409468,"Pharmaceuticals, Machinery, Chemicals",Import
Australia,Netherlands,10-25,25428,"Fertilizers, Machinery, Electronics",Import
Norway,South Africa,05-25,181190,"Electronics, Machinery, Vehicles",Export
Poland,Germany,02-25,313720,"Machinery, Electronics, Vehicles",Import
UAE,Australia,11-25,429526,"Pharmaceuticals, Machinery, Chemicals",Import
India,United Kingdom,07-25,188818,"Natural Gas, Electronics, Machinery",Import
India,Thailand,09-25,287490,"Electronics Components, Machinery, Fabrics",Import
Vietnam,Italy,02-25,54555,"Iron Ore, Soybeans, Crude Oil",Export
Japan,Brazil,08-25,446212,"Crude Oil, Electronics, Gold",Import
South Korea,Belgium,04-25,136931,"Pharmaceuticals, Chemicals, Machinery",Export
Italy,Russia,09-25,246842,"Fertilizers, Machinery, Electronics",Import
Belgium,Vietnam,07-25,127448,"Fertilizers, Machinery, Electronics",Import
Mexico,Netherlands,11-25,16964,"Electronics Components, Machinery, Fabrics",Import
India,United Kingdom,03-25,482219,"Pharmaceuticals, Chemicals, Machinery",Export
Japan,South Korea,06-25,317515,"Fertilizers, Machinery, Electronics",Import
Brazil,Spain,06-25,158861,"Machinery, Electronics, Vehicles",Import
Spain,Mexico,06-25,116124,"Pharmaceuticals, Machinery, Chemicals",Import
Thailand,Singapore,07-25,382388,"Textiles, Footwear, Machinery",Export
China,Netherlands,10-25,106754,"Fertilizers, Machinery, Electronics",Import
Mexico,United States,08-25,444578,"Natural Gas, Electronics, Machinery",Import
Saudi Arabia,Switzerland,12-25,253251,"Iron Ore, Soybeans, Crude Oil",Export
Germany,UAE,04-25,325387,"Pharmaceuticals, Machinery, Chemicals",Import
Belgium,Russia,08-25,436952,"Crude Oil, Electronics, Gold",Import
Switzerland,Belgium,01-25,93028,"Electronics Components, Machinery, Fabrics",Import
Indonesia,Japan,08-25,333358,"Electronics, Machinery, Chemicals",Import
Denmark,Italy,11-25,59304,"Pharmaceuticals, Chemicals, Machinery",Export
India,Saudi Arabia,11-25,297029,"Agricultural Products, Machinery, Chemicals",Export
Singapore,Russia,05-25,93506,"Vehicles, Machinery, Chemicals",Export
South Korea,South Africa,08-25,109272,"Iron Ore, Soybeans, Crude Oil",Export
Turkey,Mexico,02-25,123911,"Natural Gas, Electronics, Machinery",Export
Vietnam,Spain,01-25,331834,"Electronics, Machinery, Chemicals",Import
Malaysia,South Korea,12-25,245406,"Pharmaceuticals, Machinery, Chemicals",Import
South Korea,Belgium,12-25,116696,"Electronics, Machinery, Vehicles",Export
South Korea,Brazil,07-25,209284,"Electronics, Machinery, Vehicles",Export
United States,Turkey,09-25,111362,"Pharmaceuticals, Chemicals, Machinery",Export
France,Turkey,01-25,215334,"Vehicles, Machinery, Pharmaceuticals",Import
UAE,United States,02-25,81888,"Electronics, Machinery, Vehicles",Export
Canada,Thailand,05-25,436083,"Natural Gas, Electronics, Machinery",Import
Spain,United Kingdom,12-25,413401,"Electronics Components, Machinery, Fabrics",Import
Singapore,Japan,07-25,470971,"Natural Gas, Electronics, Machinery",Export
Indonesia,Vietnam,12-25,195005,"Gems, Jewelry, Pharmaceuticals",Export
Indonesia,Poland,08-25,7115,"Electronics, Machinery, Chemicals",Import
Brazil,Poland,10-25,351218,"Iron Ore, Soybeans, Crude Oil",Export
Netherlands,Germany,04-25,358014,"Crude Oil, Electronics, Gold",Import
Netherlands,Thailand,05-25,423559,"Vehicles, Machinery, Chemicals",Export
Mexico,Malaysia,11-25,374379,"Electronics Components, Machinery, Fabrics",Import
UAE,Norway,08-25,404865,"Semiconductors, Electronics, Machinery",Export
United States,Saudi Arabia,05-25,339749,"Machinery, Electronics, Vehicles",Import
India,Germany,03-25,45066,"Electronics, Machinery, Chemicals",Import
Netherlands,India,10-25,15487,"Textiles, Footwear, Machinery",Export
Vietnam,Singapore,02-25,167913,"Vehicles, Machinery, Pharmaceuticals",Import
Sweden,Singapore,09-25,107695,"Fertilizers, Machinery, Electronics",Import
Netherlands,Japan,06-25,406160,"Agricultural Products, Machinery, Chemicals",Export
Denmark,India,02-25,118731,"Fertilizers, Machinery, Electronics",Import
Sweden,Russia,09-25,254368,"Natural Gas, Electronics, Machinery",Import
Mexico,Germany,01-25,181156,"Natural Gas, Electronics, Machinery",Import
Italy,Brazil,08-25,280229,"Natural Gas, Electronics, Machinery",Export
Italy,United Kingdom,10-25,440199,"Textiles, Footwear, Machinery",Export
Norway,Singapore,05-25,255946,"Electronics, Machinery, Chemicals",Import
Denmark,Turkey,06-25,262383,"Crude Oil, Electronics, Gold",Import
Japan,United Kingdom,09-25,408203,"Electronics, Machinery, Chemicals",Import
Singapore,Japan,12-25,163379,"Pharmaceuticals, Machinery, Chemicals",Import
Thailand,Vietnam,03-25,200576,"Pharmaceuticals, Machinery, Chemicals",Import
Germany,Spain,06-25,446699,"Agricultural Products, Machinery, Chemicals",Export
Italy,Germany,04-25,286386,"Electronics, Machinery, Chemicals",Import
Turkey,Belgium,07-25,372935,"Semiconductors, Electronics, Machinery",Export
Germany,Malaysia,11-25,94565,"Vehicles, Machinery, Pharmaceuticals",Import
Austria,Sweden,12-25,458622,"Electronics, Machinery, Chemicals",Import
Switzerland,Sweden,12-25,173098,"Vehicles, Machinery, Chemicals",Export
Indonesia,Turkey,06-25,485458,"Electronics, Machinery, Chemicals",Import
Malaysia,Thailand,01-25,62257,"Electronics, Machinery, Chemicals",Import
Denmark,United Kingdom,04-25,257740,"Textiles, Footwear, Machinery",Export
Saudi Arabia,China,01-25,99296,"Textiles, Footwear, Machinery",Export
Canada,Spain,12-25,275252,"Electronics Components, Machinery, Fabrics",Import
Denmark,Switzerland,11-25,172023,"Pharmaceuticals, Machinery, Chemicals",Import
Canada,Poland,05-25,22172,"Semiconductors, Electronics, Machinery",Export
Australia,Japan,07-25,354108,"Textiles, Footwear, Machinery",Export
Poland,Singapore,07-25,471194,"Aircraft, Machinery, Pharmaceuticals",Export
Australia,Malaysia,01-25,283093,"Aircraft, Machinery, Pharmaceuticals",Export
Australia,Canada,05-25,236355,"Electronics, Machinery, Chemicals",Import
Australia,China,07-25,69863,"Semiconductors, Electronics, Machinery",Export
Austria,Saudi Arabia,05-25,198452,"Pharmaceuticals, Chemicals, Machinery",Export
Italy,Sweden,03-25,214959,"Pharmaceuticals, Machinery, Chemicals",Import
Indonesia,Thailand,08-25,237146,"Fertilizers, Machinery, Electronics",Import
Brazil,Turkey,01-25,74638,"Aircraft, Machinery, Pharmaceuticals",Export
Japan,UAE,12-25,182190,"Natural Gas, Electronics, Machinery",Export
Denmark,Poland,08-25,184818,"Aircraft, Machinery, Pharmaceuticals",Export
Norway,Russia,05-25,179823,"Electronics Components, Machinery, Fabrics",Import
Norway,Switzerland,05-25,283161,"Vehicles, Machinery, Chemicals",Export
Singapore,Italy,08-25,66522,"Vehicles, Machinery, Pharmaceuticals",Import
Turkey,Singapore,03-25,247363,"Natural Gas, Electronics, Machinery",Export
Australia,Japan,01-25,182674,"Gems, Jewelry, Pharmaceuticals",Export
Poland,United Kingdom,06-25,319214,"Natural Gas, Electronics, Machinery",Export
Turkey,India,10-25,43084,"Electronics Components, Machinery, Fabrics",Import
Australia,South Africa,03-25,14486,"Textiles, Footwear, Machinery",Export
Japan,Switzerland,11-25,311005,"Natural Gas, Electronics, Machinery",Export
Austria,Thailand,04-25,119658,"Crude Oil, Electronics, Gold",Import
Belgium,South Africa,01-25,375523,"Aircraft, Machinery, Pharmaceuticals",Export
Saudi Arabia,Canada,02-25,327354,"Electronics, Machinery, Vehicles",Export
Denmark,India,03-25,56959,"Electronics, Machinery, Chemicals",Import
Turkey,Canada,05-25,478979,"Electronics, Machinery, Chemicals",Import
Poland,Sweden,11-25,242017,"Electronics Components, Machinery, Fabrics",Import
Belgium,China,08-25,492256,"Natural Gas, Electronics, Machinery",Import
China,Vietnam,01-25,307901,"Aircraft, Machinery, Pharmaceuticals",Export
Brazil,South Africa,07-25,88780,"Semiconductors, Electronics, Machinery",Export
China,Mexico,03-25,49707,"Electronics Components, Machinery, Fabrics",Import
Singapore,Switzerland,05-25,35656,"Agricultural Products, Machinery, Chemicals",Export
Norway,Canada,11-25,257662,"Natural Gas, Electronics, Machinery",Import
Belgium,India,06-25,63239,"Electronics, Machinery, Vehicles",Export
United States,Brazil,01-25,497966,"Electronics Components, Machinery, Fabrics",Import
Saudi Arabia,Australia,03-25,161920,"Electronics, Machinery, Vehicles",Export
Sweden,Australia,01-25,17212,"Machinery, Electronics, Vehicles",Import
United States,South Africa,06-25,380987,"Natural Gas, Electronics, Machinery",Import
Italy,Sweden,08-25,322536,"Fertilizers, Machinery, Electronics",Import
Canada,Thailand,11-25,82765,"Textiles, Footwear, Machinery",Export
Switzerland,Turkey,04-25,359343,"Gems, Jewelry, Pharmaceuticals",Export
Sweden,Australia,04-25,33782,"Pharmaceuticals, Machinery, Chemicals",Import
South Korea,Turkey,02-25,188474,"Natural Gas, Electronics, Machinery",Import
Mexico,South Africa,12-25,225361,"Electronics Components, Machinery, Fabrics",Import
UAE,France,05-25,162623,"Natural Gas, Electronics, Machinery",Import
Poland,India,07-25,351456,"Pharmaceuticals, Chemicals, Machinery",Export
Singapore,UAE,11-25,138343,"Crude Oil, Electronics, Gold",Import
Denmark,Canada,09-25,90757,"Fertilizers, Machinery, Electronics",Import
Switzerland,Netherlands,11-25,105293,"Gems, Jewelry, Pharmaceuticals",Export
Norway,Canada,02-25,179920,"Fertilizers, Machinery, Electronics",Import
UAE,United Kingdom,05-25,62193,"Textiles, Footwear, Machinery",Export
India,UAE,11-25,327181,"Semiconductors, Electronics, Machinery",Export
UAE,Germany,05-25,311369,"Machinery, Electronics, Vehicles",Import
Netherlands,Poland,01-25,332017,"Agricultural Products, Machinery, Chemicals",Export
Canada,South Africa,08-25,160576,"Agricultural Products, Machinery, Chemicals",Export
France,Thailand,10-25,278295,"Electronics Components, Machinery, Fabrics",Import
Japan,Belgium,04-25,313324,"Agricultural Products, Machinery, Chemicals",Export
Norway,Germany,02-25,110261,"Fertilizers, Machinery, Electronics",Import
Switzerland,Netherlands,03-25,376984,"Electronics, Machinery, Chemicals",Import
Australia,UAE,02-25,399021,"Pharmaceuticals, Machinery, Chemicals",Import
Australia,Brazil,04-25,266295,"Natural Gas, Electronics, Machinery",Export
Denmark,China,04-25,38499,"Fertilizers, Machinery, Electronics",Import
UAE,South Korea,07-25,140479,"Machinery, Electronics, Vehicles",Import
Netherlands,Canada,06-25,77550,"Semiconductors, Electronics, Machinery",Export
Sweden,Russia,08-25,38248,"Fertilizers, Machinery, Electronics",Import
Singapore,United States,01-25,325568,"Crude Oil, Electronics, Gold",Import
Netherlands,Germany,11-25,489652,"Electronics, Machinery, Vehicles",Export
Poland,United Kingdom,07-25,139139,"Agricultural Products, Machinery, Chemicals",Export
Netherlands,Saudi Arabia,08-25,464411,"Machinery, Electronics, Vehicles",Import
Italy,United Kingdom,04-25,377764,"Aircraft, Machinery, Pharmaceuticals",Export
Vietnam,Sweden,04-25,22617,"Machinery, Electronics, Vehicles",Import
Singapore,Norway,03-25,109573,"Vehicles, Machinery, Pharmaceuticals",Import
Austria,Canada,05-25,283459,"Electronics, Machinery, Chemicals",Import
Denmark,South Africa,02-25,89546,"Crude Oil, Electronics, Gold",Import
Saudi Arabia,Switzerland,09-25,217209,"Crude Oil, Electronics, Gold",Import
Belgium,Indonesia,03-25,307962,"Gems, Jewelry, Pharmaceuticals",Export
Belgium,India,02-25,486022,"Aircraft, Machinery, Pharmaceuticals",Export
Saudi Arabia,Switzerland,09-25,96203,"Agricultural Products, Machinery, Chemicals",Export
Brazil,Malaysia,02-25,260114,"Textiles, Footwear, Machinery",Export
Malaysia,Italy,08-25,237606,"Pharmaceuticals, Machinery, Chemicals",Import
Brazil,South Korea,12-25,426451,"Vehicles, Machinery, Pharmaceuticals",Import
Brazil,South Africa,10-25,438713,"Electronics, Machinery, Vehicles",Export
Poland,Vietnam,11-25,307726,"Electronics Components, Machinery, Fabrics",Import
Belgium,Thailand,02-25,441832,"Textiles, Footwear, Machinery",Export
Belgium,Indonesia,05-25,165170,"Iron Ore, Soybeans, Crude Oil",Export
Vietnam,Poland,07-25,440607,"Electronics Components, Machinery, Fabrics",Import
Netherlands,Germany,09-25,201772,"Pharmaceuticals, Chemicals, Machinery",Export
Indonesia,United States,06-25,184982,"Vehicles, Machinery, Pharmaceuticals",Import
Thailand,Poland,03-25,275393,"Vehicles, Machinery, Chemicals",Export
Austria,Japan,12-25,497201,"Agricultural Products, Machinery, Chemicals",Export
Denmark,Singapore,12-25,201114,"Aircraft, Machinery, Pharmaceuticals",Export
Thailand,Indonesia,11-25,495519,"Semiconductors, Electronics, Machinery",Export
Indonesia,Switzerland,12-25,144994,"Electronics, Machinery, Vehicles",Export
Germany,South Africa,12-25,70425,"Electronics, Machinery, Chemicals",Import
Sweden,United States,07-25,270344,"Pharmaceuticals, Machinery, Chemicals",Import
Sweden,Brazil,03-25,10112,"Electronics Components, Machinery, Fabrics",Import
Denmark,Canada,01-25,402492,"Electronics Components, Machinery, Fabrics",Import
India,Brazil,12-25,438137,"Textiles, Footwear, Machinery",Export
United States,China,04-25,398318,"Crude Oil, Electronics, Gold",Import
Norway,United States,08-25,334557,"Fertilizers, Machinery, Electronics",Import
Saudi Arabia,Thailand,02-25,489817,"Vehicles, Machinery, Chemicals",Export
Canada,Australia,10-25,59787,"Crude Oil, Electronics, Gold",Import
South Korea,Japan,07-25,32674,"Pharmaceuticals, Chemicals, Machinery",Export
France,Vietnam,08-25,117514,"Fertilizers, Machinery, Electronics",Import
UAE,Poland,03-25,336191,"Fertilizers, Machinery, Electronics",Import
Poland,Russia,10-25,214933,"Iron Ore, Soybeans, Crude Oil",Export
Indonesia,Russia,04-25,94703,"Machinery, Electronics, Vehicles",Import
Japan,Germany,10-25,274547,"Vehicles, Machinery, Pharmaceuticals",Import
Norway,Japan,05-25,25315,"Natural Gas, Electronics, Machinery",Import
Singapore,Sweden,01-25,6919,"Electronics, Machinery, Chemicals",Import
Canada,Brazil,12-25,291866,"Pharmaceuticals, Chemicals, Machinery",Export
France,Germany,03-25,435381,"Electronics, Machinery, Chemicals",Import
Denmark,Japan,10-25,228103,"Crude Oil, Electronics, Gold",Import
United Kingdom,Singapore,02-25,404397,"Electronics Components, Machinery, Fabrics",Import
Germany,China,06-25,10703,"Iron Ore, Soybeans, Crude Oil",Export
Switzerland,South Africa,06-25,274752,"Vehicles, Machinery, Pharmaceuticals",Import
Belgium,Russia,06-25,471750,"Vehicles, Machinery, Pharmaceuticals",Import
Brazil,Mexico,02-25,393687,"Aircraft, Machinery, Pharmaceuticals",Export
United Kingdom,Spain,04-25,85919,"Vehicles, Machinery, Pharmaceuticals",Import
Turkey,Japan,07-25,16182,"Crude Oil, Electronics, Gold",Import
Vietnam,Mexico,06-25,149699,"Natural Gas, Electronics, Machinery",Import
Austria,Switzerland,12-25,250258,"Natural Gas, Electronics, Machinery",Import
India,Germany,12-25,117279,"Pharmaceuticals, Machinery, Chemicals",Import
Mexico,South Korea,08-25,174345,"Gems, Jewelry, Pharmaceuticals",Export
United States,Canada,12-25,26991,"Crude Oil, Electronics, Gold",Import
Poland,Norway,02-25,498405,"Machinery, Electronics, Vehicles",Import
South Korea,United States,01-25,201221,"Natural Gas, Electronics, Machinery",Import
UAE,Netherlands,01-25,484650,"Vehicles, Machinery, Chemicals",Export
Mexico,Norway,01-25,248255,"Machinery, Electronics, Vehicles",Import
Netherlands,South Korea,09-25,66950,"Fertilizers, Machinery, Electronics",Import
Germany,Norway,04-25,423998,"Crude Oil, Electronics, Gold",Import
Sweden,Norway,05-25,196522,"Natural Gas, Electronics, Machinery",Import
Belgium,Vietnam,03-25,258555,"Vehicles, Machinery, Chemicals",Export
Austria,Spain,03-25,245600,"Machinery, Electronics, Vehicles",Import
United States,Indonesia,07-25,52236,"Fertilizers, Machinery, Electronics",Import
Canada,United States,01-25,172909,"Iron Ore, Soybeans, Crude Oil",Export
Norway,Switzerland,08-25,389519,"Fertilizers, Machinery, Electronics",Import
Netherlands,Norway,08-25,270160,"Crude Oil, Electronics, Gold",Import
Poland,Spain,08-25,77114,"Pharmaceuticals, Machinery, Chemicals",Import
Austria,United States,05-25,115253,"Pharmaceuticals, Chemicals, Machinery",Export
Mexico,France,05-25,269745,"Natural Gas, Electronics, Machinery",Import
Poland,Italy,01-25,73463,"Gems, Jewelry, Pharmaceuticals",Export
France,South Korea,05-25,36509,"Aircraft, Machinery, Pharmaceuticals",Export
Germany,Norway,07-25,65515,"Iron Ore, Soybeans, Crude Oil",Export
United Kingdom,UAE,10-25,254892,"Electronics Components, Machinery, Fabrics",Import
Norway,Germany,06-25,8088,"Semiconductors, Electronics, Machinery",Export
Switzerland,Norway,09-25,62808,"Agricultural Products, Machinery, Chemicals",Export
Norway,Spain,06-25,382812,"Pharmaceuticals, Chemicals, Machinery",Export
Austria,UAE,08-25,151344,"Crude Oil, Electronics, Gold",Import
India,France,03-25,23321,"Fertilizers, Machinery, Electronics",Import
Mexico,Brazil,07-25,129841,"Fertilizers, Machinery, Electronics",Import
Canada,Italy,05-25,152212,"Machinery, Electronics, Vehicles",Import
Denmark,Australia,12-25,291200,"Vehicles, Machinery, Pharmaceuticals",Import
China,Turkey,06-25,138914,"Gems, Jewelry, Pharmaceuticals",Export
Netherlands,China,06-25,6533,"Natural Gas, Electronics, Machinery",Import
UAE,Spain,08-25,59218,"Natural Gas, Electronics, Machinery",Import
Sweden,Russia,10-25,159036,"Aircraft, Machinery, Pharmaceuticals",Export
Thailand,Vietnam,10-25,330341,"Electronics, Machinery, Chemicals",Import
India,Japan,11-25,83318,"Vehicles, Machinery, Pharmaceuticals",Import
Singapore,Vietnam,08-25,342542,"Vehicles, Machinery, Chemicals",Export
Saudi Arabia,Japan,07-25,111369,"Fertilizers, Machinery, Electronics",Import
Belgium,Turkey,01-25,152493,"Vehicles, Machinery, Pharmaceuticals",Import
Japan,India,03-25,204127,"Machinery, Electronics, Vehicles",Import
Poland,Italy,07-25,325390,"Fertilizers, Machinery, Electronics",Import
Netherlands,Spain,10-25,246393,"Vehicles, Machinery, Pharmaceuticals",Import
Austria,Malaysia,01-25,103058,"Pharmaceuticals, Chemicals, Machinery",Export
Netherlands,Indonesia,12-25,1060,"Fertilizers, Machinery, Electronics",Import
UAE,China,07-25,270131,"Aircraft, Machinery, Pharmaceuticals",Export
Belgium,Sweden,08-25,440288,"Pharmaceuticals, Machinery, Chemicals",Import
Japan,France,08-25,206540,"Vehicles, Machinery, Chemicals",Export
Netherlands,Mexico,10-25,479136,"Electronics, Machinery, Vehicles",Export
Mexico,Turkey,06-25,256839,"Crude Oil, Electronics, Gold",Import
Austria,Russia,12-25,363827,"Electronics, Machinery, Chemicals",Import
Australia,India,02-25,237292,"Pharmaceuticals, Chemicals, Machinery",Export
China,Sweden,09-25,468993,"Fertilizers, Machinery, Electronics",Import
Australia,Saudi Arabia,08-25,333301,"Gems, Jewelry, Pharmaceuticals",Export
UAE,Singapore,03-25,427797,"Vehicles, Machinery, Pharmaceuticals",Import
Poland,South Africa,07-25,383833,"Natural Gas, Electronics, Machinery",Export
Turkey,Netherlands,05-25,412427,"Vehicles, Machinery, Pharmaceuticals",Import
Mexico,Norway,07-25,91278,"Aircraft, Machinery, Pharmaceuticals",Export
France,Mexico,02-25,246638,"Textiles, Footwear, Machinery",Export
South Korea,United States,06-25,305719,"Pharmaceuticals, Chemicals, Machinery",Export
Denmark,Norway,01-25,254364,"Aircraft, Machinery, Pharmaceuticals",Export
Mexico,Turkey,09-25,216930,"Aircraft, Machinery, Pharmaceuticals",Export
Japan,United States,04-25,68550,"Electronics, Machinery, Chemicals",Import
China,Australia,01-25,30420,"Electronics Components, Machinery, Fabrics",Import
Netherlands,Poland,02-25,460234,"Electronics, Machinery, Chemicals",Import
Belgium,Turkey,12-25,399611,"Crude Oil, Electronics, Gold",Import
Belgium,Vietnam,09-25,253540,"Vehicles, Machinery, Pharmaceuticals",Import
Turkey,Poland,12-25,82896,"Agricultural Products, Machinery, Chemicals",Export
Vietnam,Sweden,10-25,449131,"Natural Gas, Electronics, Machinery",Export
Turkey,Vietnam,01-25,143206,"Vehicles, Machinery, Pharmaceuticals",Import
Australia,India,11-25,323360,"Semiconductors, Electronics, Machinery",Export
Singapore,Japan,01-25,161999,"Natural Gas, Electronics, Machinery",Export
Switzerland,China,08-25,71236,"Semiconductors, Electronics, Machinery",Export
China,United States,07-25,170071,"Natural Gas, Electronics, Machinery",Export
Denmark,Brazil,10-25,411474,"Semiconductors, Electronics, Machinery",Export
Netherlands,Vietnam,01-25,33640,"Crude Oil, Electronics, Gold",Import
China,Thailand,06-25,352652,"Agricultural Products, Machinery, Chemicals",Export
United States,Norway,09-25,190941,"Crude Oil, Electronics, Gold",Import
Switzerland,India,08-25,86664,"Aircraft, Machinery, Pharmaceuticals",Export
Saudi Arabia,United States,10-25,134798,"Electronics, Machinery, Chemicals",Import
Japan,China,07-25,221966,"Vehicles, Machinery, Chemicals",Export
Denmark,Mexico,07-25,388031,"Electronics, Machinery, Chemicals",Import
Mexico,Belgium,07-25,255437,"Agricultural Products, Machinery, Chemicals",Export
India,Turkey,02-25,135098,"Electronics Components, Machinery, Fabrics",Import
Singapore,Germany,04-25,163238,"Natural Gas, Electronics, Machinery",Import
Singapore,UAE,11-25,5812,"Machinery, Electronics, Vehicles",Import
Denmark,Thailand,06-25,186765,"Electronics, Machinery, Chemicals",Import
China,Germany,02-25,33194,"Crude Oil, Electronics, Gold",Import
Denmark,Japan,08-25,123678,"Textiles, Footwear, Machinery",Export
Indonesia,Poland,07-25,310060,"Fertilizers, Machinery, Electronics",Import
Thailand,Germany,05-25,429349,"Fertilizers, Machinery, Electronics",Import
Netherlands,Poland,05-25,214903,"Machinery, Electronics, Vehicles",Import
Singapore,China,12-25,381648,"Fertilizers, Machinery, Electronics",Import
India,Russia,06-25,168515,"Electronics, Machinery, Vehicles",Export
Germany,Brazil,02-25,419166,"Iron Ore, Soybeans, Crude Oil",Export
Austria,United States,04-25,212162,"Natural Gas, Electronics, Machinery",Import
Denmark,Saudi Arabia,08-25,364732,"Vehicles, Machinery, Pharmaceuticals",Import
South Korea,Indonesia,11-25,481256,"Crude Oil, Electronics, Gold",Import
South Korea,UAE,06-25,71969,"Semiconductors, Electronics, Machinery",Export
Belgium,Italy,09-25,242091,"Vehicles, Machinery, Chemicals",Export
Turkey,Sweden,09-25,228386,"Gems, Jewelry, Pharmaceuticals",Export
India,South Korea,04-25,154512,"Pharmaceuticals, Machinery, Chemicals",Import
Denmark,Switzerland,05-25,214022,"Aircraft, Machinery, Pharmaceuticals",Export
Germany,South Africa,06-25,255197,"Crude Oil, Electronics, Gold",Import
Belgium,Spain,07-25,253859,"Natural Gas, Electronics, Machinery",Export
India,France,01-25,351197,"Agricultural Products, Machinery, Chemicals",Export
Canada,South Africa,03-25,326777,"Natural Gas, Electronics, Machinery",Export
Mexico,Canada,01-25,267318,"Vehicles, Machinery, Chemicals",Export
Vietnam,Singapore,06-25,61916,"Machinery, Electronics, Vehicles",Import
Turkey,Switzerland,12-25,227185,"Vehicles, Machinery, Chemicals",Export
Thailand,Sweden,04-25,268245,"Pharmaceuticals, Machinery, Chemicals",Import
Germany,United States,05-25,155762,"Gems, Jewelry, Pharmaceuticals",Export
Italy,South Korea,04-25,16720,"Textiles, Footwear, Machinery",Export
Indonesia,Netherlands,06-25,400044,"Iron Ore, Soybeans, Crude Oil",Export
Poland,South Korea,06-25,55796,"Fertilizers, Machinery, Electronics",Import
Mexico,Singapore,10-25,71511,"Fertilizers, Machinery, Electronics",Import
France,Belgium,01-25,407866,"Aircraft, Machinery, Pharmaceuticals",Export
Malaysia,Thailand,11-25,197187,"Textiles, Footwear, Machinery",Export
Australia,Mexico,08-25,476944,"Natural Gas, Electronics, Machinery",Export
Austria,Canada,08-25,344767,"Natural Gas, Electronics, Machinery",Import
Australia,Poland,11-25,29830,"Pharmaceuticals, Machinery, Chemicals",Import
Turkey,Brazil,10-25,421861,"Electronics, Machinery, Chemicals",Import
Vietnam,Thailand,12-25,435566,"Machinery, Electronics, Vehicles",Import
Turkey,Norway,08-25,465989,"Vehicles, Machinery, Chemicals",Export
India,Australia,02-25,385574,"Crude Oil, Electronics, Gold",Import
China,Switzerland,07-25,152217,"Vehicles, Machinery, Chemicals",Export
Brazil,United States,06-25,72713,"Electronics Components, Machinery, Fabrics",Import
Thailand,Spain,12-25,456142,"Semiconductors, Electronics, Machinery",Export
Turkey,Italy,07-25,354594,"Vehicles, Machinery, Pharmaceuticals",Import
Netherlands,Spain,09-25,495678,"Semiconductors, Electronics, Machinery",Export
Singapore,India,03-25,448511,"Iron Ore, Soybeans, Crude Oil",Export
Saudi Arabia,Belgium,09-25,77124,"Gems, Jewelry, Pharmaceuticals",Export
Malaysia,France,01-25,349962,"Pharmaceuticals, Machinery, Chemicals",Import
Austria,Japan,08-25,378931,"Electronics, Machinery, Vehicles",Export
South Korea,Netherlands,12-25,5951,"Electronics, Machinery, Vehicles",Export
Malaysia,Indonesia,10-25,274556,"Gems, Jewelry, Pharmaceuticals",Export
Japan,Poland,10-25,165180,"Vehicles, Machinery, Pharmaceuticals",Import
China,Poland,10-25,161851,"Semiconductors, Electronics, Machinery",Export
Sweden,Vietnam,04-25,237408,"Pharmaceuticals, Chemicals, Machinery",Export
Singapore,UAE,06-25,349137,"Iron Ore, Soybeans, Crude Oil",Export
Spain,Australia,03-25,308279,"Agricultural Products, Machinery, Chemicals",Export
Saudi Arabia,Malaysia,04-25,305795,"Aircraft, Machinery, Pharmaceuticals",Export
Brazil,Indonesia,05-25,423069,"Vehicles, Machinery, Chemicals",Export
Italy,Netherlands,02-25,418823,"Textiles, Footwear, Machinery",Export
Switzerland,Indonesia,01-25,307068,"Fertilizers, Machinery, Electronics",Import
United Kingdom,Japan,02-25,217485,"Agricultural Products, Machinery, Chemicals",Export
Germany,Brazil,10-25,190974,"Electronics, Machinery, Chemicals",Import
United States,Saudi Arabia,09-25,60543,"Natural Gas, Electronics, Machinery",Import
Saudi Arabia,Netherlands,10-25,241655,"Electronics, Machinery, Chemicals",Import
Switzerland,Thailand,05-25,449662,"Gems, Jewelry, Pharmaceuticals",Export
Belgium,Mexico,06-25,441313,"Semiconductors, Electronics, Machinery",Export
Thailand,Malaysia,05-25,315042,"Electronics Components, Machinery, Fabrics",Import
Saudi Arabia,Turkey,06-25,349823,"Electronics Components, Machinery, Fabrics",Import
Netherlands,Turkey,01-25,34105,"Agricultural Products, Machinery, Chemicals",Export
Thailand,Saudi Arabia,09-25,295398,"Pharmaceuticals, Machinery, Chemicals",Import
South Korea,Vietnam,01-25,127766,"Vehicles, Machinery, Chemicals",Export
UAE,Italy,04-25,142948,"Semiconductors, Electronics, Machinery",Export
Switzerland,Turkey,05-25,18015,"Machinery, Electronics, Vehicles",Import
Denmark,Norway,03-25,16376,"Electronics Components, Machinery, Fabrics",Import
Belgium,Indonesia,11-25,193395,"Iron Ore, Soybeans, Crude Oil",Export
Indonesia,Russia,05-25,86552,"Pharmaceuticals, Machinery, Chemicals",Import
Mexico,South Korea,12-25,427884,"Fertilizers, Machinery, Electronics",Import
France,Norway,11-25,211763,"Natural Gas, Electronics, Machinery",Import
Australia,UAE,01-25,110513,"Electronics Components, Machinery, Fabrics",Import
Vietnam,Norway,10-25,397241,"Iron Ore, Soybeans, Crude Oil",Export
Vietnam,Switzerland,10-25,46921,"Crude Oil, Electronics, Gold",Import
Poland,Germany,05-25,427621,"Crude Oil, Electronics, Gold",Import
Italy,Brazil,11-25,230050,"Machinery, Electronics, Vehicles",Import
Brazil,Japan,09-25,191678,"Pharmaceuticals, Machinery, Chemicals",Import
Sweden,United Kingdom,06-25,417435,"Pharmaceuticals, Chemicals, Machinery",Export
Australia,India,09-25,446425,"Vehicles, Machinery, Pharmaceuticals",Import
United Kingdom,Saudi Arabia,01-25,107224,"Pharmaceuticals, Chemicals, Machinery",Export
Brazil,Netherlands,11-25,306990,"Pharmaceuticals, Chemicals, Machinery",Export
Spain,Japan,05-25,412549,"Agricultural Products, Machinery, Chemicals",Export
United States,Germany,09-25,180802,"Semiconductors, Electronics, Machinery",Export
Switzerland,Russia,04-25,281833,"Crude Oil, Electronics, Gold",Import
India,Mexico,09-25,49661,"Aircraft, Machinery, Pharmaceuticals",Export
Canada,Sweden,03-25,5737,"Pharmaceuticals, Machinery, Chemicals",Import
India,Spain,11-25,26121,"Electronics, Machinery, Chemicals",Import
Mexico,China,07-25,367749,"Pharmaceuticals, Machinery, Chemicals",Import
Brazil,Italy,04-25,266801,"Electronics, Machinery, Vehicles",Export
Singapore,Norway,09-25,399987,"Vehicles, Machinery, Pharmaceuticals",Import
Belgium,France,11-25,417544,"Semiconductors, Electronics, Machinery",Export
Austria,Russia,09-25,484479,"Textiles, Footwear, Machinery",Export
Malaysia,Poland,12-25,482107,"Electronics Components, Machinery, Fabrics",Import
Austria,Belgium,07-25,226271,"Fertilizers, Machinery, Electronics",Import
Germany,United States,05-25,123668,"Gems, Jewelry, Pharmaceuticals",Export
Malaysia,Netherlands,06-25,174097,"Crude Oil, Electronics, Gold",Import
South Korea,Russia,10-25,493408,"Crude Oil, Electronics, Gold",Import
Malaysia,Norway,11-25,393287,"Agricultural Products, Machinery, Chemicals",Export
Mexico,South Korea,04-25,486116,"Electronics Components, Machinery, Fabrics",Import
Belgium,Mexico,08-25,452567,"Vehicles, Machinery, Pharmaceuticals",Import
United Kingdom,Thailand,04-25,2503,"Fertilizers, Machinery, Electronics",Import
Poland,Germany,09-25,301105,"Pharmaceuticals, Machinery, Chemicals",Import
Netherlands,Turkey,05-25,115821,"Crude Oil, Electronics, Gold",Import
South Korea,Spain,10-25,459395,"Electronics, Machinery, Chemicals",Import
Saudi Arabia,Switzerland,07-25,283755,"Crude Oil, Electronics, Gold",Import
Switzerland,Japan,09-25,74100,"Electronics, Machinery, Chemicals",Import
India,Saudi Arabia,01-25,484568,"Vehicles, Machinery, Pharmaceuticals",Import
Japan,Singapore,12-25,277761,"Gems, Jewelry, Pharmaceuticals",Export
Denmark,Switzerland,11-25,278892,"Textiles, Footwear, Machinery",Export
Saudi Arabia,Norway,06-25,310000,"Semiconductors, Electronics, Machinery",Export
Denmark,Sweden,07-25,329414,"Crude Oil, Electronics, Gold",Import
Indonesia,France,05-25,329286,"Agricultural Products, Machinery, Chemicals",Export
Spain,Japan,11-25,234595,"Pharmaceuticals, Chemicals, Machinery",Export
India,Spain,04-25,149578,"Machinery, Electronics, Vehicles",Import
Australia,Netherlands,11-25,60732,"Gems, Jewelry, Pharmaceuticals",Export
South Korea,UAE,03-25,5677,"Machinery, Electronics, Vehicles",Import
Switzerland,South Africa,08-25,42911,"Vehicles, Machinery, Chemicals",Export
France,UAE,12-25,332846,"Electronics Components, Machinery, Fabrics",Import
Thailand,France,10-25,294798,"Fertilizers, Machinery, Electronics",Import
Indonesia,Vietnam,04-25,479947,"Agricultural Products, Machinery, Chemicals",Export
Indonesia,Thailand,05-25,251540,"Vehicles, Machinery, Pharmaceuticals",Import
Netherlands,Italy,01-25,97595,"Machinery, Electronics, Vehicles",Import
Turkey,Canada,01-25,180666,"Natural Gas, Electronics, Machinery",Import
Belgium,South Korea,04-25,270928,"Textiles, Footwear, Machinery",Export
Singapore,Saudi Arabia,03-25,286410,"Electronics, Machinery, Vehicles",Export
Indonesia,Australia,11-25,239836,"Crude Oil, Electronics, Gold",Import
South Korea,Thailand,12-25,84462,"Vehicles, Machinery, Chemicals",Export
Saudi Arabia,UAE,04-25,441392,"Vehicles, Machinery, Pharmaceuticals",Import
Austria,Indonesia,01-25,312441,"Crude Oil, Electronics, Gold",Import
Mexico,Brazil,02-25,195663,"Pharmaceuticals, Machinery, Chemicals",Import
Switzerland,Mexico,10-25,134221,"Iron Ore, Soybeans, Crude Oil",Export
United States,Japan,12-25,320402,"Vehicles, Machinery, Chemicals",Export
United States,Russia,12-25,15897,"Textiles, Footwear, Machinery",Export
Belgium,Sweden,09-25,238502,"Electronics, Machinery, Chemicals",Import
Canada,Norway,02-25,495386,"Pharmaceuticals, Machinery, Chemicals",Import
Malaysia,Australia,03-25,362346,"Gems, Jewelry, Pharmaceuticals",Export
Spain,Switzerland,02-25,488381,"Vehicles, Machinery, Chemicals",Export
Germany,Indonesia,02-25,401822,"Iron Ore, Soybeans, Crude Oil",Export
Sweden,Mexico,08-25,465876,"Pharmaceuticals, Machinery, Chemicals",Import
Malaysia,Italy,05-25,80393,"Crude Oil, Electronics, Gold",Import
United States,Brazil,12-25,270990,"Machinery, Electronics, Vehicles",Import
Vietnam,Australia,10-25,440951,"Vehicles, Machinery, Pharmaceuticals",Import
Belgium,Spain,02-25,437203,"Pharmaceuticals, Chemicals, Machinery",Export
India,Australia,09-25,158476,"Pharmaceuticals, Chemicals, Machinery",Export
UAE,Belgium,04-25,490199,"Machinery, Electronics, Vehicles",Import
Denmark,Netherlands,12-25,112327,"Crude Oil, Electronics, Gold",Import
Italy,Thailand,11-25,241579,"Electronics Components, Machinery, Fabrics",Import
Turkey,South Korea,05-25,281323,"Vehicles, Machinery, Pharmaceuticals",Import
Japan,Italy,07-25,162337,"Natural Gas, Electronics, Machinery",Export
Thailand,United Kingdom,02-25,257252,"Semiconductors, Electronics, Machinery",Export
Switzerland,Thailand,04-25,475181,"Vehicles, Machinery, Chemicals",Export
Belgium,United Kingdom,03-25,26884,"Pharmaceuticals, Chemicals, Machinery",Export
United Kingdom,Italy,06-25,343662,"Semiconductors, Electronics, Machinery",Export
Netherlands,France,09-25,473880,"Gems, Jewelry, Pharmaceuticals",Export
Norway,Turkey,04-25,7821,"Textiles, Footwear, Machinery",Export
France,Germany,01-25,52295,"Pharmaceuticals, Chemicals, Machinery",Export
India,South Korea,12-25,434518,"Electronics Components, Machinery, Fabrics",Import
South Korea,Belgium,08-25,164960,"Electronics Components, Machinery, Fabrics",Import
Japan,Mexico,12-25,70860,"Electronics Components, Machinery, Fabrics",Import
Italy,Malaysia,07-25,312007,"Natural Gas, Electronics, Machinery",Export
Australia,United Kingdom,11-25,167112,"Natural Gas, Electronics, Machinery",Import
Canada,Turkey,03-25,91103,"Agricultural Products, Machinery, Chemicals",Export
Vietnam,Mexico,10-25,3884,"Textiles, Footwear, Machinery",Export
China,Indonesia,08-25,183196,"Semiconductors, Electronics, Machinery",Export
Singapore,United Kingdom,05-25,72865,"Agricultural Products, Machinery, Chemicals",Export
Belgium,France,08-25,482606,"Electronics Components, Machinery, Fabrics",Import
Indonesia,Thailand,05-25,271879,"Pharmaceuticals, Machinery, Chemicals",Import
Germany,Mexico,11-25,375033,"Natural Gas, Electronics, Machinery",Export
Belgium,South Korea,11-25,488155,"Agricultural Products, Machinery, Chemicals",Export
Turkey,Germany,06-25,369799,"Natural Gas, Electronics, Machinery",Import
Italy,United States,09-25,287969,"Semiconductors, Electronics, Machinery",Export
UAE,South Korea,10-25,268914,"Vehicles, Machinery, Pharmaceuticals",Import
Denmark,United States,01-25,67100,"Crude Oil, Electronics, Gold",Import
Malaysia,Norway,05-25,86180,"Natural Gas, Electronics, Machinery",Import
South Korea,UAE,07-25,189792,"Electronics Components, Machinery, Fabrics",Import
Spain,France,03-25,79088,"Aircraft, Machinery, Pharmaceuticals",Export
Netherlands,Vietnam,07-25,149609,"Pharmaceuticals, Chemicals, Machinery",Export
United Kingdom,India,02-25,368145,"Fertilizers, Machinery, Electronics",Import
Germany,Switzerland,11-25,92535,"Fertilizers, Machinery, Electronics",Import
Singapore,Turkey,05-25,352170,"Gems, Jewelry, Pharmaceuticals",Export
Sweden,Italy,11-25,266692,"Electronics, Machinery, Chemicals",Import
United Kingdom,United States,10-25,428425,"Aircraft, Machinery, Pharmaceuticals",Export
Norway,China,09-25,111480,"Iron Ore, Soybeans, Crude Oil",Export
Denmark,Italy,08-25,187268,"Aircraft, Machinery, Pharmaceuticals",Export
Spain,Turkey,07-25,497177,"Aircraft, Machinery, Pharmaceuticals",Export
Norway,Russia,10-25,264119,"Pharmaceuticals, Machinery, Chemicals",Import
Belgium,Mexico,12-25,11737,"Pharmaceuticals, Machinery, Chemicals",Import
Spain,United Kingdom,01-25,134899,"Iron Ore, Soybeans, Crude Oil",Export
Japan,Singapore,06-25,319411,"Iron Ore, Soybeans, Crude Oil",Export
Vietnam,Belgium,11-25,406704,"Vehicles, Machinery, Pharmaceuticals",Import
Netherlands,Belgium,08-25,175896,"Vehicles, Machinery, Chemicals",Export
Norway,Saudi Arabia,10-25,140374,"Electronics, Machinery, Chemicals",Import
Japan,Mexico,05-25,444175,"Natural Gas, Electronics, Machinery",Import
Thailand,Singapore,08-25,143938,"Aircraft, Machinery, Pharmaceuticals",Export
Denmark,Spain,07-25,185397,"Natural Gas, Electronics, Machinery",Import
Poland,South Korea,01-25,193412,"Semiconductors, Electronics, Machinery",Export
Belgium,South Korea,06-25,281743,"Electronics, Machinery, Chemicals",Import
Belgium,France,09-25,192090,"Iron Ore, Soybeans, Crude Oil",Export
Germany,United States,12-25,133618,"Textiles, Footwear, Machinery",Export
Thailand,United Kingdom,06-25,321924,"Natural Gas, Electronics, Machinery",Export
United States,South Africa,08-25,202154,"Textiles, Footwear, Machinery",Export
Switzerland,Thailand,08-25,371405,"Natural Gas, Electronics, Machinery",Import
India,South Korea,10-25,391375,"Electronics, Machinery, Chemicals",Import
Turkey,France,11-25,374053,"Fertilizers, Machinery, Electronics",Import
Austria,India,08-25,21113,"Pharmaceuticals, Chemicals, Machinery",Export
Thailand,Brazil,04-25,309333,"Crude Oil, Electronics, Gold",Import
China,Singapore,12-25,462014,"Iron Ore, Soybeans, Crude Oil",Export
Sweden,Brazil,01-25,54494,"Crude Oil, Electronics, Gold",Import
Indonesia,Vietnam,07-25,409343,"Pharmaceuticals, Machinery, Chemicals",Import
Poland,Sweden,06-25,188968,"Electronics, Machinery, Vehicles",Export
France,South Africa,08-25,3362,"Electronics, Machinery, Vehicles",Export
Austria,Australia,07-25,252291,"Machinery, Electronics, Vehicles",Import
Denmark,Poland,03-25,356741,"Pharmaceuticals, Chemicals, Machinery",Export
Saudi Arabia,Thailand,11-25,145484,"Pharmaceuticals, Machinery, Chemicals",Import
Austria,India,10-25,86844,"Vehicles, Machinery, Pharmaceuticals",Import
Poland,China,05-25,75369,"Vehicles, Machinery, Chemicals",Export
South Korea,South Africa,02-25,10432,"Agricultural Products, Machinery, Chemicals",Export
South Korea,Brazil,03-25,323268,"Textiles, Footwear, Machinery",Export
Thailand,France,02-25,319467,"Fertilizers, Machinery, Electronics",Import
United Kingdom,Indonesia,04-25,140757,"Gems, Jewelry, Pharmaceuticals",Export
Australia,Canada,06-25,369298,"Textiles, Footwear, Machinery",Export
Thailand,United Kingdom,12-25,288747,"Vehicles, Machinery, Pharmaceuticals",Import
Italy,China,10-25,401919,"Semiconductors, Electronics, Machinery",Export
South Korea,Singapore,03-25,333843,"Natural Gas, Electronics, Machinery",Import
Saudi Arabia,Japan,11-25,352720,"Electronics, Machinery, Vehicles",Export
Vietnam,Sweden,09-25,375485,"Iron Ore, Soybeans, Crude Oil",Export
Japan,Spain,07-25,308683,"Vehicles, Machinery, Chemicals",Export
Canada,Italy,06-25,282034,"Agricultural Products, Machinery, Chemicals",Export
Turkey,United States,09-25,353265,"Machinery, Electronics, Vehicles",Import
France,South Africa,08-25,237096,"Gems, Jewelry, Pharmaceuticals",Export
UAE,Mexico,08-25,346248,"Electronics, Machinery, Vehicles",Export
Malaysia,Singapore,07-25,191879,"Vehicles, Machinery, Chemicals",Export
Germany,Thailand,08-25,6594,"Semiconductors, Electronics, Machinery",Export
Sweden,Italy,06-25,434415,"Natural Gas, Electronics, Machinery",Export
Indonesia,France,04-25,254420,"Fertilizers, Machinery, Electronics",Import
Norway,South Africa,01-25,276514,"Pharmaceuticals, Machinery, Chemicals",Import
Germany,United States,01-25,215566,"Vehicles, Machinery, Pharmaceuticals",Import
Germany,China,02-25,371611,"Pharmaceuticals, Chemicals, Machinery",Export
Australia,Indonesia,10-25,77677,"Crude Oil, Electronics, Gold",Import
Turkey,Canada,04-25,232837,"Aircraft, Machinery, Pharmaceuticals",Export
South Korea,Japan,07-25,360627,"Natural Gas, Electronics, Machinery",Export
United Kingdom,China,11-25,76388,"Electronics Components, Machinery, Fabrics",Import
Denmark,Russia,01-25,417464,"Fertilizers, Machinery, Electronics",Import
UAE,Thailand,07-25,158871,"Natural Gas, Electronics, Machinery",Import
Thailand,Turkey,04-25,104668,"Electronics, Machinery, Vehicles",Export
Sweden,Vietnam,06-25,376273,"Vehicles, Machinery, Pharmaceuticals",Import
China,Saudi Arabia,07-25,249780,"Fertilizers, Machinery, Electronics",Import
Germany,Canada,02-25,224708,"Electronics, Machinery, Chemicals",Import
Saudi Arabia,China,02-25,447730,"Pharmaceuticals, Chemicals, Machinery",Export
Japan,France,02-25,340533,"Crude Oil, Electronics, Gold",Import
Spain,Italy,09-25,58847,"Natural Gas, Electronics, Machinery",Import
Canada,Switzerland,09-25,168013,"Electronics Components, Machinery, Fabrics",Import
Austria,Poland,02-25,422204,"Pharmaceuticals, Machinery, Chemicals",Import
United Kingdom,Canada,12-25,131030,"Electronics Components, Machinery, Fabrics",Import
Norway,United States,07-25,215853,"Vehicles, Machinery, Pharmaceuticals",Import
Japan,Mexico,07-25,301453,"Electronics Components, Machinery, Fabrics",Import
Denmark,Thailand,11-25,272185,"Pharmaceuticals, Machinery, Chemicals",Import
China,South Africa,06-25,397644,"Semiconductors, Electronics, Machinery",Export
Austria,Germany,02-25,95208,"Vehicles, Machinery, Chemicals",Export
Poland,Brazil,09-25,440347,"Aircraft, Machinery, Pharmaceuticals",Export
Vietnam,Norway,03-25,294568,"Pharmaceuticals, Chemicals, Machinery",Export
Sweden,Italy,07-25,49141,"Pharmaceuticals, Chemicals, Machinery",Export
Mexico,France,04-25,392252,"Pharmaceuticals, Chemicals, Machinery",Export
Mexico,Belgium,04-25,302462,"Natural Gas, Electronics, Machinery",Export
Australia,India,01-25,330439,"Textiles, Footwear, Machinery",Export
Canada,Singapore,12-25,325955,"Semiconductors, Electronics, Machinery",Export
Malaysia,Vietnam,05-25,358553,"Semiconductors, Electronics, Machinery",Export
Italy,Switzerland,04-25,48154,"Natural Gas, Electronics, Machinery",Import
Poland,Indonesia,04-25,386028,"Fertilizers, Machinery, Electronics",Import
France,Mexico,03-25,408925,"Vehicles, Machinery, Chemicals",Export
Mexico,India,06-25,50950,"Crude Oil, Electronics, Gold",Import
Mexico,Japan,08-25,380224,"Pharmaceuticals, Machinery, Chemicals",Import
Brazil,United Kingdom,11-25,98578,"Agricultural Products, Machinery, Chemicals",Export
Australia,Belgium,11-25,160591,"Iron Ore, Soybeans, Crude Oil",Export
Thailand,Spain,04-25,381896,"Electronics, Machinery, Chemicals",Import
South Korea,Switzerland,02-25,279424,"Agricultural Products, Machinery, Chemicals",Export
Brazil,United Kingdom,05-25,91834,"Electronics, Machinery, Chemicals",Import
Japan,Belgium,05-25,353352,"Pharmaceuticals, Machinery, Chemicals",Import
Spain,Singapore,07-25,82473,"Pharmaceuticals, Machinery, Chemicals",Import
UAE,Mexico,07-25,35023,"Electronics, Machinery, Vehicles",Export
Mexico,Canada,05-25,476249,"Vehicles, Machinery, Chemicals",Export
Malaysia,Russia,03-25,394971,"Machinery, Electronics, Vehicles",Import
China,Turkey,09-25,480395,"Fertilizers, Machinery, Electronics",Import
India,Netherlands,10-25,42545,"Electronics Components, Machinery, Fabrics",Import
Mexico,Belgium,01-25,208365,"Semiconductors, Electronics, Machinery",Export
Netherlands,Vietnam,11-25,272011,"Vehicles, Machinery, Chemicals",Export
Japan,Singapore,06-25,2231,"Fertilizers, Machinery, Electronics",Import
Sweden,Spain,12-25,446956,"Pharmaceuticals, Chemicals, Machinery",Export
Thailand,Malaysia,12-25,24648,"Aircraft, Machinery, Pharmaceuticals",Export
Mexico,Sweden,03-25,264630,"Vehicles, Machinery, Pharmaceuticals",Import
Sweden,Singapore,11-25,250515,"Natural Gas, Electronics, Machinery",Export
United Kingdom,Saudi Arabia,07-25,71036,"Natural Gas, Electronics, Machinery",Export
Norway,France,07-25,238112,"Natural Gas, Electronics, Machinery",Import
Belgium,France,07-25,364807,"Natural Gas, Electronics, Machinery",Import
Spain,Brazil,10-25,276894,"Electronics, Machinery, Chemicals",Import
Sweden,Russia,12-25,206684,"Electronics Components, Machinery, Fabrics",Import
Brazil,Spain,08-25,371138,"Textiles, Footwear, Machinery",Export
Sweden,Poland,01-25,468895,"Natural Gas, Electronics, Machinery",Export
Thailand,China,02-25,162241,"Agricultural Products, Machinery, Chemicals",Export
Switzerland,UAE,09-25,495408,"Agricultural Products, Machinery, Chemicals",Export
Vietnam,Russia,03-25,231559,"Electronics, Machinery, Chemicals",Import
Sweden,Japan,07-25,206980,"Semiconductors, Electronics, Machinery",Export
Japan,Sweden,04-25,349400,"Fertilizers, Machinery, Electronics",Import
Italy,South Africa,12-25,348093,"Natural Gas, Electronics, Machinery",Import
China,Sweden,01-25,156385,"Pharmaceuticals, Chemicals, Machinery",Export
Netherlands,United States,06-25,474997,"Vehicles, Machinery, Pharmaceuticals",Import
Switzerland,United Kingdom,12-25,459011,"Natural Gas, Electronics, Machinery",Export
Saudi Arabia,Germany,02-25,84072,"Machinery, Electronics, Vehicles",Import
Belgium,Netherlands,10-25,351830,"Agricultural Products, Machinery, Chemicals",Export
Austria,Singapore,07-25,378799,"Semiconductors, Electronics, Machinery",Export
Netherlands,South Korea,01-25,339400,"Electronics Components, Machinery, Fabrics",Import
Belgium,Mexico,01-25,379071,"Pharmaceuticals, Machinery, Chemicals",Import
Australia,UAE,10-25,121164,"Natural Gas, Electronics, Machinery",Import
Austria,Malaysia,05-25,455538,"Vehicles, Machinery, Pharmaceuticals",Import
Canada,Mexico,02-25,436213,"Machinery, Electronics, Vehicles",Import
Japan,Belgium,03-25,84292,"Agricultural Products, Machinery, Chemicals",Export
South Korea,South Africa,06-25,283863,"Fertilizers, Machinery, Electronics",Import
Singapore,Poland,11-25,194781,"Pharmaceuticals, Machinery, Chemicals",Import
Canada,Singapore,07-25,123373,"Textiles, Footwear, Machinery",Export
Norway,Mexico,11-25,277524,"Natural Gas, Electronics, Machinery",Import
Netherlands,UAE,09-25,63194,"Crude Oil, Electronics, Gold",Import
Denmark,United Kingdom,07-25,177938,"Fertilizers, Machinery, Electronics",Import
Netherlands,India,02-25,318001,"Crude Oil, Electronics, Gold",Import
Poland,Netherlands,07-25,257102,"Electronics Components, Machinery, Fabrics",Import
India,Germany,08-25,251586,"Electronics, Machinery, Vehicles",Export
Austria,Spain,06-25,238088,"Aircraft, Machinery, Pharmaceuticals",Export
China,Russia,11-25,416437,"Electronics, Machinery, Vehicles",Export
Germany,Vietnam,02-25,453053,"Agricultural Products, Machinery, Chemicals",Export
Norway,Japan,12-25,107855,"Vehicles, Machinery, Chemicals",Export
Norway,Turkey,02-25,18940,"Crude Oil, Electronics, Gold",Import
Malaysia,Germany,08-25,123432,"Crude Oil, Electronics, Gold",Import
Malaysia,South Korea,07-25,326407,"Textiles, Footwear, Machinery",Export
United States,China,05-25,283864,"Semiconductors, Electronics, Machinery",Export
China,United States,09-25,415393,"Iron Ore, Soybeans, Crude Oil",Export
Singapore,Netherlands,03-25,405928,"Natural Gas, Electronics, Machinery",Import
Japan,Mexico,03-25,79433,"Crude Oil, Electronics, Gold",Import
Japan,Italy,04-25,361942,"Gems, Jewelry, Pharmaceuticals",Export
Saudi Arabia,Singapore,11-25,136118,"Fertilizers, Machinery, Electronics",Import
Switzerland,Netherlands,01-25,166359,"Pharmaceuticals, Chemicals, Machinery",Export
Austria,Italy,09-25,417186,"Gems, Jewelry, Pharmaceuticals",Export
Vietnam,Italy,06-25,172894,"Fertilizers, Machinery, Electronics",Import
Italy,Canada,06-25,157196,"Machinery, Electronics, Vehicles",Import
France,Belgium,01-25,276914,"Pharmaceuticals, Machinery, Chemicals",Import
South Korea,Indonesia,06-25,494814,"Electronics, Machinery, Vehicles",Export
Spain,Thailand,04-25,483993,"Aircraft, Machinery, Pharmaceuticals",Export
Singapore,Spain,06-25,190123,"Fertilizers, Machinery, Electronics",Import
Thailand,Vietnam,12-25,259216,"Pharmaceuticals, Machinery, Chemicals",Import
Denmark,Switzerland,02-25,123836,"Gems, Jewelry, Pharmaceuticals",Export
Vietnam,Mexico,03-25,261946,"Electronics Components, Machinery, Fabrics",Import
China,Canada,01-25,187731,"Natural Gas, Electronics, Machinery",Export
Switzerland,Canada,10-25,128514,"Electronics Components, Machinery, Fabrics",Import
Poland,Mexico,08-25,415696,"Vehicles, Machinery, Chemicals",Export
Netherlands,UAE,01-25,433474,"Natural Gas, Electronics, Machinery",Import
Spain,Australia,11-25,46931,"Pharmaceuticals, Machinery, Chemicals",Import
Belgium,Indonesia,12-25,24810,"Agricultural Products, Machinery, Chemicals",Export
Austria,Vietnam,11-25,386512,"Vehicles, Machinery, Chemicals",Export
South Korea,Indonesia,12-25,406881,"Natural Gas, Electronics, Machinery",Export
China,Switzerland,12-25,125475,"Fertilizers, Machinery, Electronics",Import
France,Poland,01-25,302401,"Natural Gas, Electronics, Machinery",Export
Australia,Germany,05-25,35961,"Fertilizers, Machinery, Electronics",Import
Austria,Australia,02-25,420091,"Natural Gas, Electronics, Machinery",Import
Belgium,India,05-25,349147,"Electronics Components, Machinery, Fabrics",Import
Brazil,France,04-25,392192,"Electronics, Machinery, Chemicals",Import
Sweden,Thailand,09-25,43940,"Semiconductors, Electronics, Machinery",Export
Singapore,Italy,04-25,392593,"Vehicles, Machinery, Pharmaceuticals",Import
Thailand,South Africa,12-25,470015,"Aircraft, Machinery, Pharmaceuticals",Export
United Kingdom,Sweden,09-25,11763,"Crude Oil, Electronics, Gold",Import
Germany,South Africa,11-25,485883,"Pharmaceuticals, Chemicals, Machinery",Export
United States,Russia,12-25,157272,"Iron Ore, Soybeans, Crude Oil",Export
Italy,Canada,11-25,21012,"Pharmaceuticals, Machinery, Chemicals",Import
Turkey,South Africa,04-25,74975,"Fertilizers, Machinery, Electronics",Import
Mexico,Turkey,11-25,35130,"Electronics, Machinery, Chemicals",Import
United Kingdom,Brazil,10-25,114238,"Natural Gas, Electronics, Machinery",Export
Canada,Poland,11-25,435194,"Vehicles, Machinery, Pharmaceuticals",Import
China,South Korea,03-25,282204,"Semiconductors, Electronics, Machinery",Export
Austria,Norway,10-25,271994,"Natural Gas, Electronics, Machinery",Import
Belgium,Russia,11-25,301041,"Electronics, Machinery, Chemicals",Import
Thailand,Russia,12-25,10020,"Natural Gas, Electronics, Machinery",Export
Austria,Malaysia,04-25,370220,"Aircraft, Machinery, Pharmaceuticals",Export
South Korea,United States,04-25,344671,"Pharmaceuticals, Machinery, Chemicals",Import
Vietnam,Mexico,10-25,337378,"Pharmaceuticals, Machinery, Chemicals",Import
Thailand,Canada,09-25,10342,"Agricultural Products, Machinery, Chemicals",Export
Thailand,Japan,01-25,410048,"Natural Gas, Electronics, Machinery",Export
Poland,United States,10-25,317611,"Natural Gas, Electronics, Machinery",Import
Brazil,South Africa,01-25,89612,"Electronics, Machinery, Chemicals",Import
Norway,Malaysia,07-25,276264,"Machinery, Electronics, Vehicles",Import
Germany,Vietnam,06-25,90360,"Electronics, Machinery, Chemicals",Import
Indonesia,Saudi Arabia,11-25,97915,"Electronics Components, Machinery, Fabrics",Import
Saudi Arabia,United States,06-25,490289,"Natural Gas, Electronics, Machinery",Export
United States,Saudi Arabia,06-25,64545,"Vehicles, Machinery, Pharmaceuticals",Import
India,France,12-25,367009,"Agricultural Products, Machinery, Chemicals",Export
Thailand,Spain,03-25,232455,"Aircraft, Machinery, Pharmaceuticals",Export
Singapore,Spain,04-25,288992,"Semiconductors, Electronics, Machinery",Export
Brazil,UAE,06-25,363724,"Machinery, Electronics, Vehicles",Import
Spain,Norway,03-25,30683,"Aircraft, Machinery, Pharmaceuticals",Export
UAE,Indonesia,06-25,346773,"Agricultural Products, Machinery, Chemicals",Export
Thailand,Brazil,01-25,487107,"Iron Ore, Soybeans, Crude Oil",Export
Spain,Switzerland,06-25,453817,"Electronics, Machinery, Vehicles",Export
Italy,United States,03-25,459578,"Crude Oil, Electronics, Gold",Import
Saudi Arabia,Thailand,09-25,6764,"Machinery, Electronics, Vehicles",Import
Spain,Italy,04-25,465117,"Pharmaceuticals, Machinery, Chemicals",Import
UAE,Mexico,10-25,181143,"Electronics Components, Machinery, Fabrics",Import
India,Australia,03-25,357488,"Fertilizers, Machinery, Electronics",Import
Germany,Turkey,07-25,353034,"Iron Ore, Soybeans, Crude Oil",Export
Malaysia,Italy,04-25,496505,"Fertilizers, Machinery, Electronics",Import
Switzerland,Germany,04-25,47815,"Aircraft, Machinery, Pharmaceuticals",Export
Malaysia,Saudi Arabia,04-25,361172,"Natural Gas, Electronics, Machinery",Import
Indonesia,Thailand,09-25,147448,"Crude Oil, Electronics, Gold",Import
Malaysia,Brazil,02-25,371390,"Agricultural Products, Machinery, Chemicals",Export
Italy,Singapore,04-25,12257,"Semiconductors, Electronics, Machinery",Export
Spain,Saudi Arabia,10-25,438162,"Textiles, Footwear, Machinery",Export
Italy,Turkey,10-25,422407,"Electronics, Machinery, Vehicles",Export
Austria,South Korea,07-25,258912,"Vehicles, Machinery, Pharmaceuticals",Import
Singapore,Switzerland,06-25,246569,"Pharmaceuticals, Chemicals, Machinery",Export
Netherlands,South Korea,06-25,344666,"Electronics, Machinery, Chemicals",Import
Thailand,Canada,11-25,17548,"Vehicles, Machinery, Chemicals",Export
Mexico,Netherlands,07-25,13360,"Natural Gas, Electronics, Machinery",Export
Japan,India,01-25,72109,"Electronics, Machinery, Vehicles",Export
Mexico,Russia,08-25,397110,"Electronics, Machinery, Vehicles",Export
Germany,India,03-25,300410,"Electronics Components, Machinery, Fabrics",Import
France,Belgium,04-25,357025,"Machinery, Electronics, Vehicles",Import
Poland,Thailand,04-25,50784,"Pharmaceuticals, Machinery, Chemicals",Import
Poland,Russia,01-25,94042,"Vehicles, Machinery, Pharmaceuticals",Import
Austria,Canada,01-25,370389,"Machinery, Electronics, Vehicles",Import
China,UAE,04-25,65587,"Iron Ore, Soybeans, Crude Oil",Export
Poland,Germany,10-25,247587,"Natural Gas, Electronics, Machinery",Import
Thailand,Poland,12-25,92218,"Vehicles, Machinery, Pharmaceuticals",Import
Mexico,UAE,04-25,278784,"Natural Gas, Electronics, Machinery",Import
Brazil,Malaysia,06-25,384611,"Iron Ore, Soybeans, Crude Oil",Export
Brazil,Italy,05-25,485666,"Pharmaceuticals, Machinery, Chemicals",Import
UAE,Turkey,01-25,36201,"Electronics Components, Machinery, Fabrics",Import
Germany,South Korea,06-25,267146,"Electronics, Machinery, Chemicals",Import
Netherlands,Norway,03-25,409534,"Vehicles, Machinery, Pharmaceuticals",Import
Vietnam,France,05-25,170428,"Machinery, Electronics, Vehicles",Import
Japan,Saudi Arabia,08-25,49188,"Vehicles, Machinery, Chemicals",Export
UAE,Brazil,06-25,172294,"Pharmaceuticals, Chemicals, Machinery",Export
UAE,South Africa,12-25,339611,"Electronics Components, Machinery, Fabrics",Import
Austria,Switzerland,02-25,85320,"Natural Gas, Electronics, Machinery",Import
Norway,Sweden,02-25,70966,"Machinery, Electronics, Vehicles",Import
Brazil,UAE,04-25,217321,"Electronics, Machinery, Chemicals",Import
France,Singapore,06-25,253615,"Natural Gas, Electronics, Machinery",Export
Japan,France,12-25,493201,"Textiles, Footwear, Machinery",Export
China,Norway,12-25,133898,"Gems, Jewelry, Pharmaceuticals",Export
France,Turkey,03-25,266760,"Vehicles, Machinery, Pharmaceuticals",Import
United Kingdom,South Korea,05-25,24286,"Fertilizers, Machinery, Electronics",Import
Indonesia,Germany,10-25,377931,"Fertilizers, Machinery, Electronics",Import
Australia,Saudi Arabia,01-25,473295,"Vehicles, Machinery, Pharmaceuticals",Import
Mexico,Malaysia,04-25,364049,"Machinery, Electronics, Vehicles",Import
Canada,Turkey,11-25,195416,"Aircraft, Machinery, Pharmaceuticals",Export
Singapore,Poland,08-25,230495,"Textiles, Footwear, Machinery",Export
China,Australia,08-25,235717,"Natural Gas, Electronics, Machinery",Import
Thailand,Spain,05-25,65786,"Semiconductors, Electronics, Machinery",Export
UAE,Turkey,10-25,459962,"Pharmaceuticals, Machinery, Chemicals",Import
Brazil,Vietnam,01-25,55178,"Electronics, Machinery, Chemicals",Import
Indonesia,Australia,05-25,335547,"Textiles, Footwear, Machinery",Export
France,Belgium,08-25,415136,"Electronics Components, Machinery, Fabrics",Import
Japan,Malaysia,01-25,383671,"Pharmaceuticals, Chemicals, Machinery",Export
Vietnam,South Africa,10-25,433741,"Iron Ore, Soybeans, Crude Oil",Export
Germany,Russia,11-25,450338,"Fertilizers, Machinery, Electronics",Import
India,South Africa,11-25,496906,"Natural Gas, Electronics, Machinery",Import
Mexico,Russia,10-25,5251,"Gems, Jewelry, Pharmaceuticals",Export
Germany,South Korea,07-25,330335,"Vehicles, Machinery, Pharmaceuticals",Import
Germany,Switzerland,12-25,373562,"Natural Gas, Electronics, Machinery",Export
France,Netherlands,10-25,428801,"Semiconductors, Electronics, Machinery",Export
Netherlands,Australia,11-25,430964,"Machinery, Electronics, Vehicles",Import
Austria,United States,03-25,139829,"Fertilizers, Machinery, Electronics",Import
Sweden,Indonesia,10-25,12482,"Semiconductors, Electronics, Machinery",Export
Austria,Italy,11-25,64568,"Gems, Jewelry, Pharmaceuticals",Export
South Korea,South Africa,05-25,361853,"Agricultural Products, Machinery, Chemicals",Export
Norway,South Africa,07-25,402264,"Crude Oil, Electronics, Gold",Import
Malaysia,Thailand,04-25,163034,"Pharmaceuticals, Chemicals, Machinery",Export
Indonesia,South Korea,08-25,186946,"Natural Gas, Electronics, Machinery",Import
Poland,Thailand,10-25,27426,"Agricultural Products, Machinery, Chemicals",Export
Italy,Turkey,12-25,104001,"Machinery, Electronics, Vehicles",Import
Italy,Turkey,09-25,239652,"Crude Oil, Electronics, Gold",Import
Austria,South Korea,09-25,84771,"Iron Ore, Soybeans, Crude Oil",Export
Japan,South Korea,09-25,239595,"Iron Ore, Soybeans, Crude Oil",Export
Italy,Australia,12-25,86043,"Fertilizers, Machinery, Electronics",Import
India,Malaysia,01-25,338717,"Natural Gas, Electronics, Machinery",Export
South Korea,India,10-25,45306,"Textiles, Footwear, Machinery",Export
Turkey,South Africa,05-25,310534,"Agricultural Products, Machinery, Chemicals",Export
Spain,Australia,02-25,241410,"Electronics, Machinery, Vehicles",Export
Vietnam,Belgium,12-25,139996,"Vehicles, Machinery, Chemicals",Export
Norway,Brazil,08-25,374409,"Machinery, Electronics, Vehicles",Import
United Kingdom,Saudi Arabia,12-25,151075,"Pharmaceuticals, Machinery, Chemicals",Import
Belgium,Canada,09-25,372222,"Fertilizers, Machinery, Electronics",Import
Austria,UAE,06-25,149715,"Natural Gas, Electronics, Machinery",Import
Spain,Singapore,04-25,111706,"Natural Gas, Electronics, Machinery",Import
Malaysia,France,05-25,102250,"Natural Gas, Electronics, Machinery",Export
France,South Korea,10-25,56163,"Vehicles, Machinery, Pharmaceuticals",Import
Malaysia,France,06-25,283715,"Semiconductors, Electronics, Machinery",Export
India,United States,01-25,38976,"Iron Ore, Soybeans, Crude Oil",Export
Vietnam,Poland,10-25,268732,"Textiles, Footwear, Machinery",Export
UAE,Vietnam,05-25,463955,"Aircraft, Machinery, Pharmaceuticals",Export
Denmark,China,05-25,183868,"Aircraft, Machinery, Pharmaceuticals",Export
United Kingdom,Indonesia,01-25,44531,"Textiles, Footwear, Machinery",Export
Indonesia,Vietnam,10-25,475206,"Gems, Jewelry, Pharmaceuticals",Export
France,Switzerland,05-25,466787,"Semiconductors, Electronics, Machinery",Export
Malaysia,UAE,11-25,92695,"Natural Gas, Electronics, Machinery",Export
United States,India,09-25,122698,"Vehicles, Machinery, Pharmaceuticals",Import
Vietnam,Switzerland,07-25,266119,"Electronics, Machinery, Chemicals",Import
Poland,Saudi Arabia,09-25,59466,"Pharmaceuticals, Chemicals, Machinery",Export
Norway,Spain,06-25,107223,"Natural Gas, Electronics, Machinery",Import
Austria,Saudi Arabia,09-25,353508,"Fertilizers, Machinery, Electronics",Import
Brazil,Australia,01-25,27775,"Gems, Jewelry, Pharmaceuticals",Export
Netherlands,Vietnam,06-25,78069,"Semiconductors, Electronics, Machinery",Export
Austria,United Kingdom,03-25,314948,"Semiconductors, Electronics, Machinery",Export
China,Belgium,12-25,138472,"Pharmaceuticals, Machinery, Chemicals",Import
Austria,Singapore,11-25,348784,"Electronics, Machinery, Vehicles",Export
Norway,Thailand,06-25,435470,"Natural Gas, Electronics, Machinery",Export
Thailand,South Korea,12-25,429292,"Electronics, Machinery, Chemicals",Import
Sweden,Poland,03-25,320649,"Vehicles, Machinery, Pharmaceuticals",Import
Malaysia,South Korea,03-25,207786,"Gems, Jewelry, Pharmaceuticals",Export
Canada,Indonesia,10-25,95589,"Agricultural Products, Machinery, Chemicals",Export
Australia,Malaysia,11-25,236589,"Pharmaceuticals, Machinery, Chemicals",Import
Switzerland,Mexico,05-25,50234,"Agricultural Products, Machinery, Chemicals",Export
Sweden,Norway,05-25,104418,"Vehicles, Machinery, Chemicals",Export
Spain,France,01-25,343546,"Agricultural Products, Machinery, Chemicals",Export
Belgium,South Africa,06-25,218464,"Natural Gas, Electronics, Machinery",Import
Singapore,Thailand,07-25,443298,"Natural Gas, Electronics, Machinery",Import
Australia,Switzerland,12-25,230864,"Crude Oil, Electronics, Gold",Import
Italy,Germany,05-25,324758,"Electronics Components, Machinery, Fabrics",Import
Denmark,Russia,08-25,450247,"Vehicles, Machinery, Pharmaceuticals",Import
Norway,Saudi Arabia,05-25,355008,"Electronics, Machinery, Vehicles",Export
United Kingdom,France,06-25,275443,"Pharmaceuticals, Machinery, Chemicals",Import
Norway,China,11-25,15382,"Machinery, Electronics, Vehicles",Import
United States,Japan,12-25,38060,"Pharmaceuticals, Machinery, Chemicals",Import
Thailand,Malaysia,05-25,334403,"Semiconductors, Electronics, Machinery",Export
China,Singapore,08-25,357616,"Natural Gas, Electronics, Machinery",Import
China,United Kingdom,11-25,113538,"Crude Oil, Electronics, Gold",Import
Italy,Australia,09-25,465157,"Aircraft, Machinery, Pharmaceuticals",Export
United Kingdom,Russia,12-25,121496,"Iron Ore, Soybeans, Crude Oil",Export
Spain,United Kingdom,01-25,62470,"Natural Gas, Electronics, Machinery",Export
France,Canada,08-25,478070,"Fertilizers, Machinery, Electronics",Import
India,Japan,12-25,97505,"Semiconductors, Electronics, Machinery",Export
Denmark,United States,10-25,153436,"Semiconductors, Electronics, Machinery",Export
Germany,Vietnam,12-25,497855,"Textiles, Footwear, Machinery",Export
Netherlands,China,05-25,292915,"Crude Oil, Electronics, Gold",Import
Australia,Belgium,07-25,150951,"Vehicles, Machinery, Chemicals",Export
Germany,Spain,04-25,285093,"Electronics, Machinery, Chemicals",Import
Spain,Germany,11-25,375520,"Natural Gas, Electronics, Machinery",Export
South Korea,Germany,01-25,382067,"Agricultural Products, Machinery, Chemicals",Export
Brazil,India,06-25,162299,"Textiles, Footwear, Machinery",Export
Norway,India,12-25,273360,"Agricultural Products, Machinery, Chemicals",Export
Indonesia,Spain,06-25,197314,"Electronics, Machinery, Vehicles",Export
Italy,South Korea,02-25,48714,"Natural Gas, Electronics, Machinery",Import
Malaysia,UAE,02-25,195161,"Machinery, Electronics, Vehicles",Import
Singapore,Spain,04-25,413058,"Natural Gas, Electronics, Machinery",Export
India,Poland,11-25,257756,"Vehicles, Machinery, Pharmaceuticals",Import
Thailand,South Africa,07-25,220406,"Electronics, Machinery, Vehicles",Export
Italy,Australia,09-25,350688,"Electronics Components, Machinery, Fabrics",Import
Canada,Saudi Arabia,07-25,283508,"Iron Ore, Soybeans, Crude Oil",Export
Thailand,Singapore,04-25,216291,"Fertilizers, Machinery, Electronics",Import
Mexico,United Kingdom,08-25,196262,"Electronics Components, Machinery, Fabrics",Import
Sweden,France,02-25,315163,"Natural Gas, Electronics, Machinery",Import
Saudi Arabia,Norway,08-25,272050,"Vehicles, Machinery, Pharmaceuticals",Import
Indonesia,Spain,05-25,404355,"Iron Ore, Soybeans, Crude Oil",Export
Canada,Mexico,04-25,92201,"Vehicles, Machinery, Pharmaceuticals",Import
Spain,Turkey,08-25,8707,"Crude Oil, Electronics, Gold",Import
Germany,Mexico,08-25,92347,"Pharmaceuticals, Chemicals, Machinery",Export
United Kingdom,Singapore,08-25,196665,"Vehicles, Machinery, Pharmaceuticals",Import
Thailand,Australia,05-25,100875,"Electronics Components, Machinery, Fabrics",Import
Spain,Thailand,05-25,59916,"Natural Gas, Electronics, Machinery",Export
China,Turkey,01-25,179378,"Vehicles, Machinery, Pharmaceuticals",Import
Thailand,Mexico,04-25,93769,"Iron Ore, Soybeans, Crude Oil",Export
Singapore,Malaysia,10-25,74526,"Natural Gas, Electronics, Machinery",Import
Indonesia,Singapore,11-25,89301,"Agricultural Products, Machinery, Chemicals",Export
Mexico,Saudi Arabia,04-25,33290,"Textiles, Footwear, Machinery",Export
Italy,United States,01-25,247331,"Machinery, Electronics, Vehicles",Import
Spain,UAE,08-25,190315,"Iron Ore, Soybeans, Crude Oil",Export
India,Norway,12-25,251284,"Agricultural Products, Machinery, Chemicals",Export
Sweden,Switzerland,12-25,159281,"Agricultural Products, Machinery, Chemicals",Export
Vietnam,Norway,12-25,217867,"Crude Oil, Electronics, Gold",Import
Mexico,Singapore,12-25,410813,"Crude Oil, Electronics, Gold",Import
United States,United Kingdom,07-25,97180,"Fertilizers, Machinery, Electronics",Import
Germany,United Kingdom,02-25,186475,"Semiconductors, Electronics, Machinery",Export
Denmark,Germany,08-25,406579,"Fertilizers, Machinery, Electronics",Import
China,United Kingdom,02-25,126073,"Vehicles, Machinery, Pharmaceuticals",Import
UAE,United Kingdom,02-25,394887,"Iron Ore, Soybeans, Crude Oil",Export
South Korea,India,05-25,15036,"Vehicles, Machinery, Pharmaceuticals",Import
Australia,China,04-25,319466,"Semiconductors, Electronics, Machinery",Export
Austria,Vietnam,06-25,133052,"Natural Gas, Electronics, Machinery",Export
South Korea,Thailand,10-25,260254,"Electronics Components, Machinery, Fabrics",Import
Germany,India,09-25,311016,"Natural Gas, Electronics, Machinery",Export
Indonesia,South Korea,02-25,327854,"Electronics Components, Machinery, Fabrics",Import
Austria,Sweden,09-25,319537,"Fertilizers, Machinery, Electronics",Import
United States,Thailand,07-25,297075,"Natural Gas, Electronics, Machinery",Import
Spain,UAE,12-25,314668,"Natural Gas, Electronics, Machinery",Import
Thailand,Japan,11-25,382991,"Fertilizers, Machinery, Electronics",Import
France,Germany,07-25,460520,"Textiles, Footwear, Machinery",Export
China,Canada,07-25,156091,"Crude Oil, Electronics, Gold",Import
Spain,Germany,05-25,269713,"Pharmaceuticals, Machinery, Chemicals",Import
Japan,India,03-25,22889,"Natural Gas, Electronics, Machinery",Export
Netherlands,France,01-25,75490,"Agricultural Products, Machinery, Chemicals",Export
India,Brazil,02-25,71615,"Electronics Components, Machinery, Fabrics",Import
South Korea,Belgium,05-25,470734,"Iron Ore, Soybeans, Crude Oil",Export
Brazil,Netherlands,03-25,348943,"Vehicles, Machinery, Pharmaceuticals",Import
India,South Korea,03-25,391738,"Textiles, Footwear, Machinery",Export
Austria,United Kingdom,01-25,479575,"Iron Ore, Soybeans, Crude Oil",Export
Switzerland,United Kingdom,11-25,239859,"Vehicles, Machinery, Pharmaceuticals",Import
Netherlands,India,02-25,45246,"Pharmaceuticals, Machinery, Chemicals",Import
Poland,South Korea,11-25,272692,"Electronics, Machinery, Vehicles",Export
China,South Africa,10-25,13688,"Gems, Jewelry, Pharmaceuticals",Export
Thailand,France,08-25,33887,"Textiles, Footwear, Machinery",Export
Thailand,Saudi Arabia,08-25,493463,"Natural Gas, Electronics, Machinery",Import
Australia,Germany,11-25,263187,"Machinery, Electronics, Vehicles",Import
Poland,Netherlands,10-25,499079,"Electronics, Machinery, Chemicals",Import
France,Belgium,09-25,69713,"Fertilizers, Machinery, Electronics",Import
Malaysia,UAE,07-25,243390,"Pharmaceuticals, Chemicals, Machinery",Export
India,Poland,11-25,31509,"Natural Gas, Electronics, Machinery",Export
Saudi Arabia,South Africa,07-25,41323,"Textiles, Footwear, Machinery",Export
Vietnam,Russia,04-25,31616,"Textiles, Footwear, Machinery",Export
Vietnam,Japan,12-25,285035,"Natural Gas, Electronics, Machinery",Import
UAE,Poland,01-25,20533,"Electronics Components, Machinery, Fabrics",Import
South Korea,Indonesia,04-25,61678,"Electronics, Machinery, Chemicals",Import
France,China,08-25,439615,"Iron Ore, Soybeans, Crude Oil",Export
Austria,Norway,06-25,222887,"Vehicles, Machinery, Pharmaceuticals",Import
Singapore,Japan,09-25,282196,"Natural Gas, Electronics, Machinery",Export
Thailand,Poland,06-25,215856,"Aircraft, Machinery, Pharmaceuticals",Export
Malaysia,Japan,02-25,81962,"Pharmaceuticals, Chemicals, Machinery",Export
Saudi Arabia,Norway,03-25,24294,"Electronics, Machinery, Chemicals",Import
UAE,South Africa,11-25,13858,"Agricultural Products, Machinery, Chemicals",Export
France,Poland,08-25,466607,"Crude Oil, Electronics, Gold",Import
Mexico,Switzerland,10-25,192804,"Pharmaceuticals, Chemicals, Machinery",Export
Mexico,Russia,02-25,451199,"Natural Gas, Electronics, Machinery",Import
Belgium,Spain,03-25,337321,"Vehicles, Machinery, Pharmaceuticals",Import
Italy,Poland,10-25,359558,"Vehicles, Machinery, Pharmaceuticals",Import
Spain,Italy,01-25,312386,"Electronics, Machinery, Chemicals",Import
Indonesia,Japan,09-25,190423,"Vehicles, Machinery, Chemicals",Export
United Kingdom,Belgium,03-25,403143,"Fertilizers, Machinery, Electronics",Import
China,Vietnam,04-25,59878,"Vehicles, Machinery, Pharmaceuticals",Import
Japan,Singapore,01-25,112445,"Crude Oil, Electronics, Gold",Import
Spain,Australia,04-25,434568,"Pharmaceuticals, Machinery, Chemicals",Import
Denmark,Japan,08-25,238923,"Electronics, Machinery, Chemicals",Import
Mexico,Australia,09-25,343735,"Agricultural Products, Machinery, Chemicals",Export
Saudi Arabia,Brazil,07-25,3851,"Aircraft, Machinery, Pharmaceuticals",Export
Austria,Saudi Arabia,01-25,371176,"Iron Ore, Soybeans, Crude Oil",Export
India,Poland,03-25,394395,"Gems, Jewelry, Pharmaceuticals",Export
Canada,South Korea,07-25,469187,"Machinery, Electronics, Vehicles",Import
Australia,Malaysia,08-25,46010,"Gems, Jewelry, Pharmaceuticals",Export
Netherlands,Poland,05-25,257403,"Natural Gas, Electronics, Machinery",Export
Indonesia,Russia,01-25,146382,"Machinery, Electronics, Vehicles",Import
South Korea,Netherlands,05-25,111851,"Fertilizers, Machinery, Electronics",Import
Japan,Vietnam,05-25,381840,"Natural Gas, Electronics, Machinery",Import
UAE,Canada,03-25,105885,"Pharmaceuticals, Machinery, Chemicals",Import
China,Norway,09-25,28799,"Electronics, Machinery, Vehicles",Export
China,Singapore,02-25,37411,"Electronics, Machinery, Chemicals",Import
Switzerland,Japan,02-25,419222,"Electronics, Machinery, Chemicals",Import
Sweden,Turkey,05-25,122360,"Vehicles, Machinery, Pharmaceuticals",Import
Saudi Arabia,Belgium,09-25,134909,"Vehicles, Machinery, Pharmaceuticals",Import
Austria,Switzerland,06-25,495945,"Electronics, Machinery, Vehicles",Export
Netherlands,United States,11-25,134593,"Aircraft, Machinery, Pharmaceuticals",Export
France,Sweden,12-25,326616,"Electronics Components, Machinery, Fabrics",Import
UAE,Singapore,06-25,290216,"Natural Gas, Electronics, Machinery",Import
Malaysia,Spain,12-25,48756,"Semiconductors, Electronics, Machinery",Export
Spain,UAE,05-25,444122,"Textiles, Footwear, Machinery",Export
Saudi Arabia,Belgium,02-25,288033,"Electronics Components, Machinery, Fabrics",Import
South Korea,Thailand,05-25,379632,"Iron Ore, Soybeans, Crude Oil",Export
Saudi Arabia,Germany,12-25,278032,"Vehicles, Machinery, Pharmaceuticals",Import
Germany,Italy,11-25,382447,"Vehicles, Machinery, Pharmaceuticals",Import
France,Australia,11-25,433710,"Aircraft, Machinery, Pharmaceuticals",Export
Canada,Japan,10-25,408672,"Electronics Components, Machinery, Fabrics",Import
United States,Switzerland,07-25,198796,"Electronics Components, Machinery, Fabrics",Import
India,Russia,07-25,375871,"Pharmaceuticals, Chemicals, Machinery",Export
United States,Turkey,09-25,259487,"Crude Oil, Electronics, Gold",Import
Poland,China,11-25,18738,"Pharmaceuticals, Machinery, Chemicals",Import
Germany,Indonesia,09-25,259710,"Iron Ore, Soybeans, Crude Oil",Export
Singapore,South Korea,10-25,171587,"Machinery, Electronics, Vehicles",Import
Saudi Arabia,France,09-25,292135,"Semiconductors, Electronics, Machinery",Export
Australia,Sweden,04-25,74270,"Textiles, Footwear, Machinery",Export
Denmark,Canada,11-25,24463,"Machinery, Electronics, Vehicles",Import
United States,India,12-25,22078,"Machinery, Electronics, Vehicles",Import
Australia,Spain,01-25,103566,"Pharmaceuticals, Chemicals, Machinery",Export
Canada,China,08-25,249771,"Textiles, Footwear, Machinery",Export
Canada,United States,03-25,249355,"Natural Gas, Electronics, Machinery",Export
Japan,Spain,04-25,146719,"Gems, Jewelry, Pharmaceuticals",Export
Austria,Thailand,02-25,439167,"Electronics Components, Machinery, Fabrics",Import
United Kingdom,Thailand,03-25,401694,"Crude Oil, Electronics, Gold",Import
Austria,Australia,06-25,480454,"Agricultural Products, Machinery, Chemicals",Export
Spain,United States,04-25,124642,"Fertilizers, Machinery, Electronics",Import
Poland,Malaysia,06-25,197941,"Pharmaceuticals, Machinery, Chemicals",Import
Netherlands,Norway,02-25,14463,"Gems, Jewelry, Pharmaceuticals",Export
Brazil,United States,08-25,345192,"Crude Oil, Electronics, Gold",Import
Netherlands,Russia,08-25,201598,"Electronics, Machinery, Chemicals",Import
China,Saudi Arabia,09-25,407743,"Electronics, Machinery, Vehicles",Export
Vietnam,Indonesia,11-25,353072,"Machinery, Electronics, Vehicles",Import
India,UAE,02-25,329295,"Agricultural Products, Machinery, Chemicals",Export
South Korea,India,10-25,247658,"Natural Gas, Electronics, Machinery",Export
Spain,Australia,01-25,222738,"Vehicles, Machinery, Chemicals",Export
Netherlands,Japan,04-25,306037,"Machinery, Electronics, Vehicles",Import
Austria,Poland,11-25,332971,"Semiconductors, Electronics, Machinery",Export
Canada,Switzerland,04-25,480010,"Vehicles, Machinery, Chemicals",Export
Mexico,Italy,01-25,104680,"Agricultural Products, Machinery, Chemicals",Export
Singapore,United Kingdom,10-25,142004,"Aircraft, Machinery, Pharmaceuticals",Export
Germany,Saudi Arabia,07-25,419834,"Vehicles, Machinery, Chemicals",Export
Italy,United Kingdom,05-25,462175,"Machinery, Electronics, Vehicles",Import
Poland,India,03-25,489973,"Electronics, Machinery, Vehicles",Export
Saudi Arabia,Singapore,02-25,458198,"Machinery, Electronics, Vehicles",Import
Belgium,Turkey,12-25,291122,"Electronics, Machinery, Chemicals",Import
Saudi Arabia,Norway,08-25,204459,"Vehicles, Machinery, Pharmaceuticals",Import
Turkey,Canada,02-25,313120,"Vehicles, Machinery, Chemicals",Export
Austria,Italy,08-25,277515,"Agricultural Products, Machinery, Chemicals",Export
Brazil,Norway,07-25,298012,"Agricultural Products, Machinery, Chemicals",Export
Poland,Australia,01-25,80323,"Pharmaceuticals, Machinery, Chemicals",Import
Netherlands,Sweden,12-25,363392,"Textiles, Footwear, Machinery",Export
Germany,Poland,07-25,146864,"Vehicles, Machinery, Pharmaceuticals",Import
Italy,Switzerland,11-25,146184,"Aircraft, Machinery, Pharmaceuticals",Export
Norway,Vietnam,10-25,430328,"Aircraft, Machinery, Pharmaceuticals",Export
Austria,Netherlands,10-25,60466,"Crude Oil, Electronics, Gold",Import
France,Netherlands,10-25,201108,"Electronics, Machinery, Vehicles",Export
Norway,Saudi Arabia,02-25,291642,"Machinery, Electronics, Vehicles",Import
Singapore,Malaysia,08-25,39610,"Semiconductors, Electronics, Machinery",Export
Italy,Indonesia,08-25,482111,"Pharmaceuticals, Machinery, Chemicals",Import
Turkey,United Kingdom,08-25,382644,"Vehicles, Machinery, Chemicals",Export
Vietnam,Canada,10-25,96974,"Aircraft, Machinery, Pharmaceuticals",Export
Saudi Arabia,Turkey,02-25,366994,"Iron Ore, Soybeans, Crude Oil",Export
Mexico,Spain,02-25,29548,"Machinery, Electronics, Vehicles",Import
Poland,Spain,09-25,156086,"Crude Oil, Electronics, Gold",Import
Mexico,Indonesia,11-25,183114,"Vehicles, Machinery, Pharmaceuticals",Import
Turkey,Brazil,09-25,133308,"Crude Oil, Electronics, Gold",Import
France,Netherlands,07-25,9316,"Crude Oil, Electronics, Gold",Import
Netherlands,South Korea,01-25,232025,"Crude Oil, Electronics, Gold",Import
India,Sweden,07-25,324442,"Fertilizers, Machinery, Electronics",Import
France,Netherlands,01-25,473468,"Textiles, Footwear, Machinery",Export
Malaysia,Canada,02-25,214573,"Pharmaceuticals, Machinery, Chemicals",Import
Norway,India,08-25,333624,"Machinery, Electronics, Vehicles",Import
Spain,Australia,01-25,409241,"Fertilizers, Machinery, Electronics",Import
Germany,Japan,11-25,157236,"Iron Ore, Soybeans, Crude Oil",Export
Vietnam,Sweden,08-25,62846,"Fertilizers, Machinery, Electronics",Import
Turkey,UAE,02-25,44891,"Fertilizers, Machinery, Electronics",Import
Singapore,Saudi Arabia,08-25,228492,"Machinery, Electronics, Vehicles",Import
Switzerland,United States,10-25,160516,"Semiconductors, Electronics, Machinery",Export
Italy,China,03-25,356635,"Agricultural Products, Machinery, Chemicals",Export
Switzerland,Australia,10-25,220635,"Electronics, Machinery, Chemicals",Import
Vietnam,China,07-25,302914,"Fertilizers, Machinery, Electronics",Import
Canada,Spain,07-25,157373,"Agricultural Products, Machinery, Chemicals",Export
Canada,France,01-25,243003,"Natural Gas, Electronics, Machinery",Import
UAE,Russia,10-25,413763,"Vehicles, Machinery, Chemicals",Export
Malaysia,Japan,06-25,179978,"Textiles, Footwear, Machinery",Export
Poland,Belgium,05-25,442315,"Vehicles, Machinery, Pharmaceuticals",Import
South Korea,Japan,09-25,50850,"Natural Gas, Electronics, Machinery",Import
India,Vietnam,01-25,347910,"Pharmaceuticals, Machinery, Chemicals",Import
China,South Korea,02-25,191155,"Vehicles, Machinery, Pharmaceuticals",Import
Turkey,Sweden,04-25,11513,"Fertilizers, Machinery, Electronics",Import
Brazil,Australia,11-25,5408,"Electronics, Machinery, Chemicals",Import
Mexico,Norway,07-25,384642,"Pharmaceuticals, Machinery, Chemicals",Import
Denmark,Mexico,07-25,472174,"Iron Ore, Soybeans, Crude Oil",Export
UAE,Poland,05-25,338477,"Machinery, Electronics, Vehicles",Import
Poland,UAE,04-25,487630,"Gems, Jewelry, Pharmaceuticals",Export
Norway,Italy,03-25,121921,"Aircraft, Machinery, Pharmaceuticals",Export
Austria,Sweden,09-25,444945,"Semiconductors, Electronics, Machinery",Export
United Kingdom,Indonesia,05-25,278989,"Gems, Jewelry, Pharmaceuticals",Export
Indonesia,India,05-25,122914,"Natural Gas, Electronics, Machinery",Export
Switzerland,Saudi Arabia,03-25,456989,"Natural Gas, Electronics, Machinery",Export
Saudi Arabia,Netherlands,02-25,50214,"Aircraft, Machinery, Pharmaceuticals",Export
Mexico,Malaysia,10-25,201001,"Fertilizers, Machinery, Electronics",Import
Austria,Italy,08-25,204173,"Crude Oil, Electronics, Gold",Import
Thailand,Malaysia,08-25,339817,"Fertilizers, Machinery, Electronics",Import
Australia,Poland,03-25,441111,"Electronics Components, Machinery, Fabrics",Import
Malaysia,Brazil,07-25,196585,"Fertilizers, Machinery, Electronics",Import
Canada,South Africa,08-25,359602,"Machinery, Electronics, Vehicles",Import
Italy,Belgium,08-25,159737,"Pharmaceuticals, Machinery, Chemicals",Import
United States,Poland,10-25,90924,"Vehicles, Machinery, Pharmaceuticals",Import
United Kingdom,Poland,01-25,418861,"Vehicles, Machinery, Pharmaceuticals",Import
China,Indonesia,02-25,24394,"Electronics Components, Machinery, Fabrics",Import
Brazil,South Africa,11-25,144943,"Vehicles, Machinery, Pharmaceuticals",Import
Turkey,Indonesia,04-25,96833,"Electronics, Machinery, Chemicals",Import
China,Malaysia,03-25,48578,"Agricultural Products, Machinery, Chemicals",Export
South Korea,India,06-25,41737,"Vehicles, Machinery, Chemicals",Export
South Korea,Saudi Arabia,03-25,129519,"Aircraft, Machinery, Pharmaceuticals",Export
Belgium,United Kingdom,01-25,73954,"Electronics, Machinery, Vehicles",Export
Norway,Belgium,01-25,222534,"Semiconductors, Electronics, Machinery",Export
Poland,Brazil,11-25,360448,"Pharmaceuticals, Chemicals, Machinery",Export
United Kingdom,India,04-25,342259,"Electronics, Machinery, Chemicals",Import
Japan,Germany,10-25,168568,"Gems, Jewelry, Pharmaceuticals",Export
India,Thailand,12-25,60963,"Vehicles, Machinery, Pharmaceuticals",Import
Denmark,Brazil,06-25,357611,"Machinery, Electronics, Vehicles",Import
United States,France,12-25,210071,"Aircraft, Machinery, Pharmaceuticals",Export
Vietnam,Poland,06-25,245037,"Textiles, Footwear, Machinery",Export
Brazil,Mexico,03-25,464548,"Iron Ore, Soybeans, Crude Oil",Export
South Korea,Turkey,12-25,497803,"Electronics Components, Machinery, Fabrics",Import
Indonesia,Brazil,06-25,388361,"Electronics, Machinery, Chemicals",Import
Belgium,Norway,02-25,300065,"Natural Gas, Electronics, Machinery",Export
Singapore,Australia,07-25,244710,"Vehicles, Machinery, Chemicals",Export
Vietnam,Italy,12-25,54536,"Vehicles, Machinery, Pharmaceuticals",Import
Turkey,Australia,01-25,267717,"Textiles, Footwear, Machinery",Export
Italy,Spain,05-25,92157,"Electronics, Machinery, Vehicles",Export
Austria,South Korea,10-25,54542,"Electronics, Machinery, Vehicles",Export
Mexico,Netherlands,04-25,359239,"Pharmaceuticals, Machinery, Chemicals",Import
Canada,Norway,12-25,280003,"Aircraft, Machinery, Pharmaceuticals",Export
China,Belgium,10-25,174413,"Gems, Jewelry, Pharmaceuticals",Export
Italy,Brazil,04-25,294935,"Machinery, Electronics, Vehicles",Import
France,Singapore,04-25,79955,"Electronics, Machinery, Chemicals",Import
India,Canada,05-25,498008,"Electronics, Machinery, Vehicles",Export
Switzerland,France,03-25,267690,"Textiles, Footwear, Machinery",Export
South Korea,Australia,11-25,191117,"Electronics, Machinery, Vehicles",Export
United States,Malaysia,06-25,386080,"Iron Ore, Soybeans, Crude Oil",Export
UAE,Vietnam,08-25,416724,"Gems, Jewelry, Pharmaceuticals",Export
France,Turkey,01-25,342072,"Gems, Jewelry, Pharmaceuticals",Export
China,Malaysia,08-25,75589,"Textiles, Footwear, Machinery",Export
Poland,France,07-25,386022,"Natural Gas, Electronics, Machinery",Import
China,Australia,04-25,488644,"Vehicles, Machinery, Pharmaceuticals",Import
Singapore,United States,01-25,36050,"Agricultural Products, Machinery, Chemicals",Export
Norway,Poland,09-25,401823,"Electronics Components, Machinery, Fabrics",Import
Denmark,Malaysia,12-25,457559,"Semiconductors, Electronics, Machinery",Export
Switzerland,Belgium,12-25,300305,"Gems, Jewelry, Pharmaceuticals",Export
Spain,Vietnam,04-25,220622,"Electronics, Machinery, Vehicles",Export
Germany,France,05-25,63577,"Semiconductors, Electronics, Machinery",Export
Turkey,Canada,10-25,437624,"Agricultural Products, Machinery, Chemicals",Export
Singapore,Italy,03-25,231942,"Pharmaceuticals, Chemicals, Machinery",Export
Belgium,Turkey,07-25,156116,"Aircraft, Machinery, Pharmaceuticals",Export
Indonesia,Australia,05-25,441269,"Crude Oil, Electronics, Gold",Import
Sweden,Brazil,03-25,118925,"Electronics, Machinery, Vehicles",Export
Saudi Arabia,Sweden,08-25,494164,"Iron Ore, Soybeans, Crude Oil",Export
Poland,Spain,11-25,428861,"Machinery, Electronics, Vehicles",Import
Mexico,Norway,09-25,188648,"Pharmaceuticals, Chemicals, Machinery",Export
Vietnam,South Korea,02-25,352108,"Semiconductors, Electronics, Machinery",Export
Thailand,United States,09-25,366183,"Semiconductors, Electronics, Machinery",Export
Turkey,Russia,12-25,212266,"Pharmaceuticals, Machinery, Chemicals",Import
Vietnam,Canada,01-25,275592,"Semiconductors, Electronics, Machinery",Export
Italy,Indonesia,09-25,255893,"Semiconductors, Electronics, Machinery",Export
Norway,Mexico,01-25,319650,"Pharmaceuticals, Chemicals, Machinery",Export
Mexico,United States,04-25,379026,"Electronics Components, Machinery, Fabrics",Import
Japan,Malaysia,01-25,93477,"Electronics, Machinery, Vehicles",Export
United States,Italy,09-25,321671,"Electronics, Machinery, Chemicals",Import
Australia,Italy,10-25,258363,"Agricultural Products, Machinery, Chemicals",Export
Saudi Arabia,Indonesia,10-25,338653,"Iron Ore, Soybeans, Crude Oil",Export
Saudi Arabia,Mexico,02-25,64860,"Machinery, Electronics, Vehicles",Import
Thailand,Belgium,02-25,64579,"Iron Ore, Soybeans, Crude Oil",Export
China,France,01-25,60330,"Semiconductors, Electronics, Machinery",Export
Poland,Vietnam,02-25,457176,"Pharmaceuticals, Machinery, Chemicals",Import
Denmark,Poland,12-25,216009,"Electronics, Machinery, Vehicles",Export
Switzerland,Belgium,04-25,206109,"Machinery, Electronics, Vehicles",Import
Saudi Arabia,Switzerland,03-25,391454,"Agricultural Products, Machinery, Chemicals",Export
Brazil,Vietnam,04-25,226761,"Electronics, Machinery, Chemicals",Import
Netherlands,Germany,03-25,166910,"Semiconductors, Electronics, Machinery",Export
India,Turkey,05-25,449851,"Natural Gas, Electronics, Machinery",Export
Belgium,Malaysia,08-25,222339,"Iron Ore, Soybeans, Crude Oil",Export
Canada,Russia,05-25,42766,"Pharmaceuticals, Chemicals, Machinery",Export
Switzerland,Russia,01-25,33419,"Machinery, Electronics, Vehicles",Import
China,Spain,01-25,486337,"Gems, Jewelry, Pharmaceuticals",Export
India,Turkey,01-25,303816,"Electronics, Machinery, Vehicles",Export
United States,UAE,09-25,322599,"Pharmaceuticals, Chemicals, Machinery",Export
China,UAE,04-25,376411,"Fertilizers, Machinery, Electronics",Import
Saudi Arabia,South Korea,12-25,252951,"Crude Oil, Electronics, Gold",Import
Poland,Norway,04-25,317742,"Pharmaceuticals, Chemicals, Machinery",Export
Switzerland,Mexico,11-25,324720,"Pharmaceuticals, Chemicals, Machinery",Export
Brazil,South Korea,03-25,5508,"Natural Gas, Electronics, Machinery",Import
Norway,Indonesia,03-25,292376,"Natural Gas, Electronics, Machinery",Export
United Kingdom,Saudi Arabia,03-25,322977,"Pharmaceuticals, Machinery, Chemicals",Import
Poland,Indonesia,01-25,308891,"Gems, Jewelry, Pharmaceuticals",Export
United Kingdom,Norway,12-25,287254,"Natural Gas, Electronics, Machinery",Export
Norway,Canada,02-25,103429,"Natural Gas, Electronics, Machinery",Import
Germany,China,08-25,497127,"Electronics, Machinery, Chemicals",Import
Singapore,Mexico,05-25,57524,"Crude Oil, Electronics, Gold",Import
Germany,Mexico,07-25,128085,"Agricultural Products, Machinery, Chemicals",Export
Singapore,Netherlands,01-25,450816,"Agricultural Products, Machinery, Chemicals",Export
Saudi Arabia,United Kingdom,10-25,158776,"Natural Gas, Electronics, Machinery",Import
UAE,China,08-25,129889,"Semiconductors, Electronics, Machinery",Export
Vietnam,Netherlands,11-25,446632,"Aircraft, Machinery, Pharmaceuticals",Export
Italy,Canada,07-25,109229,"Agricultural Products, Machinery, Chemicals",Export
India,Canada,03-25,292272,"Crude Oil, Electronics, Gold",Import
India,Vietnam,09-25,186677,"Natural Gas, Electronics, Machinery",Export
Italy,Netherlands,04-25,222034,"Pharmaceuticals, Chemicals, Machinery",Export
Sweden,India,06-25,431998,"Semiconductors, Electronics, Machinery",Export
Netherlands,UAE,05-25,345291,"Iron Ore, Soybeans, Crude Oil",Export
Switzerland,Poland,12-25,308123,"Natural Gas, Electronics, Machinery",Import
France,India,04-25,11746,"Pharmaceuticals, Chemicals, Machinery",Export
Poland,United States,10-25,491079,"Semiconductors, Electronics, Machinery",Export
Sweden,India,03-25,215230,"Iron Ore, Soybeans, Crude Oil",Export
Malaysia,Russia,10-25,81283,"Vehicles, Machinery, Pharmaceuticals",Import
United States,Germany,11-25,92728,"Natural Gas, Electronics, Machinery",Export
Japan,UAE,04-25,111681,"Electronics, Machinery, Chemicals",Import
Spain,Poland,07-25,81818,"Natural Gas, Electronics, Machinery",Export
Brazil,Norway,07-25,94329,"Fertilizers, Machinery, Electronics",Import
France,Brazil,11-25,251225,"Electronics Components, Machinery, Fabrics",Import
Saudi Arabia,Turkey,08-25,476512,"Natural Gas, Electronics, Machinery",Export
China,Spain,10-25,160102,"Aircraft, Machinery, Pharmaceuticals",Export
Australia,Spain,01-25,171788,"Electronics, Machinery, Chemicals",Import
Singapore,United Kingdom,05-25,47464,"Vehicles, Machinery, Pharmaceuticals",Import
United States,China,05-25,58713,"Aircraft, Machinery, Pharmaceuticals",Export
India,South Africa,03-25,360170,"Natural Gas, Electronics, Machinery",Export
Poland,Germany,06-25,471671,"Machinery, Electronics, Vehicles",Import
Austria,Japan,07-25,112129,"Textiles, Footwear, Machinery",Export
Australia,France,12-25,99031,"Electronics, Machinery, Vehicles",Export
France,South Korea,12-25,343853,"Electronics, Machinery, Chemicals",Import
Brazil,China,03-25,208980,"Pharmaceuticals, Chemicals, Machinery",Export
Malaysia,Vietnam,07-25,363566,"Machinery, Electronics, Vehicles",Import
Denmark,South Korea,09-25,36643,"Iron Ore, Soybeans, Crude Oil",Export
Saudi Arabia,Germany,05-25,496309,"Crude Oil, Electronics, Gold",Import
Austria,Thailand,05-25,274219,"Vehicles, Machinery, Pharmaceuticals",Import
Spain,Belgium,08-25,320557,"Vehicles, Machinery, Pharmaceuticals",Import
Mexico,Turkey,06-25,316442,"Natural Gas, Electronics, Machinery",Import
Mexico,Belgium,12-25,238393,"Pharmaceuticals, Chemicals, Machinery",Export
Norway,Indonesia,08-25,202355,"Machinery, Electronics, Vehicles",Import
Singapore,Mexico,03-25,194486,"Electronics, Machinery, Chemicals",Import
South Korea,Poland,12-25,495133,"Natural Gas, Electronics, Machinery",Export
United Kingdom,Thailand,04-25,187655,"Iron Ore, Soybeans, Crude Oil",Export
UAE,Saudi Arabia,07-25,79774,"Agricultural Products, Machinery, Chemicals",Export
India,Singapore,07-25,322723,"Fertilizers, Machinery, Electronics",Import
Poland,Norway,05-25,206701,"Electronics, Machinery, Chemicals",Import
Brazil,Poland,11-25,395866,"Machinery, Electronics, Vehicles",Import
Italy,Saudi Arabia,10-25,281506,"Natural Gas, Electronics, Machinery",Import
Norway,France,10-25,20249,"Electronics Components, Machinery, Fabrics",Import
China,Sweden,06-25,25899,"Electronics, Machinery, Chemicals",Import
UAE,Malaysia,05-25,341216,"Electronics Components, Machinery, Fabrics",Import
Canada,UAE,11-25,151382,"Iron Ore, Soybeans, Crude Oil",Export
Switzerland,China,01-25,112246,"Natural Gas, Electronics, Machinery",Import
Saudi Arabia,France,08-25,372658,"Pharmaceuticals, Chemicals, Machinery",Export
Norway,Mexico,03-25,213049,"Textiles, Footwear, Machinery",Export
United States,Canada,05-25,362070,"Vehicles, Machinery, Pharmaceuticals",Import
France,United States,01-25,26538,"Electronics Components, Machinery, Fabrics",Import
Indonesia,Sweden,05-25,247888,"Vehicles, Machinery, Pharmaceuticals",Import
United Kingdom,Canada,02-25,280751,"Crude Oil, Electronics, Gold",Import
France,Netherlands,05-25,173065,"Natural Gas, Electronics, Machinery",Export
Netherlands,UAE,12-25,328688,"Electronics, Machinery, Vehicles",Export
Poland,Sweden,04-25,343205,"Fertilizers, Machinery, Electronics",Import
Netherlands,China,02-25,328907,"Natural Gas, Electronics, Machinery",Import
Norway,Switzerland,09-25,82318,"Vehicles, Machinery, Chemicals",Export
Denmark,Brazil,08-25,207902,"Pharmaceuticals, Machinery, Chemicals",Import
Italy,Spain,06-25,199151,"Electronics Components, Machinery, Fabrics",Import
Italy,Russia,10-25,123556,"Vehicles, Machinery, Pharmaceuticals",Import
Australia,United Kingdom,05-25,401494,"Natural Gas, Electronics, Machinery",Export
Switzerland,Mexico,01-25,446851,"Electronics, Machinery, Chemicals",Import
Germany,Indonesia,02-25,264269,"Pharmaceuticals, Machinery, Chemicals",Import
Spain,Canada,12-25,453986,"Crude Oil, Electronics, Gold",Import
France,Netherlands,07-25,201860,"Electronics Components, Machinery, Fabrics",Import
Japan,Singapore,06-25,87752,"Pharmaceuticals, Chemicals, Machinery",Export
Germany,Japan,09-25,420134,"Electronics, Machinery, Chemicals",Import
United States,Vietnam,08-25,410627,"Vehicles, Machinery, Pharmaceuticals",Import
United Kingdom,Singapore,05-25,392197,"Aircraft, Machinery, Pharmaceuticals",Export
Switzerland,Brazil,06-25,437267,"Machinery, Electronics, Vehicles",Import
Belgium,France,07-25,156234,"Electronics, Machinery, Vehicles",Export
Japan,Sweden,07-25,450784,"Pharmaceuticals, Machinery, Chemicals",Import
Denmark,United Kingdom,12-25,181131,"Electronics Components, Machinery, Fabrics",Import
Denmark,China,05-25,28849,"Electronics, Machinery, Chemicals",Import
Canada,Belgium,06-25,120340,"Iron Ore, Soybeans, Crude Oil",Export
Germany,Singapore,11-25,365316,"Electronics Components, Machinery, Fabrics",Import
Poland,India,11-25,354767,"Fertilizers, Machinery, Electronics",Import
South Korea,United Kingdom,04-25,372492,"Natural Gas, Electronics, Machinery",Export
South Korea,Saudi Arabia,12-25,14165,"Electronics Components, Machinery, Fabrics",Import
Netherlands,Germany,07-25,212800,"Machinery, Electronics, Vehicles",Import
Poland,France,05-25,50693,"Crude Oil, Electronics, Gold",Import
Japan,Turkey,11-25,184307,"Semiconductors, Electronics, Machinery",Export
Netherlands,South Korea,06-25,451924,"Textiles, Footwear, Machinery",Export
China,Italy,10-25,36242,"Textiles, Footwear, Machinery",Export
Germany,Norway,10-25,492289,"Electronics Components, Machinery, Fabrics",Import
Belgium,Norway,06-25,236945,"Fertilizers, Machinery, Electronics",Import
Singapore,Turkey,03-25,88543,"Natural Gas, Electronics, Machinery",Export
Italy,Saudi Arabia,10-25,247341,"Vehicles, Machinery, Chemicals",Export
France,Thailand,12-25,37154,"Semiconductors, Electronics, Machinery",Export
Japan,South Africa,01-25,370398,"Gems, Jewelry, Pharmaceuticals",Export
India,Malaysia,09-25,450111,"Vehicles, Machinery, Chemicals",Export
Mexico,Saudi Arabia,05-25,46951,"Crude Oil, Electronics, Gold",Import
Mexico,Singapore,06-25,97382,"Semiconductors, Electronics, Machinery",Export
Canada,France,09-25,362512,"Iron Ore, Soybeans, Crude Oil",Export
Sweden,Vietnam,09-25,153320,"Aircraft, Machinery, Pharmaceuticals",Export
Vietnam,Germany,02-25,300708,"Fertilizers, Machinery, Electronics",Import
Denmark,Russia,11-25,29234,"Electronics, Machinery, Chemicals",Import
Germany,Thailand,08-25,418630,"Pharmaceuticals, Chemicals, Machinery",Export
Poland,South Africa,10-25,134112,"Agricultural Products, Machinery, Chemicals",Export
Germany,South Korea,11-25,80565,"Gems, Jewelry, Pharmaceuticals",Export
Italy,Russia,06-25,117826,"Electronics, Machinery, Vehicles",Export
Malaysia,Thailand,04-25,304843,"Crude Oil, Electronics, Gold",Import
Italy,France,09-25,498296,"Iron Ore, Soybeans, Crude Oil",Export
Germany,Mexico,06-25,389316,"Vehicles, Machinery, Chemicals",Export
Australia,South Korea,11-25,32380,"Semiconductors, Electronics, Machinery",Export
Indonesia,Russia,09-25,246091,"Vehicles, Machinery, Chemicals",Export
Austria,Vietnam,05-25,226862,"Iron Ore, Soybeans, Crude Oil",Export
Japan,Turkey,04-25,114419,"Pharmaceuticals, Machinery, Chemicals",Import
Brazil,Australia,02-25,43607,"Crude Oil, Electronics, Gold",Import
UAE,Netherlands,08-25,242039,"Electronics, Machinery, Chemicals",Import
Sweden,Poland,03-25,269522,"Natural Gas, Electronics, Machinery",Export
India,Australia,01-25,486452,"Machinery, Electronics, Vehicles",Import
UAE,Switzerland,10-25,439211,"Electronics Components, Machinery, Fabrics",Import
Netherlands,Australia,05-25,457395,"Aircraft, Machinery, Pharmaceuticals",Export
Indonesia,Turkey,01-25,460208,"Vehicles, Machinery, Pharmaceuticals",Import
Austria,Canada,07-25,304845,"Pharmaceuticals, Chemicals, Machinery",Export
Saudi Arabia,Sweden,05-25,240254,"Agricultural Products, Machinery, Chemicals",Export
Brazil,Italy,12-25,147097,"Semiconductors, Electronics, Machinery",Export
Vietnam,Indonesia,09-25,257568,"Aircraft, Machinery, Pharmaceuticals",Export
South Korea,Thailand,05-25,427609,"Pharmaceuticals, Chemicals, Machinery",Export
India,Poland,10-25,352752,"Crude Oil, Electronics, Gold",Import
Sweden,Spain,01-25,39881,"Textiles, Footwear, Machinery",Export
United Kingdom,Poland,12-25,48868,"Electronics, Machinery, Chemicals",Import
Belgium,Canada,02-25,176248,"Crude Oil, Electronics, Gold",Import
Japan,Norway,09-25,427375,"Pharmaceuticals, Chemicals, Machinery",Export
Thailand,Australia,08-25,164799,"Electronics, Machinery, Vehicles",Export
China,Canada,04-25,140397,"Vehicles, Machinery, Chemicals",Export
Saudi Arabia,Sweden,02-25,271312,"Iron Ore, Soybeans, Crude Oil",Export
Austria,United Kingdom,04-25,471320,"Vehicles, Machinery, Chemicals",Export
Mexico,Japan,11-25,203177,"Fertilizers, Machinery, Electronics",Import
Norway,Sweden,07-25,323063,"Vehicles, Machinery, Chemicals",Export
France,Netherlands,03-25,63096,"Vehicles, Machinery, Pharmaceuticals",Import
China,Japan,08-25,449648,"Vehicles, Machinery, Chemicals",Export
Belgium,Japan,06-25,56216,"Iron Ore, Soybeans, Crude Oil",Export
Netherlands,South Korea,02-25,109361,"Vehicles, Machinery, Chemicals",Export
Saudi Arabia,Vietnam,07-25,74082,"Natural Gas, Electronics, Machinery",Import
Switzerland,Italy,07-25,379954,"Iron Ore, Soybeans, Crude Oil",Export
Belgium,South Korea,02-25,473617,"Agricultural Products, Machinery, Chemicals",Export
Turkey,Spain,07-25,152008,"Crude Oil, Electronics, Gold",Import
Mexico,South Africa,03-25,136352,"Agricultural Products, Machinery, Chemicals",Export
Indonesia,Turkey,01-25,205622,"Pharmaceuticals, Machinery, Chemicals",Import
Australia,Poland,09-25,230311,"Electronics Components, Machinery, Fabrics",Import
Poland,Mexico,03-25,337510,"Electronics Components, Machinery, Fabrics",Import
Switzerland,United States,08-25,401054,"Electronics Components, Machinery, Fabrics",Import
France,South Africa,03-25,38841,"Agricultural Products, Machinery, Chemicals",Export
Spain,Malaysia,12-25,384355,"Vehicles, Machinery, Chemicals",Export
India,Russia,02-25,244986,"Aircraft, Machinery, Pharmaceuticals",Export
Australia,Brazil,12-25,102856,"Pharmaceuticals, Chemicals, Machinery",Export
France,Netherlands,11-25,334551,"Electronics, Machinery, Vehicles",Export
Turkey,United States,04-25,105769,"Electronics, Machinery, Chemicals",Import
Canada,Turkey,07-25,382717,"Electronics Components, Machinery, Fabrics",Import
Norway,Switzerland,01-25,50339,"Gems, Jewelry, Pharmaceuticals",Export
Spain,Turkey,11-25,110629,"Electronics, Machinery, Chemicals",Import
India,UAE,12-25,411839,"Agricultural Products, Machinery, Chemicals",Export
Sweden,Malaysia,06-25,278353,"Vehicles, Machinery, Pharmaceuticals",Import
United States,Sweden,05-25,433614,"Vehicles, Machinery, Pharmaceuticals",Import
India,United Kingdom,06-25,285124,"Agricultural Products, Machinery, Chemicals",Export
United States,South Africa,12-25,311760,"Pharmaceuticals, Chemicals, Machinery",Export
Turkey,UAE,07-25,399653,"Electronics, Machinery, Vehicles",Export
China,France,04-25,313752,"Fertilizers, Machinery, Electronics",Import
UAE,Sweden,04-25,450219,"Electronics, Machinery, Chemicals",Import
Turkey,Poland,11-25,384550,"Natural Gas, Electronics, Machinery",Export
Netherlands,South Korea,02-25,28870,"Pharmaceuticals, Machinery, Chemicals",Import
Italy,Thailand,03-25,434896,"Electronics, Machinery, Vehicles",Export
Denmark,Thailand,10-25,303483,"Vehicles, Machinery, Chemicals",Export
Sweden,Poland,03-25,379543,"Gems, Jewelry, Pharmaceuticals",Export
Japan,Switzerland,06-25,213606,"Crude Oil, Electronics, Gold",Import
UAE,United Kingdom,06-25,426516,"Gems, Jewelry, Pharmaceuticals",Export
South Korea,United Kingdom,06-25,307804,"Agricultural Products, Machinery, Chemicals",Export
Indonesia,Belgium,08-25,199746,"Natural Gas, Electronics, Machinery",Export
UAE,Norway,07-25,298274,"Pharmaceuticals, Machinery, Chemicals",Import
Australia,Belgium,07-25,296243,"Machinery, Electronics, Vehicles",Import
Denmark,UAE,05-25,297845,"Crude Oil, Electronics, Gold",Import
United States,Mexico,12-25,231571,"Natural Gas, Electronics, Machinery",Import
Saudi Arabia,Brazil,11-25,444841,"Electronics Components, Machinery, Fabrics",Import
United Kingdom,Norway,09-25,120922,"Crude Oil, Electronics, Gold",Import
Malaysia,Sweden,10-25,11442,"Machinery, Electronics, Vehicles",Import
India,Saudi Arabia,12-25,235309,"Gems, Jewelry, Pharmaceuticals",Export
South Korea,Switzerland,09-25,334205,"Electronics, Machinery, Vehicles",Export
Poland,United States,11-25,173735,"Iron Ore, Soybeans, Crude Oil",Export
Germany,Switzerland,12-25,450453,"Textiles, Footwear, Machinery",Export
Saudi Arabia,India,05-25,420107,"Gems, Jewelry, Pharmaceuticals",Export
Thailand,Australia,11-25,493761,"Electronics, Machinery, Chemicals",Import
Netherlands,Singapore,07-25,447442,"Iron Ore, Soybeans, Crude Oil",Export
South Korea,Russia,01-25,340742,"Electronics, Machinery, Chemicals",Import
Austria,Netherlands,10-25,181135,"Textiles, Footwear, Machinery",Export
Turkey,Belgium,04-25,210482,"Machinery, Electronics, Vehicles",Import
Spain,China,09-25,328718,"Vehicles, Machinery, Pharmaceuticals",Import
United States,Turkey,08-25,118070,"Electronics, Machinery, Chemicals",Import
South Korea,Belgium,10-25,132248,"Fertilizers, Machinery, Electronics",Import
Brazil,Japan,03-25,146796,"Gems, Jewelry, Pharmaceuticals",Export
Indonesia,South Africa,05-25,82118,"Natural Gas, Electronics, Machinery",Import
Sweden,Indonesia,09-25,461579,"Gems, Jewelry, Pharmaceuticals",Export
Sweden,Australia,03-25,272271,"Crude Oil, Electronics, Gold",Import
Canada,Sweden,01-25,465433,"Vehicles, Machinery, Pharmaceuticals",Import
Australia,Switzerland,01-25,442880,"Electronics, Machinery, Chemicals",Import
Canada,South Africa,06-25,409681,"Fertilizers, Machinery, Electronics",Import
France,South Korea,11-25,343455,"Vehicles, Machinery, Pharmaceuticals",Import
Spain,Norway,12-25,181481,"Gems, Jewelry, Pharmaceuticals",Export
Vietnam,Japan,09-25,93582,"Aircraft, Machinery, Pharmaceuticals",Export
Canada,Russia,04-25,427414,"Machinery, Electronics, Vehicles",Import
Brazil,Netherlands,05-25,351072,"Agricultural Products, Machinery, Chemicals",Export
France,Russia,10-25,181499,"Pharmaceuticals, Machinery, Chemicals",Import
Mexico,Belgium,12-25,302705,"Vehicles, Machinery, Pharmaceuticals",Import
Denmark,Malaysia,12-25,112692,"Pharmaceuticals, Machinery, Chemicals",Import
UAE,China,07-25,461370,"Fertilizers, Machinery, Electronics",Import
China,Saudi Arabia,05-25,191835,"Pharmaceuticals, Chemicals, Machinery",Export
Austria,France,08-25,345942,"Electronics Components, Machinery, Fabrics",Import
Malaysia,Vietnam,02-25,103965,"Electronics, Machinery, Chemicals",Import
Malaysia,Australia,10-25,406080,"Electronics Components, Machinery, Fabrics",Import
Malaysia,Belgium,08-25,228183,"Machinery, Electronics, Vehicles",Import
Japan,United States,08-25,441168,"Machinery, Electronics, Vehicles",Import
Belgium,Malaysia,08-25,310689,"Semiconductors, Electronics, Machinery",Export
Switzerland,UAE,09-25,50139,"Electronics Components, Machinery, Fabrics",Import
Turkey,Brazil,01-25,221963,"Pharmaceuticals, Chemicals, Machinery",Export
Denmark,Brazil,01-25,489319,"Agricultural Products, Machinery, Chemicals",Export
South Korea,Germany,07-25,470511,"Semiconductors, Electronics, Machinery",Export
Australia,United States,10-25,9553,"Natural Gas, Electronics, Machinery",Import
Netherlands,United States,03-25,149712,"Crude Oil, Electronics, Gold",Import
United Kingdom,South Africa,07-25,19042,"Pharmaceuticals, Machinery, Chemicals",Import
Turkey,United States,08-25,290116,"Iron Ore, Soybeans, Crude Oil",Export
Thailand,China,03-25,271660,"Machinery, Electronics, Vehicles",Import
Vietnam,Mexico,01-25,28675,"Electronics, Machinery, Chemicals",Import
Malaysia,Japan,08-25,68983,"Aircraft, Machinery, Pharmaceuticals",Export
Spain,Poland,11-25,361795,"Agricultural Products, Machinery, Chemicals",Export
Germany,Spain,03-25,37484,"Crude Oil, Electronics, Gold",Import
Japan,Italy,02-25,193681,"Machinery, Electronics, Vehicles",Import
Singapore,Spain,01-25,449207,"Fertilizers, Machinery, Electronics",Import
Thailand,Sweden,08-25,155917,"Electronics Components, Machinery, Fabrics",Import
Poland,Mexico,10-25,307142,"Electronics, Machinery, Vehicles",Export
Malaysia,Mexico,01-25,397933,"Electronics, Machinery, Chemicals",Import
Denmark,Netherlands,09-25,139099,"Agricultural Products, Machinery, Chemicals",Export
Germany,Canada,06-25,135876,"Pharmaceuticals, Chemicals, Machinery",Export
Belgium,Canada,08-25,57398,"Aircraft, Machinery, Pharmaceuticals",Export
Thailand,United States,12-25,34851,"Electronics, Machinery, Vehicles",Export
Saudi Arabia,UAE,10-25,75013,"Machinery, Electronics, Vehicles",Import
Singapore,South Africa,05-25,359931,"Iron Ore, Soybeans, Crude Oil",Export
Malaysia,India,11-25,342901,"Pharmaceuticals, Chemicals, Machinery",Export
Malaysia,Sweden,01-25,343438,"Semiconductors, Electronics, Machinery",Export
Thailand,China,09-25,440912,"Vehicles, Machinery, Chemicals",Export
China,Singapore,10-25,317479,"Semiconductors, Electronics, Machinery",Export
Mexico,Switzerland,01-25,140656,"Electronics, Machinery, Chemicals",Import
Netherlands,India,11-25,273857,"Vehicles, Machinery, Chemicals",Export
Mexico,Poland,07-25,36068,"Machinery, Electronics, Vehicles",Import
Brazil,Saudi Arabia,11-25,406963,"Electronics Components, Machinery, Fabrics",Import
Spain,Turkey,02-25,230449,"Natural Gas, Electronics, Machinery",Import
Canada,Russia,08-25,266659,"Pharmaceuticals, Chemicals, Machinery",Export
China,Brazil,06-25,484579,"Agricultural Products, Machinery, Chemicals",Export
Brazil,Australia,06-25,479995,"Aircraft, Machinery, Pharmaceuticals",Export
Poland,Russia,06-25,251973,"Vehicles, Machinery, Chemicals",Export
South Korea,Netherlands,09-25,303743,"Machinery, Electronics, Vehicles",Import
Vietnam,France,02-25,251134,"Machinery, Electronics, Vehicles",Import
Italy,United States,12-25,411811,"Gems, Jewelry, Pharmaceuticals",Export
China,Malaysia,02-25,254370,"Electronics, Machinery, Chemicals",Import
Sweden,Norway,07-25,6370,"Pharmaceuticals, Chemicals, Machinery",Export
Germany,UAE,02-25,279711,"Electronics, Machinery, Vehicles",Export
Indonesia,Poland,06-25,387366,"Vehicles, Machinery, Pharmaceuticals",Import
Japan,Italy,11-25,439927,"Iron Ore, Soybeans, Crude Oil",Export
Turkey,Malaysia,05-25,490696,"Gems, Jewelry, Pharmaceuticals",Export
Singapore,United States,12-25,228856,"Vehicles, Machinery, Pharmaceuticals",Import
Norway,South Korea,11-25,322967,"Vehicles, Machinery, Chemicals",Export
India,Indonesia,05-25,58197,"Semiconductors, Electronics, Machinery",Export
India,Japan,10-25,469549,"Aircraft, Machinery, Pharmaceuticals",Export
Sweden,Netherlands,02-25,12519,"Aircraft, Machinery, Pharmaceuticals",Export
Netherlands,France,11-25,123570,"Natural Gas, Electronics, Machinery",Import
Malaysia,Switzerland,10-25,13411,"Crude Oil, Electronics, Gold",Import
Austria,Brazil,10-25,196686,"Crude Oil, Electronics, Gold",Import
United Kingdom,Thailand,07-25,110586,"Gems, Jewelry, Pharmaceuticals",Export
Austria,Switzerland,11-25,144036,"Natural Gas, Electronics, Machinery",Import
Netherlands,China,05-25,443861,"Electronics, Machinery, Chemicals",Import
United Kingdom,China,06-25,493127,"Natural Gas, Electronics, Machinery",Import
Poland,Norway,04-25,101692,"Electronics, Machinery, Chemicals",Import
Indonesia,Turkey,02-25,162684,"Electronics Components, Machinery, Fabrics",Import
Netherlands,Poland,05-25,87016,"Crude Oil, Electronics, Gold",Import
Vietnam,Italy,08-25,122802,"Electronics, Machinery, Vehicles",Export
United Kingdom,Saudi Arabia,01-25,470249,"Pharmaceuticals, Chemicals, Machinery",Export
Brazil,India,01-25,134703,"Vehicles, Machinery, Chemicals",Export
Turkey,Sweden,02-25,293268,"Natural Gas, Electronics, Machinery",Import
South Korea,Mexico,05-25,9130,"Vehicles, Machinery, Pharmaceuticals",Import
Saudi Arabia,Belgium,07-25,346840,"Agricultural Products, Machinery, Chemicals",Export
Belgium,Australia,02-25,4587,"Natural Gas, Electronics, Machinery",Export
Japan,Australia,03-25,77684,"Agricultural Products, Machinery, Chemicals",Export
Thailand,South Africa,06-25,474162,"Natural Gas, Electronics, Machinery",Import
Vietnam,China,06-25,288126,"Electronics, Machinery, Vehicles",Export
Australia,Malaysia,04-25,287342,"Natural Gas, Electronics, Machinery",Import
India,United States,06-25,416726,"Textiles, Footwear, Machinery",Export
Saudi Arabia,Norway,09-25,313741,"Pharmaceuticals, Chemicals, Machinery",Export
Netherlands,Norway,03-25,444976,"Electronics Components, Machinery, Fabrics",Import
Spain,Singapore,01-25,284647,"Aircraft, Machinery, Pharmaceuticals",Export
Brazil,Canada,07-25,439506,"Electronics, Machinery, Chemicals",Import
UAE,Singapore,05-25,83483,"Electronics, Machinery, Chemicals",Import
Germany,Sweden,04-25,420909,"Electronics Components, Machinery, Fabrics",Import
Malaysia,Russia,12-25,200959,"Electronics, Machinery, Vehicles",Export
France,Japan,07-25,445661,"Electronics, Machinery, Vehicles",Export
Italy,Singapore,04-25,168857,"Pharmaceuticals, Chemicals, Machinery",Export
Turkey,Thailand,06-25,467223,"Crude Oil, Electronics, Gold",Import
Japan,United Kingdom,08-25,163868,"Agricultural Products, Machinery, Chemicals",Export
Malaysia,Thailand,07-25,75274,"Machinery, Electronics, Vehicles",Import
Turkey,Norway,05-25,30284,"Iron Ore, Soybeans, Crude Oil",Export
South Korea,Australia,01-25,479368,"Pharmaceuticals, Chemicals, Machinery",Export
France,South Korea,01-25,205147,"Natural Gas, Electronics, Machinery",Export
France,Brazil,12-25,30722,"Pharmaceuticals, Chemicals, Machinery",Export
Mexico,Australia,01-25,121908,"Semiconductors, Electronics, Machinery",Export
Saudi Arabia,Germany,03-25,448861,"Fertilizers, Machinery, Electronics",Import
Mexico,Vietnam,07-25,35670,"Machinery, Electronics, Vehicles",Import
Japan,Vietnam,06-25,334147,"Machinery, Electronics, Vehicles",Import
South Korea,Russia,10-25,241156,"Gems, Jewelry, Pharmaceuticals",Export
Switzerland,Sweden,09-25,13510,"Vehicles, Machinery, Chemicals",Export
Thailand,Canada,02-25,69313,"Aircraft, Machinery, Pharmaceuticals",Export
India,Norway,10-25,284650,"Electronics, Machinery, Vehicles",Export
Saudi Arabia,Canada,01-25,293759,"Fertilizers, Machinery, Electronics",Import
Austria,UAE,10-25,308168,"Electronics Components, Machinery, Fabrics",Import
Netherlands,Singapore,12-25,384747,"Electronics, Machinery, Vehicles",Export
Austria,Belgium,12-25,43117,"Natural Gas, Electronics, Machinery",Export
Spain,Brazil,01-25,120555,"Agricultural Products, Machinery, Chemicals",Export
India,South Korea,02-25,309758,"Pharmaceuticals, Machinery, Chemicals",Import
Netherlands,India,12-25,1381,"Machinery, Electronics, Vehicles",Import
Turkey,Belgium,08-25,285652,"Pharmaceuticals, Machinery, Chemicals",Import
China,Australia,01-25,330957,"Agricultural Products, Machinery, Chemicals",Export
UAE,Poland,02-25,107001,"Fertilizers, Machinery, Electronics",Import
Vietnam,India,11-25,6078,"Natural Gas, Electronics, Machinery",Export
Thailand,Turkey,10-25,105605,"Electronics, Machinery, Vehicles",Export
United States,Turkey,07-25,140479,"Vehicles, Machinery, Pharmaceuticals",Import
Netherlands,Malaysia,07-25,251872,"Vehicles, Machinery, Chemicals",Export
Turkey,Japan,04-25,339476,"Fertilizers, Machinery, Electronics",Import
Saudi Arabia,Japan,02-25,178950,"Natural Gas, Electronics, Machinery",Export
China,Saudi Arabia,08-25,180605,"Vehicles, Machinery, Chemicals",Export
Thailand,Poland,08-25,202842,"Natural Gas, Electronics, Machinery",Export
Australia,United Kingdom,11-25,109949,"Natural Gas, Electronics, Machinery",Export
Brazil,France,09-25,344161,"Fertilizers, Machinery, Electronics",Import
South Korea,Vietnam,08-25,462809,"Agricultural Products, Machinery, Chemicals",Export
Japan,Sweden,09-25,323605,"Pharmaceuticals, Machinery, Chemicals",Import
United Kingdom,Brazil,04-25,95653,"Agricultural Products, Machinery, Chemicals",Export
France,Indonesia,12-25,121646,"Gems, Jewelry, Pharmaceuticals",Export
United States,Brazil,05-25,382388,"Aircraft, Machinery, Pharmaceuticals",Export
United States,Canada,07-25,258810,"Electronics, Machinery, Chemicals",Import
United Kingdom,Japan,08-25,408929,"Gems, Jewelry, Pharmaceuticals",Export
Spain,Sweden,02-25,310314,"Crude Oil, Electronics, Gold",Import
Thailand,Belgium,02-25,362732,"Pharmaceuticals, Machinery, Chemicals",Import
Poland,Malaysia,09-25,52011,"Gems, Jewelry, Pharmaceuticals",Export
China,Vietnam,01-25,179549,"Natural Gas, Electronics, Machinery",Export
Thailand,South Korea,11-25,189514,"Agricultural Products, Machinery, Chemicals",Export
Mexico,Sweden,07-25,204968,"Gems, Jewelry, Pharmaceuticals",Export
Canada,United States,04-25,413972,"Vehicles, Machinery, Pharmaceuticals",Import
UAE,India,10-25,231279,"Crude Oil, Electronics, Gold",Import
Singapore,Belgium,08-25,251787,"Electronics, Machinery, Chemicals",Import
United Kingdom,Vietnam,10-25,31473,"Aircraft, Machinery, Pharmaceuticals",Export
Denmark,Poland,04-25,434310,"Vehicles, Machinery, Chemicals",Export
India,South Africa,11-25,82236,"Semiconductors, Electronics, Machinery",Export
India,South Africa,01-25,153582,"Fertilizers, Machinery, Electronics",Import
UAE,Switzerland,08-25,81446,"Electronics, Machinery, Vehicles",Export
Denmark,Australia,03-25,153824,"Natural Gas, Electronics, Machinery",Export
Belgium,Saudi Arabia,09-25,373938,"Vehicles, Machinery, Chemicals",Export
Italy,South Korea,10-25,308607,"Agricultural Products, Machinery, Chemicals",Export
Switzerland,Russia,09-25,178494,"Vehicles, Machinery, Chemicals",Export
UAE,Mexico,02-25,462349,"Gems, Jewelry, Pharmaceuticals",Export
United States,Vietnam,06-25,436321,"Vehicles, Machinery, Chemicals",Export
Denmark,Canada,09-25,373477,"Electronics, Machinery, Chemicals",Import
India,Sweden,01-25,160599,"Natural Gas, Electronics, Machinery",Import
Thailand,Switzerland,08-25,258044,"Agricultural Products, Machinery, Chemicals",Export
Indonesia,Germany,08-25,50529,"Crude Oil, Electronics, Gold",Import
Singapore,Russia,12-25,119877,"Pharmaceuticals, Machinery, Chemicals",Import
Mexico,United States,10-25,75768,"Iron Ore, Soybeans, Crude Oil",Export
India,France,04-25,45232,"Natural Gas, Electronics, Machinery",Import
Thailand,Italy,01-25,158094,"Electronics, Machinery, Vehicles",Export
South Korea,Netherlands,01-25,156281,"Crude Oil, Electronics, Gold",Import
Canada,Sweden,05-25,79282,"Agricultural Products, Machinery, Chemicals",Export
Netherlands,Norway,02-25,404500,"Agricultural Products, Machinery, Chemicals",Export
Thailand,United States,08-25,45248,"Natural Gas, Electronics, Machinery",Import
Italy,Saudi Arabia,07-25,380361,"Natural Gas, Electronics, Machinery",Export
South Korea,Italy,06-25,402298,"Semiconductors, Electronics, Machinery",Export
Switzerland,Germany,11-25,315859,"Semiconductors, Electronics, Machinery",Export
Japan,South Africa,06-25,202315,"Pharmaceuticals, Chemicals, Machinery",Export
Brazil,France,03-25,328771,"Aircraft, Machinery, Pharmaceuticals",Export
Malaysia,United Kingdom,09-25,223291,"Pharmaceuticals, Chemicals, Machinery",Export
Brazil,Switzerland,09-25,350298,"Vehicles, Machinery, Pharmaceuticals",Import
Brazil,Canada,09-25,395956,"Pharmaceuticals, Chemicals, Machinery",Export
Poland,Spain,01-25,267750,"Natural Gas, Electronics, Machinery",Export
Turkey,Netherlands,01-25,15764,"Gems, Jewelry, Pharmaceuticals",Export
United Kingdom,Belgium,01-25,161054,"Aircraft, Machinery, Pharmaceuticals",Export
Germany,Indonesia,12-25,46936,"Crude Oil, Electronics, Gold",Import
Germany,Malaysia,05-25,352519,"Vehicles, Machinery, Pharmaceuticals",Import
Austria,Switzerland,04-25,106333,"Gems, Jewelry, Pharmaceuticals",Export
Netherlands,France,01-25,373486,"Vehicles, Machinery, Chemicals",Export
Vietnam,Italy,04-25,229671,"Vehicles, Machinery, Chemicals",Export
Spain,South Africa,02-25,298335,"Machinery, Electronics, Vehicles",Import
Switzerland,Belgium,05-25,352690,"Crude Oil, Electronics, Gold",Import
India,Malaysia,01-25,328009,"Iron Ore, Soybeans, Crude Oil",Export
Austria,Singapore,11-25,40277,"Vehicles, Machinery, Chemicals",Export
Thailand,Sweden,10-25,237374,"Natural Gas, Electronics, Machinery",Export
Norway,Poland,08-25,286777,"Agricultural Products, Machinery, Chemicals",Export
Austria,Malaysia,01-25,73314,"Aircraft, Machinery, Pharmaceuticals",Export
Brazil,Indonesia,04-25,370454,"Crude Oil, Electronics, Gold",Import
United States,India,11-25,109153,"Natural Gas, Electronics, Machinery",Export
South Korea,Singapore,11-25,360787,"Electronics, Machinery, Vehicles",Export
United States,Australia,03-25,21655,"Gems, Jewelry, Pharmaceuticals",Export
Belgium,Mexico,07-25,79153,"Natural Gas, Electronics, Machinery",Import
Vietnam,Belgium,07-25,235997,"Electronics, Machinery, Vehicles",Export
Switzerland,Norway,10-25,292821,"Vehicles, Machinery, Pharmaceuticals",Import
UAE,Japan,01-25,161847,"Crude Oil, Electronics, Gold",Import
Belgium,Turkey,11-25,431030,"Crude Oil, Electronics, Gold",Import
China,Singapore,04-25,335478,"Electronics, Machinery, Chemicals",Import
Austria,Sweden,01-25,278226,"Natural Gas, Electronics, Machinery",Import
India,South Africa,06-25,119173,"Vehicles, Machinery, Chemicals",Export
United States,Spain,06-25,490808,"Electronics, Machinery, Chemicals",Import
Vietnam,Poland,05-25,7770,"Textiles, Footwear, Machinery",Export
Poland,Indonesia,12-25,394444,"Electronics, Machinery, Chemicals",Import
Turkey,Sweden,06-25,63148,"Textiles, Footwear, Machinery",Export
Switzerland,Mexico,08-25,319107,"Electronics Components, Machinery, Fabrics",Import
India,Spain,09-25,140828,"Crude Oil, Electronics, Gold",Import
Norway,China,10-25,109036,"Pharmaceuticals, Machinery, Chemicals",Import
Switzerland,Japan,03-25,489880,"Textiles, Footwear, Machinery",Export
Thailand,Indonesia,11-25,356353,"Natural Gas, Electronics, Machinery",Import
Germany,Saudi Arabia,06-25,204619,"Pharmaceuticals, Chemicals, Machinery",Export
China,Vietnam,08-25,137619,"Natural Gas, Electronics, Machinery",Import
Brazil,Canada,07-25,51963,"Electronics, Machinery, Chemicals",Import
Vietnam,France,06-25,375229,"Aircraft, Machinery, Pharmaceuticals",Export
Switzerland,France,06-25,300224,"Vehicles, Machinery, Pharmaceuticals",Import
Austria,Australia,03-25,308662,"Electronics Components, Machinery, Fabrics",Import
China,UAE,07-25,257024,"Pharmaceuticals, Chemicals, Machinery",Export
Poland,Belgium,02-25,490532,"Pharmaceuticals, Chemicals, Machinery",Export
Sweden,Netherlands,06-25,329398,"Fertilizers, Machinery, Electronics",Import
Spain,Saudi Arabia,06-25,9287,"Crude Oil, Electronics, Gold",Import
Japan,UAE,10-25,99335,"Electronics, Machinery, Chemicals",Import
Vietnam,Mexico,10-25,374846,"Electronics, Machinery, Vehicles",Export
Austria,Belgium,09-25,227458,"Electronics, Machinery, Chemicals",Import
Italy,UAE,03-25,428261,"Pharmaceuticals, Machinery, Chemicals",Import
Japan,UAE,12-25,73870,"Electronics, Machinery, Chemicals",Import
Japan,Spain,02-25,58065,"Textiles, Footwear, Machinery",Export
Malaysia,Saudi Arabia,04-25,111016,"Natural Gas, Electronics, Machinery",Export
Austria,Sweden,06-25,371382,"Textiles, Footwear, Machinery",Export
Malaysia,Russia,12-25,261417,"Aircraft, Machinery, Pharmaceuticals",Export
Germany,Brazil,09-25,227285,"Aircraft, Machinery, Pharmaceuticals",Export
India,Sweden,01-25,216634,"Iron Ore, Soybeans, Crude Oil",Export
Malaysia,Australia,11-25,338860,"Vehicles, Machinery, Pharmaceuticals",Import
Indonesia,Sweden,03-25,185707,"Natural Gas, Electronics, Machinery",Import
South Korea,Spain,04-25,421945,"Fertilizers, Machinery, Electronics",Import
Poland,South Africa,03-25,108207,"Machinery, Electronics, Vehicles",Import
United Kingdom,Mexico,03-25,48628,"Aircraft, Machinery, Pharmaceuticals",Export
Canada,Turkey,04-25,332472,"Natural Gas, Electronics, Machinery",Import
Indonesia,Netherlands,06-25,87199,"Crude Oil, Electronics, Gold",Import
South Korea,Turkey,10-25,194318,"Agricultural Products, Machinery, Chemicals",Export
Malaysia,Saudi Arabia,06-25,41221,"Gems, Jewelry, Pharmaceuticals",Export
France,Malaysia,12-25,214446,"Natural Gas, Electronics, Machinery",Export
Mexico,Poland,07-25,420047,"Electronics Components, Machinery, Fabrics",Import
Spain,South Korea,05-25,46255,"Vehicles, Machinery, Chemicals",Export
Switzerland,South Africa,07-25,185742,"Pharmaceuticals, Machinery, Chemicals",Import
UAE,Netherlands,02-25,404281,"Crude Oil, Electronics, Gold",Import
France,Russia,08-25,47721,"Agricultural Products, Machinery, Chemicals",Export
Italy,Turkey,07-25,84284,"Natural Gas, Electronics, Machinery",Export
Mexico,Indonesia,07-25,204029,"Natural Gas, Electronics, Machinery",Export
Malaysia,France,11-25,280191,"Electronics, Machinery, Vehicles",Export
Brazil,Canada,04-25,317811,"Pharmaceuticals, Machinery, Chemicals",Import
France,Thailand,04-25,220668,"Textiles, Footwear, Machinery",Export
Singapore,Canada,02-25,170395,"Electronics, Machinery, Vehicles",Export
Japan,UAE,12-25,152055,"Agricultural Products, Machinery, Chemicals",Export
Thailand,Brazil,12-25,109694,"Natural Gas, Electronics, Machinery",Export
Mexico,United Kingdom,07-25,211756,"Textiles, Footwear, Machinery",Export
Norway,Thailand,05-25,214150,"Agricultural Products, Machinery, Chemicals",Export
Belgium,Australia,03-25,82798,"Gems, Jewelry, Pharmaceuticals",Export
Switzerland,Australia,06-25,331674,"Pharmaceuticals, Machinery, Chemicals",Import
India,China,07-25,419726,"Electronics, Machinery, Chemicals",Import
Vietnam,United Kingdom,12-25,225309,"Pharmaceuticals, Chemicals, Machinery",Export
Denmark,Sweden,11-25,202818,"Gems, Jewelry, Pharmaceuticals",Export
Denmark,Turkey,02-25,252417,"Gems, Jewelry, Pharmaceuticals",Export
Turkey,Indonesia,08-25,9098,"Fertilizers, Machinery, Electronics",Import
UAE,Belgium,12-25,30514,"Aircraft, Machinery, Pharmaceuticals",Export
UAE,India,07-25,135959,"Vehicles, Machinery, Pharmaceuticals",Import
Poland,Russia,10-25,250130,"Semiconductors, Electronics, Machinery",Export
Malaysia,Saudi Arabia,01-25,138993,"Crude Oil, Electronics, Gold",Import
China,Netherlands,10-25,378122,"Agricultural Products, Machinery, Chemicals",Export
Poland,Norway,11-25,54043,"Natural Gas, Electronics, Machinery",Import
Netherlands,Russia,01-25,306980,"Fertilizers, Machinery, Electronics",Import
United Kingdom,Saudi Arabia,11-25,257122,"Fertilizers, Machinery, Electronics",Import
UAE,Spain,09-25,449160,"Fertilizers, Machinery, Electronics",Import
Japan,Thailand,10-25,281502,"Fertilizers, Machinery, Electronics",Import
Germany,Malaysia,04-25,29197,"Agricultural Products, Machinery, Chemicals",Export
Turkey,Indonesia,11-25,126979,"Natural Gas, Electronics, Machinery",Export
UAE,Saudi Arabia,08-25,83159,"Iron Ore, Soybeans, Crude Oil",Export
South Korea,UAE,11-25,398347,"Crude Oil, Electronics, Gold",Import
Saudi Arabia,Norway,05-25,325610,"Pharmaceuticals, Machinery, Chemicals",Import
Saudi Arabia,Spain,10-25,300022,"Fertilizers, Machinery, Electronics",Import
Indonesia,Canada,03-25,202483,"Natural Gas, Electronics, Machinery",Import
Malaysia,Poland,10-25,33244,"Vehicles, Machinery, Chemicals",Export
UAE,Australia,11-25,416465,"Electronics, Machinery, Chemicals",Import
South Korea,Turkey,02-25,94386,"Natural Gas, Electronics, Machinery",Import
Thailand,Mexico,08-25,293683,"Vehicles, Machinery, Chemicals",Export
Indonesia,United Kingdom,02-25,175065,"Natural Gas, Electronics, Machinery",Import
Austria,Japan,08-25,207925,"Textiles, Footwear, Machinery",Export
Netherlands,Brazil,12-25,224720,"Vehicles, Machinery, Chemicals",Export
China,France,07-25,66063,"Machinery, Electronics, Vehicles",Import
Sweden,Australia,05-25,16408,"Natural Gas, Electronics, Machinery",Import
Mexico,United States,01-25,465064,"Electronics Components, Machinery, Fabrics",Import
China,Indonesia,06-25,147078,"Iron Ore, Soybeans, Crude Oil",Export
Austria,India,09-25,161692,"Vehicles, Machinery, Pharmaceuticals",Import
Sweden,Norway,12-25,86856,"Electronics Components, Machinery, Fabrics",Import
Australia,Mexico,09-25,316366,"Pharmaceuticals, Machinery, Chemicals",Import
Denmark,Turkey,04-25,414118,"Natural Gas, Electronics, Machinery",Import
Poland,Thailand,01-25,136404,"Electronics, Machinery, Vehicles",Export
Norway,Italy,06-25,304643,"Textiles, Footwear, Machinery",Export
Norway,Turkey,04-25,480880,"Gems, Jewelry, Pharmaceuticals",Export
Italy,UAE,06-25,41609,"Machinery, Electronics, Vehicles",Import
Belgium,India,08-25,461887,"Vehicles, Machinery, Pharmaceuticals",Import
Australia,Germany,06-25,397091,"Natural Gas, Electronics, Machinery",Export
Saudi Arabia,Turkey,12-25,31641,"Fertilizers, Machinery, Electronics",Import
Denmark,Netherlands,08-25,94063,"Fertilizers, Machinery, Electronics",Import
China,Netherlands,06-25,228024,"Pharmaceuticals, Chemicals, Machinery",Export
United Kingdom,Japan,01-25,486510,"Crude Oil, Electronics, Gold",Import
Germany,Brazil,07-25,453815,"Agricultural Products, Machinery, Chemicals",Export
Canada,Switzerland,12-25,236568,"Electronics Components, Machinery, Fabrics",Import
Japan,Indonesia,07-25,487895,"Semiconductors, Electronics, Machinery",Export
Sweden,Norway,06-25,27805,"Crude Oil, Electronics, Gold",Import
Turkey,Mexico,10-25,309064,"Aircraft, Machinery, Pharmaceuticals",Export
Switzerland,United Kingdom,07-25,402699,"Fertilizers, Machinery, Electronics",Import
Mexico,France,10-25,286387,"Pharmaceuticals, Machinery, Chemicals",Import
Thailand,Singapore,05-25,349403,"Pharmaceuticals, Machinery, Chemicals",Import
Japan,Indonesia,09-25,24248,"Machinery, Electronics, Vehicles",Import
South Korea,Brazil,03-25,438360,"Textiles, Footwear, Machinery",Export
Saudi Arabia,Netherlands,12-25,446051,"Electronics, Machinery, Chemicals",Import
Sweden,France,10-25,8190,"Pharmaceuticals, Machinery, Chemicals",Import
Germany,Indonesia,06-25,135654,"Textiles, Footwear, Machinery",Export
United States,Switzerland,08-25,396031,"Machinery, Electronics, Vehicles",Import
Spain,Sweden,10-25,77281,"Gems, Jewelry, Pharmaceuticals",Export
Poland,South Africa,07-25,426426,"Textiles, Footwear, Machinery",Export
Belgium,UAE,06-25,196015,"Electronics, Machinery, Vehicles",Export
Japan,Mexico,04-25,303893,"Fertilizers, Machinery, Electronics",Import
Spain,Netherlands,01-25,432672,"Semiconductors, Electronics, Machinery",Export
Switzerland,Norway,10-25,459229,"Pharmaceuticals, Chemicals, Machinery",Export
Saudi Arabia,Germany,05-25,94366,"Gems, Jewelry, Pharmaceuticals",Export
Austria,Mexico,06-25,110710,"Textiles, Footwear, Machinery",Export
United States,Russia,08-25,428309,"Vehicles, Machinery, Pharmaceuticals",Import
Canada,Sweden,07-25,330572,"Electronics, Machinery, Vehicles",Export
Switzerland,Vietnam,07-25,285630,"Electronics Components, Machinery, Fabrics",Import
United Kingdom,Netherlands,06-25,43437,"Iron Ore, Soybeans, Crude Oil",Export
United Kingdom,France,04-25,144544,"Electronics Components, Machinery, Fabrics",Import
Germany,Canada,11-25,337957,"Gems, Jewelry, Pharmaceuticals",Export
Netherlands,United Kingdom,10-25,302987,"Iron Ore, Soybeans, Crude Oil",Export
UAE,France,10-25,146379,"Pharmaceuticals, Machinery, Chemicals",Import
Canada,United Kingdom,07-25,124259,"Electronics, Machinery, Vehicles",Export
Saudi Arabia,Spain,05-25,218313,"Agricultural Products, Machinery, Chemicals",Export
Poland,Saudi Arabia,03-25,265530,"Textiles, Footwear, Machinery",Export
Saudi Arabia,Russia,07-25,395445,"Iron Ore, Soybeans, Crude Oil",Export
France,Singapore,08-25,425514,"Machinery, Electronics, Vehicles",Import
India,Malaysia,08-25,383026,"Vehicles, Machinery, Pharmaceuticals",Import
Sweden,Australia,08-25,11766,"Machinery, Electronics, Vehicles",Import
Netherlands,Japan,08-25,15348,"Electronics Components, Machinery, Fabrics",Import
Australia,Mexico,05-25,316632,"Agricultural Products, Machinery, Chemicals",Export
Switzerland,Italy,06-25,443882,"Gems, Jewelry, Pharmaceuticals",Export
United States,Thailand,11-25,325352,"Aircraft, Machinery, Pharmaceuticals",Export
Mexico,China,01-25,212250,"Electronics, Machinery, Chemicals",Import
Germany,Italy,09-25,289331,"Vehicles, Machinery, Chemicals",Export
Switzerland,Russia,12-25,379626,"Pharmaceuticals, Machinery, Chemicals",Import
Germany,Norway,02-25,373923,"Agricultural Products, Machinery, Chemicals",Export
India,Canada,05-25,59196,"Fertilizers, Machinery, Electronics",Import
Austria,United Kingdom,03-25,264549,"Aircraft, Machinery, Pharmaceuticals",Export
Mexico,South Korea,08-25,347345,"Electronics, Machinery, Chemicals",Import
Mexico,United Kingdom,04-25,328129,"Vehicles, Machinery, Pharmaceuticals",Import
UAE,United Kingdom,07-25,378289,"Vehicles, Machinery, Chemicals",Export
China,Brazil,11-25,130647,"Vehicles, Machinery, Chemicals",Export
Denmark,Japan,11-25,17651,"Electronics Components, Machinery, Fabrics",Import
Australia,UAE,05-25,246323,"Aircraft, Machinery, Pharmaceuticals",Export
Spain,Thailand,01-25,287504,"Pharmaceuticals, Chemicals, Machinery",Export
Netherlands,Mexico,07-25,327011,"Natural Gas, Electronics, Machinery",Import
Vietnam,India,10-25,413030,"Natural Gas, Electronics, Machinery",Import
India,Germany,05-25,12834,"Pharmaceuticals, Machinery, Chemicals",Import
Turkey,UAE,01-25,362772,"Pharmaceuticals, Chemicals, Machinery",Export
Sweden,Belgium,11-25,196433,"Electronics, Machinery, Chemicals",Import
China,Sweden,07-25,462991,"Machinery, Electronics, Vehicles",Import
Thailand,Turkey,02-25,235856,"Crude Oil, Electronics, Gold",Import
France,Saudi Arabia,07-25,32684,"Vehicles, Machinery, Pharmaceuticals",Import
France,Poland,05-25,250980,"Iron Ore, Soybeans, Crude Oil",Export
Saudi Arabia,China,12-25,388831,"Natural Gas, Electronics, Machinery",Import
Saudi Arabia,Switzerland,12-25,378302,"Machinery, Electronics, Vehicles",Import
Norway,Thailand,03-25,224910,"Crude Oil, Electronics, Gold",Import
Turkey,India,01-25,210197,"Textiles, Footwear, Machinery",Export
Malaysia,Thailand,04-25,427717,"Fertilizers, Machinery, Electronics",Import
Australia,Mexico,06-25,206495,"Agricultural Products, Machinery, Chemicals",Export
Thailand,Canada,02-25,213239,"Natural Gas, Electronics, Machinery",Import
UAE,Vietnam,02-25,71528,"Semiconductors, Electronics, Machinery",Export
Poland,Brazil,02-25,166546,"Natural Gas, Electronics, Machinery",Import
Spain,Brazil,06-25,12264,"Iron Ore, Soybeans, Crude Oil",Export
United States,India,06-25,225995,"Aircraft, Machinery, Pharmaceuticals",Export
Thailand,Japan,04-25,189912,"Aircraft, Machinery, Pharmaceuticals",Export
Italy,China,03-25,356441,"Electronics, Machinery, Vehicles",Export
China,Mexico,09-25,36978,"Iron Ore, Soybeans, Crude Oil",Export
South Korea,Italy,09-25,113128,"Agricultural Products, Machinery, Chemicals",Export
Poland,Russia,03-25,448043,"Vehicles, Machinery, Chemicals",Export
Turkey,Switzerland,01-25,379549,"Aircraft, Machinery, Pharmaceuticals",Export
Malaysia,South Africa,11-25,253661,"Electronics Components, Machinery, Fabrics",Import
Netherlands,Canada,08-25,28385,"Fertilizers, Machinery, Electronics",Import
China,Brazil,02-25,60691,"Pharmaceuticals, Machinery, Chemicals",Import
Switzerland,China,05-25,427714,"Agricultural Products, Machinery, Chemicals",Export
Poland,China,10-25,181022,"Gems, Jewelry, Pharmaceuticals",Export
Canada,Japan,07-25,302861,"Agricultural Products, Machinery, Chemicals",Export
Germany,Poland,01-25,405187,"Aircraft, Machinery, Pharmaceuticals",Export
Poland,UAE,06-25,83976,"Iron Ore, Soybeans, Crude Oil",Export
Canada,United States,02-25,91423,"Electronics, Machinery, Chemicals",Import
United Kingdom,France,08-25,104620,"Agricultural Products, Machinery, Chemicals",Export
India,Italy,08-25,199643,"Natural Gas, Electronics, Machinery",Export
South Korea,Indonesia,09-25,225522,"Machinery, Electronics, Vehicles",Import
Germany,Australia,04-25,486047,"Crude Oil, Electronics, Gold",Import
Italy,Spain,12-25,184909,"Machinery, Electronics, Vehicles",Import
France,Indonesia,01-25,282032,"Crude Oil, Electronics, Gold",Import
Japan,Belgium,10-25,24920,"Vehicles, Machinery, Pharmaceuticals",Import
UAE,Mexico,06-25,12398,"Vehicles, Machinery, Pharmaceuticals",Import
Austria,Canada,04-25,105631,"Pharmaceuticals, Machinery, Chemicals",Import
United Kingdom,Belgium,01-25,333499,"Aircraft, Machinery, Pharmaceuticals",Export
Belgium,Norway,02-25,131629,"Iron Ore, Soybeans, Crude Oil",Export
Norway,UAE,04-25,146956,"Electronics Components, Machinery, Fabrics",Import
Switzerland,United States,01-25,471179,"Natural Gas, Electronics, Machinery",Export
Germany,Indonesia,01-25,371070,"Pharmaceuticals, Chemicals, Machinery",Export
Switzerland,Japan,03-25,80055,"Aircraft, Machinery, Pharmaceuticals",Export
Thailand,Malaysia,10-25,91332,"Natural Gas, Electronics, Machinery",Import
Denmark,Canada,01-25,431908,"Fertilizers, Machinery, Electronics",Import
Vietnam,Norway,01-25,116569,"Vehicles, Machinery, Chemicals",Export
Saudi Arabia,Indonesia,01-25,157966,"Electronics, Machinery, Chemicals",Import
India,Singapore,10-25,173916,"Electronics, Machinery, Vehicles",Export
Brazil,France,02-25,240741,"Pharmaceuticals, Chemicals, Machinery",Export
Canada,South Korea,04-25,457492,"Machinery, Electronics, Vehicles",Import
France,United Kingdom,10-25,286377,"Semiconductors, Electronics, Machinery",Export
Austria,Belgium,06-25,359793,"Vehicles, Machinery, Pharmaceuticals",Import
Denmark,France,12-25,27703,"Machinery, Electronics, Vehicles",Import
Sweden,Malaysia,09-25,419335,"Vehicles, Machinery, Pharmaceuticals",Import
Italy,Sweden,11-25,336602,"Electronics, Machinery, Chemicals",Import
Austria,Thailand,09-25,434762,"Iron Ore, Soybeans, Crude Oil",Export
Indonesia,Japan,06-25,170643,"Pharmaceuticals, Machinery, Chemicals",Import
Switzerland,Singapore,03-25,239812,"Iron Ore, Soybeans, Crude Oil",Export
Denmark,India,05-25,251282,"Natural Gas, Electronics, Machinery",Import
Norway,Turkey,02-25,78236,"Textiles, Footwear, Machinery",Export
Italy,Canada,12-25,282199,"Textiles, Footwear, Machinery",Export
Spain,Thailand,12-25,64063,"Textiles, Footwear, Machinery",Export
Netherlands,India,04-25,414217,"Vehicles, Machinery, Pharmaceuticals",Import
India,Sweden,02-25,484313,"Natural Gas, Electronics, Machinery",Export
Austria,Germany,02-25,197477,"Machinery, Electronics, Vehicles",Import
Germany,Netherlands,08-25,24949,"Gems, Jewelry, Pharmaceuticals",Export
Singapore,South Africa,11-25,389751,"Vehicles, Machinery, Pharmaceuticals",Import
Poland,Singapore,09-25,417088,"Crude Oil, Electronics, Gold",Import
Netherlands,Singapore,09-25,20865,"Natural Gas, Electronics, Machinery",Import
Turkey,Brazil,12-25,354110,"Vehicles, Machinery, Chemicals",Export
South Korea,Vietnam,11-25,84294,"Vehicles, Machinery, Chemicals",Export
South Korea,Brazil,08-25,81724,"Machinery, Electronics, Vehicles",Import
Thailand,Australia,04-25,421246,"Pharmaceuticals, Machinery, Chemicals",Import
South Korea,United Kingdom,03-25,121878,"Pharmaceuticals, Machinery, Chemicals",Import
United Kingdom,Sweden,07-25,459738,"Gems, Jewelry, Pharmaceuticals",Export
China,South Africa,02-25,64793,"Pharmaceuticals, Machinery, Chemicals",Import
Switzerland,France,01-25,78365,"Natural Gas, Electronics, Machinery",Import
Poland,Mexico,09-25,345129,"Natural Gas, Electronics, Machinery",Import
Canada,South Africa,10-25,400362,"Textiles, Footwear, Machinery",Export
Indonesia,Norway,03-25,108248,"Crude Oil, Electronics, Gold",Import
Indonesia,Malaysia,06-25,308822,"Gems, Jewelry, Pharmaceuticals",Export
Netherlands,Saudi Arabia,06-25,484036,"Agricultural Products, Machinery, Chemicals",Export
Thailand,UAE,05-25,131258,"Natural Gas, Electronics, Machinery",Import
Turkey,Japan,03-25,308462,"Textiles, Footwear, Machinery",Export
South Korea,Norway,12-25,100269,"Gems, Jewelry, Pharmaceuticals",Export
United States,Sweden,09-25,440247,"Vehicles, Machinery, Pharmaceuticals",Import
Sweden,Vietnam,07-25,292727,"Electronics Components, Machinery, Fabrics",Import
Sweden,India,03-25,322654,"Natural Gas, Electronics, Machinery",Export
India,United States,07-25,439301,"Iron Ore, Soybeans, Crude Oil",Export
Norway,Sweden,11-25,355012,"Vehicles, Machinery, Pharmaceuticals",Import
Italy,Spain,08-25,62570,"Electronics Components, Machinery, Fabrics",Import
Vietnam,Malaysia,10-25,449978,"Electronics, Machinery, Vehicles",Export
Germany,Belgium,02-25,405993,"Aircraft, Machinery, Pharmaceuticals",Export
Thailand,Indonesia,10-25,308728,"Pharmaceuticals, Machinery, Chemicals",Import
Germany,Canada,10-25,142602,"Semiconductors, Electronics, Machinery",Export
Malaysia,Canada,08-25,358977,"Textiles, Footwear, Machinery",Export
China,India,09-25,439580,"Aircraft, Machinery, Pharmaceuticals",Export
South Korea,France,04-25,326089,"Crude Oil, Electronics, Gold",Import
Mexico,United States,06-25,444930,"Pharmaceuticals, Machinery, Chemicals",Import
Belgium,Italy,07-25,365127,"Natural Gas, Electronics, Machinery",Export
United States,Belgium,04-25,461206,"Agricultural Products, Machinery, Chemicals",Export
Norway,Poland,06-25,44251,"Agricultural Products, Machinery, Chemicals",Export
Poland,India,05-25,52902,"Gems, Jewelry, Pharmaceuticals",Export
Thailand,Turkey,02-25,316976,"Machinery, Electronics, Vehicles",Import
Austria,Malaysia,04-25,242101,"Electronics, Machinery, Vehicles",Export
Turkey,Italy,03-25,154177,"Natural Gas, Electronics, Machinery",Export
Japan,Saudi Arabia,09-25,9242,"Vehicles, Machinery, Pharmaceuticals",Import
Germany,Australia,02-25,330498,"Natural Gas, Electronics, Machinery",Import
Germany,Mexico,07-25,223197,"Natural Gas, Electronics, Machinery",Import
Norway,Mexico,04-25,290338,"Vehicles, Machinery, Pharmaceuticals",Import
United States,Turkey,12-25,385034,"Iron Ore, Soybeans, Crude Oil",Export
Germany,Australia,02-25,53576,"Gems, Jewelry, Pharmaceuticals",Export
South Korea,United States,10-25,327652,"Semiconductors, Electronics, Machinery",Export
UAE,Turkey,08-25,273586,"Crude Oil, Electronics, Gold",Import
Indonesia,India,05-25,366599,"Electronics, Machinery, Vehicles",Export
Turkey,United States,12-25,421485,"Pharmaceuticals, Chemicals, Machinery",Export
Singapore,Canada,06-25,308759,"Pharmaceuticals, Chemicals, Machinery",Export
Canada,Mexico,01-25,430795,"Electronics Components, Machinery, Fabrics",Import
Norway,Vietnam,08-25,482482,"Machinery, Electronics, Vehicles",Import
Poland,United Kingdom,11-25,446839,"Aircraft, Machinery, Pharmaceuticals",Export
Denmark,United Kingdom,12-25,474784,"Iron Ore, Soybeans, Crude Oil",Export
Norway,Mexico,05-25,324167,"Machinery, Electronics, Vehicles",Import
Australia,France,06-25,1394,"Machinery, Electronics, Vehicles",Import
Canada,Spain,02-25,466306,"Vehicles, Machinery, Pharmaceuticals",Import
Denmark,China,02-25,29625,"Electronics Components, Machinery, Fabrics",Import
Netherlands,Norway,06-25,472759,"Semiconductors, Electronics, Machinery",Export
Turkey,Thailand,05-25,330422,"Pharmaceuticals, Machinery, Chemicals",Import
Italy,Japan,06-25,373375,"Semiconductors, Electronics, Machinery",Export
Italy,Indonesia,06-25,304230,"Natural Gas, Electronics, Machinery",Export
France,Norway,11-25,283133,"Crude Oil, Electronics, Gold",Import
Sweden,China,02-25,445102,"Semiconductors, Electronics, Machinery",Export
United States,Brazil,05-25,51246,"Fertilizers, Machinery, Electronics",Import
Brazil,Indonesia,10-25,323310,"Natural Gas, Electronics, Machinery",Export
Denmark,Spain,05-25,210412,"Electronics, Machinery, Chemicals",Import
Mexico,Norway,01-25,141179,"Electronics Components, Machinery, Fabrics",Import
Mexico,Australia,03-25,273500,"Natural Gas, Electronics, Machinery",Export
UAE,South Korea,09-25,353401,"Natural Gas, Electronics, Machinery",Import
China,United States,01-25,321849,"Pharmaceuticals, Chemicals, Machinery",Export
China,India,02-25,127455,"Vehicles, Machinery, Pharmaceuticals",Import
Canada,Spain,01-25,176698,"Agricultural Products, Machinery, Chemicals",Export
Canada,Saudi Arabia,04-25,187482,"Pharmaceuticals, Chemicals, Machinery",Export
Italy,Sweden,11-25,284509,"Gems, Jewelry, Pharmaceuticals",Export
Malaysia,France,01-25,463297,"Fertilizers, Machinery, Electronics",Import
France,Canada,08-25,474669,"Gems, Jewelry, Pharmaceuticals",Export
France,Saudi Arabia,08-25,255045,"Fertilizers, Machinery, Electronics",Import
Austria,Belgium,04-25,69265,"Machinery, Electronics, Vehicles",Import
Switzerland,Spain,05-25,196273,"Crude Oil, Electronics, Gold",Import
Italy,Mexico,07-25,496717,"Electronics, Machinery, Chemicals",Import
India,Mexico,10-25,249683,"Natural Gas, Electronics, Machinery",Export
Brazil,Switzerland,04-25,474891,"Pharmaceuticals, Machinery, Chemicals",Import
Vietnam,Russia,02-25,187995,"Electronics, Machinery, Chemicals",Import
Sweden,France,07-25,83223,"Aircraft, Machinery, Pharmaceuticals",Export
Canada,Switzerland,10-25,280643,"Aircraft, Machinery, Pharmaceuticals",Export
China,Mexico,10-25,158088,"Electronics, Machinery, Vehicles",Export
United States,France,01-25,312607,"Pharmaceuticals, Machinery, Chemicals",Import
Brazil,Saudi Arabia,02-25,314175,"Agricultural Products, Machinery, Chemicals",Export
Turkey,UAE,10-25,244814,"Aircraft, Machinery, Pharmaceuticals",Export
Saudi Arabia,Canada,09-25,66427,"Electronics, Machinery, Vehicles",Export
Indonesia,Russia,06-25,288060,"Gems, Jewelry, Pharmaceuticals",Export
Germany,Sweden,08-25,167391,"Crude Oil, Electronics, Gold",Import
United States,Canada,06-25,490239,"Aircraft, Machinery, Pharmaceuticals",Export
United Kingdom,Sweden,12-25,458323,"Machinery, Electronics, Vehicles",Import
Denmark,Saudi Arabia,09-25,61603,"Fertilizers, Machinery, Electronics",Import
Indonesia,Russia,11-25,247109,"Aircraft, Machinery, Pharmaceuticals",Export
Netherlands,Saudi Arabia,04-25,308030,"Textiles, Footwear, Machinery",Export
China,Indonesia,05-25,286590,"Natural Gas, Electronics, Machinery",Import
Austria,Poland,04-25,420148,"Electronics, Machinery, Chemicals",Import
Belgium,Thailand,06-25,361490,"Vehicles, Machinery, Chemicals",Export
UAE,Turkey,12-25,82958,"Electronics Components, Machinery, Fabrics",Import
Sweden,United States,05-25,322899,"Electronics, Machinery, Chemicals",Import
Indonesia,Netherlands,07-25,27072,"Electronics, Machinery, Chemicals",Import
France,Switzerland,10-25,177862,"Iron Ore, Soybeans, Crude Oil",Export
Japan,Germany,06-25,458202,"Electronics, Machinery, Chemicals",Import
Vietnam,Germany,09-25,26787,"Electronics Components, Machinery, Fabrics",Import
Belgium,Spain,12-25,203072,"Iron Ore, Soybeans, Crude Oil",Export
Belgium,Mexico,01-25,216017,"Machinery, Electronics, Vehicles",Import
China,Malaysia,09-25,163643,"Crude Oil, Electronics, Gold",Import
Denmark,Belgium,07-25,257728,"Natural Gas, Electronics, Machinery",Export
Spain,Saudi Arabia,07-25,363100,"Natural Gas, Electronics, Machinery",Export
UAE,Poland,01-25,366326,"Fertilizers, Machinery, Electronics",Import
UAE,Singapore,08-25,144040,"Fertilizers, Machinery, Electronics",Import
Malaysia,Saudi Arabia,01-25,130493,"Vehicles, Machinery, Chemicals",Export
Turkey,Russia,03-25,272506,"Pharmaceuticals, Chemicals, Machinery",Export
China,Netherlands,12-25,198051,"Electronics Components, Machinery, Fabrics",Import
Canada,Italy,03-25,378492,"Gems, Jewelry, Pharmaceuticals",Export
Germany,Switzerland,09-25,487024,"Iron Ore, Soybeans, Crude Oil",Export
France,South Africa,03-25,459400,"Electronics, Machinery, Vehicles",Export
Belgium,Spain,05-25,300498,"Pharmaceuticals, Chemicals, Machinery",Export
UAE,South Korea,05-25,65160,"Electronics, Machinery, Chemicals",Import
Saudi Arabia,UAE,05-25,305777,"Textiles, Footwear, Machinery",Export
Netherlands,Sweden,04-25,291593,"Machinery, Electronics, Vehicles",Import
Poland,China,03-25,9075,"Agricultural Products, Machinery, Chemicals",Export
Austria,Indonesia,04-25,447805,"Vehicles, Machinery, Pharmaceuticals",Import
Brazil,Mexico,01-25,259115,"Electronics Components, Machinery, Fabrics",Import
Poland,Vietnam,11-25,56654,"Textiles, Footwear, Machinery",Export
Vietnam,Thailand,11-25,38284,"Semiconductors, Electronics, Machinery",Export
Japan,Russia,03-25,91836,"Aircraft, Machinery, Pharmaceuticals",Export
Canada,Poland,08-25,464316,"Pharmaceuticals, Machinery, Chemicals",Import
Mexico,Russia,05-25,449201,"Natural Gas, Electronics, Machinery",Import
South Korea,Indonesia,04-25,322946,"Machinery, Electronics, Vehicles",Import
United States,Spain,06-25,299652,"Natural Gas, Electronics, Machinery",Export
Denmark,Saudi Arabia,10-25,462833,"Agricultural Products, Machinery, Chemicals",Export
Canada,Spain,08-25,210427,"Semiconductors, Electronics, Machinery",Export
Austria,Thailand,05-25,102780,"Textiles, Footwear, Machinery",Export
China,South Africa,04-25,422843,"Pharmaceuticals, Machinery, Chemicals",Import
United Kingdom,Saudi Arabia,01-25,181959,"Semiconductors, Electronics, Machinery",Export
France,India,04-25,247842,"Textiles, Footwear, Machinery",Export
Spain,Poland,02-25,411342,"Crude Oil, Electronics, Gold",Import
Belgium,Brazil,11-25,207496,"Agricultural Products, Machinery, Chemicals",Export
Poland,Turkey,11-25,53888,"Fertilizers, Machinery, Electronics",Import
France,Mexico,02-25,430969,"Electronics, Machinery, Vehicles",Export
Poland,United Kingdom,11-25,93132,"Electronics, Machinery, Vehicles",Export
Italy,Singapore,12-25,399718,"Semiconductors, Electronics, Machinery",Export
Thailand,Brazil,07-25,430742,"Semiconductors, Electronics, Machinery",Export
Brazil,Switzerland,01-25,355748,"Electronics Components, Machinery, Fabrics",Import
Turkey,Japan,09-25,466225,"Machinery, Electronics, Vehicles",Import
United States,Mexico,11-25,131966,"Vehicles, Machinery, Chemicals",Export
Switzerland,South Korea,03-25,402884,"Pharmaceuticals, Machinery, Chemicals",Import
Turkey,Singapore,05-25,34393,"Machinery, Electronics, Vehicles",Import
Canada,Norway,07-25,7918,"Electronics Components, Machinery, Fabrics",Import
Malaysia,Switzerland,06-25,488627,"Natural Gas, Electronics, Machinery",Import
Switzerland,India,03-25,183957,"Vehicles, Machinery, Chemicals",Export
Belgium,Saudi Arabia,08-25,74221,"Vehicles, Machinery, Chemicals",Export
UAE,Singapore,11-25,268440,"Pharmaceuticals, Machinery, Chemicals",Import
Norway,Russia,10-25,475714,"Agricultural Products, Machinery, Chemicals",Export
United States,Turkey,02-25,127108,"Vehicles, Machinery, Chemicals",Export
Canada,Brazil,04-25,76924,"Fertilizers, Machinery, Electronics",Import
Brazil,UAE,08-25,483010,"Pharmaceuticals, Machinery, Chemicals",Import
Mexico,Turkey,12-25,62086,"Fertilizers, Machinery, Electronics",Import
Singapore,Belgium,05-25,357628,"Vehicles, Machinery, Chemicals",Export
Mexico,Spain,04-25,38513,"Semiconductors, Electronics, Machinery",Export
Poland,Japan,02-25,110647,"Electronics, Machinery, Chemicals",Import
Switzerland,Japan,10-25,461669,"Machinery, Electronics, Vehicles",Import
Switzerland,France,08-25,113114,"Semiconductors, Electronics, Machinery",Export
Spain,Belgium,08-25,345032,"Aircraft, Machinery, Pharmaceuticals",Export
Saudi Arabia,Indonesia,05-25,387418,"Electronics Components, Machinery, Fabrics",Import
Japan,South Korea,07-25,86977,"Electronics Components, Machinery, Fabrics",Import
Sweden,Spain,05-25,129759,"Electronics, Machinery, Chemicals",Import
Japan,Netherlands,07-25,321290,"Vehicles, Machinery, Pharmaceuticals",Import
Germany,Singapore,05-25,116801,"Pharmaceuticals, Chemicals, Machinery",Export
Netherlands,Spain,01-25,210526,"Crude Oil, Electronics, Gold",Import
Japan,Switzerland,12-25,310549,"Crude Oil, Electronics, Gold",Import
Brazil,United Kingdom,04-25,115030,"Electronics Components, Machinery, Fabrics",Import
Germany,Brazil,10-25,233704,"Crude Oil, Electronics, Gold",Import
Canada,South Africa,06-25,191038,"Pharmaceuticals, Machinery, Chemicals",Import
Denmark,Japan,06-25,172062,"Pharmaceuticals, Machinery, Chemicals",Import
Saudi Arabia,Spain,12-25,170375,"Vehicles, Machinery, Pharmaceuticals",Import
Vietnam,Spain,08-25,21371,"Pharmaceuticals, Machinery, Chemicals",Import
Denmark,Switzerland,09-25,170794,"Natural Gas, Electronics, Machinery",Import
Canada,Indonesia,06-25,467892,"Textiles, Footwear, Machinery",Export
India,Malaysia,01-25,346592,"Electronics, Machinery, Chemicals",Import
Vietnam,United States,10-25,346861,"Electronics, Machinery, Chemicals",Import
India,Canada,03-25,386658,"Crude Oil, Electronics, Gold",Import
Malaysia,Russia,03-25,320788,"Pharmaceuticals, Chemicals, Machinery",Export
Canada,Sweden,02-25,443362,"Natural Gas, Electronics, Machinery",Import
Norway,Switzerland,10-25,462736,"Fertilizers, Machinery, Electronics",Import
Spain,Indonesia,02-25,359045,"Pharmaceuticals, Chemicals, Machinery",Export
Indonesia,Germany,01-25,273199,"Agricultural Products, Machinery, Chemicals",Export
Italy,South Korea,02-25,298634,"Electronics Components, Machinery, Fabrics",Import
Germany,Japan,12-25,162458,"Semiconductors, Electronics, Machinery",Export
Italy,Vietnam,07-25,216943,"Textiles, Footwear, Machinery",Export
Turkey,Belgium,09-25,3201,"Fertilizers, Machinery, Electronics",Import
Netherlands,Canada,06-25,317738,"Fertilizers, Machinery, Electronics",Import
Turkey,Japan,03-25,4290,"Natural Gas, Electronics, Machinery",Import
Turkey,United States,06-25,148198,"Iron Ore, Soybeans, Crude Oil",Export
Norway,Malaysia,01-25,224922,"Vehicles, Machinery, Pharmaceuticals",Import
Germany,United Kingdom,05-25,261422,"Pharmaceuticals, Machinery, Chemicals",Import
France,Germany,06-25,47257,"Natural Gas, Electronics, Machinery",Import
Norway,Vietnam,04-25,110141,"Vehicles, Machinery, Chemicals",Export
Mexico,Vietnam,07-25,377812,"Gems, Jewelry, Pharmaceuticals",Export
Denmark,Japan,03-25,202444,"Vehicles, Machinery, Pharmaceuticals",Import
Australia,United Kingdom,10-25,229434,"Machinery, Electronics, Vehicles",Import
South Korea,France,06-25,58561,"Electronics Components, Machinery, Fabrics",Import
Austria,India,10-25,14033,"Agricultural Products, Machinery, Chemicals",Export
Saudi Arabia,South Africa,05-25,348981,"Electronics Components, Machinery, Fabrics",Import
France,Turkey,03-25,195582,"Pharmaceuticals, Chemicals, Machinery",Export
Sweden,Italy,07-25,121110,"Crude Oil, Electronics, Gold",Import
Thailand,Spain,12-25,45612,"Vehicles, Machinery, Pharmaceuticals",Import
Singapore,Russia,10-25,343182,"Fertilizers, Machinery, Electronics",Import
United Kingdom,Russia,02-25,459195,"Pharmaceuticals, Chemicals, Machinery",Export
Singapore,Norway,05-25,203515,"Natural Gas, Electronics, Machinery",Export
Denmark,Saudi Arabia,02-25,96284,"Natural Gas, Electronics, Machinery",Export
Australia,Spain,04-25,61183,"Electronics Components, Machinery, Fabrics",Import
China,Switzerland,06-25,133568,"Electronics Components, Machinery, Fabrics",Import
Austria,Vietnam,07-25,417832,"Natural Gas, Electronics, Machinery",Import
United States,India,08-25,152996,"Machinery, Electronics, Vehicles",Import
South Korea,Indonesia,01-25,349721,"Textiles, Footwear, Machinery",Export
Australia,United Kingdom,02-25,271848,"Electronics Components, Machinery, Fabrics",Import
Germany,Russia,10-25,121215,"Vehicles, Machinery, Pharmaceuticals",Import
Belgium,China,04-25,249389,"Vehicles, Machinery, Pharmaceuticals",Import
Germany,Indonesia,05-25,245075,"Semiconductors, Electronics, Machinery",Export
Italy,Indonesia,01-25,185899,"Pharmaceuticals, Machinery, Chemicals",Import
Canada,Poland,08-25,314471,"Pharmaceuticals, Machinery, Chemicals",Import
United Kingdom,Brazil,05-25,433662,"Vehicles, Machinery, Chemicals",Export
United States,Canada,08-25,367810,"Iron Ore, Soybeans, Crude Oil",Export
Poland,Thailand,09-25,425005,"Aircraft, Machinery, Pharmaceuticals",Export
Netherlands,Belgium,03-25,87886,"Vehicles, Machinery, Pharmaceuticals",Import
Sweden,United States,04-25,178406,"Natural Gas, Electronics, Machinery",Export
Japan,Germany,03-25,273237,"Natural Gas, Electronics, Machinery",Import
Brazil,Germany,06-25,27642,"Semiconductors, Electronics, Machinery",Export
Norway,Poland,03-25,329907,"Electronics Components, Machinery, Fabrics",Import
Malaysia,Thailand,06-25,372981,"Pharmaceuticals, Machinery, Chemicals",Import
Spain,Japan,06-25,476712,"Vehicles, Machinery, Chemicals",Export
Japan,France,06-25,470737,"Gems, Jewelry, Pharmaceuticals",Export
China,Germany,10-25,429274,"Electronics, Machinery, Chemicals",Import
Norway,Netherlands,09-25,277935,"Aircraft, Machinery, Pharmaceuticals",Export
Indonesia,Italy,10-25,167530,"Natural Gas, Electronics, Machinery",Import
Japan,India,07-25,489777,"Fertilizers, Machinery, Electronics",Import
Spain,Germany,01-25,90821,"Natural Gas, Electronics, Machinery",Import
Sweden,Australia,02-25,302688,"Natural Gas, Electronics, Machinery",Export
Brazil,Australia,07-25,472131,"Textiles, Footwear, Machinery",Export
Germany,Canada,11-25,27678,"Crude Oil, Electronics, Gold",Import
India,Netherlands,11-25,41895,"Aircraft, Machinery, Pharmaceuticals",Export
Germany,Russia,05-25,10428,"Pharmaceuticals, Chemicals, Machinery",Export
Switzerland,Spain,10-25,174461,"Crude Oil, Electronics, Gold",Import
Indonesia,Italy,07-25,375677,"Electronics Components, Machinery, Fabrics",Import
Indonesia,Japan,10-25,35573,"Pharmaceuticals, Machinery, Chemicals",Import
Canada,Russia,01-25,226483,"Agricultural Products, Machinery, Chemicals",Export
Netherlands,Brazil,07-25,308476,"Agricultural Products, Machinery, Chemicals",Export
United States,South Korea,07-25,319287,"Crude Oil, Electronics, Gold",Import
Japan,Vietnam,11-25,110007,"Fertilizers, Machinery, Electronics",Import
Spain,UAE,10-25,398418,"Iron Ore, Soybeans, Crude Oil",Export
Singapore,South Korea,01-25,121356,"Agricultural Products, Machinery, Chemicals",Export
Japan,Vietnam,11-25,9587,"Vehicles, Machinery, Chemicals",Export
Denmark,France,10-25,482073,"Electronics, Machinery, Chemicals",Import
Malaysia,Poland,04-25,267933,"Gems, Jewelry, Pharmaceuticals",Export
India,Malaysia,09-25,226821,"Aircraft, Machinery, Pharmaceuticals",Export
Belgium,Australia,11-25,491682,"Electronics, Machinery, Vehicles",Export
Austria,United States,03-25,202955,"Fertilizers, Machinery, Electronics",Import
Denmark,Canada,01-25,390302,"Vehicles, Machinery, Chemicals",Export
Singapore,Spain,12-25,9728,"Natural Gas, Electronics, Machinery",Import
Turkey,Canada,08-25,31401,"Agricultural Products, Machinery, Chemicals",Export
Singapore,Brazil,11-25,357282,"Electronics Components, Machinery, Fabrics",Import
United Kingdom,China,10-25,340447,"Vehicles, Machinery, Pharmaceuticals",Import
Vietnam,Belgium,02-25,302975,"Iron Ore, Soybeans, Crude Oil",Export
Vietnam,China,08-25,353135,"Pharmaceuticals, Machinery, Chemicals",Import
Norway,Turkey,03-25,492832,"Agricultural Products, Machinery, Chemicals",Export
United States,Brazil,03-25,192632,"Electronics, Machinery, Chemicals",Import
South Korea,Spain,09-25,189261,"Electronics, Machinery, Vehicles",Export
Netherlands,Poland,04-25,111467,"Vehicles, Machinery, Pharmaceuticals",Import
Norway,UAE,12-25,367644,"Fertilizers, Machinery, Electronics",Import
Norway,Canada,04-25,185003,"Aircraft, Machinery, Pharmaceuticals",Export
France,Canada,11-25,147539,"Pharmaceuticals, Machinery, Chemicals",Import
Sweden,UAE,06-25,495744,"Gems, Jewelry, Pharmaceuticals",Export
Saudi Arabia,South Africa,11-25,373144,"Machinery, Electronics, Vehicles",Import
Germany,Australia,01-25,473361,"Natural Gas, Electronics, Machinery",Import
Indonesia,Australia,01-25,244453,"Crude Oil, Electronics, Gold",Import
Japan,Singapore,09-25,292852,"Electronics Components, Machinery, Fabrics",Import
Denmark,Italy,09-25,138497,"Gems, Jewelry, Pharmaceuticals",Export
United Kingdom,India,09-25,195439,"Pharmaceuticals, Machinery, Chemicals",Import
France,Italy,10-25,330799,"Pharmaceuticals, Machinery, Chemicals",Import
South Korea,Mexico,02-25,183139,"Iron Ore, Soybeans, Crude Oil",Export
India,Thailand,03-25,161689,"Natural Gas, Electronics, Machinery",Import
Norway,Thailand,01-25,122639,"Vehicles, Machinery, Pharmaceuticals",Import
France,Turkey,09-25,466852,"Natural Gas, Electronics, Machinery",Import
Brazil,Belgium,10-25,51062,"Electronics, Machinery, Chemicals",Import
Mexico,Thailand,02-25,385969,"Machinery, Electronics, Vehicles",Import
Austria,Singapore,03-25,495419,"Electronics Components, Machinery, Fabrics",Import
Turkey,Australia,05-25,474457,"Natural Gas, Electronics, Machinery",Export
Netherlands,South Africa,05-25,484259,"Natural Gas, Electronics, Machinery",Export
Poland,Japan,05-25,137936,"Electronics, Machinery, Chemicals",Import
China,Brazil,05-25,385306,"Textiles, Footwear, Machinery",Export
United Kingdom,Russia,12-25,371354,"Textiles, Footwear, Machinery",Export
South Korea,Brazil,05-25,54523,"Pharmaceuticals, Machinery, Chemicals",Import
South Korea,Thailand,01-25,305056,"Vehicles, Machinery, Chemicals",Export
Sweden,Switzerland,10-25,1230,"Electronics Components, Machinery, Fabrics",Import
Indonesia,Singapore,11-25,79152,"Pharmaceuticals, Machinery, Chemicals",Import
United Kingdom,Netherlands,01-25,104686,"Fertilizers, Machinery, Electronics",Import
Malaysia,Australia,02-25,420295,"Crude Oil, Electronics, Gold",Import
Singapore,Turkey,03-25,156327,"Aircraft, Machinery, Pharmaceuticals",Export
United States,South Africa,05-25,184837,"Semiconductors, Electronics, Machinery",Export
Japan,Netherlands,03-25,188313,"Vehicles, Machinery, Pharmaceuticals",Import
Switzerland,Poland,10-25,363296,"Iron Ore, Soybeans, Crude Oil",Export
Austria,Sweden,06-25,237823,"Machinery, Electronics, Vehicles",Import
India,Netherlands,08-25,132673,"Vehicles, Machinery, Pharmaceuticals",Import
France,Indonesia,01-25,38820,"Semiconductors, Electronics, Machinery",Export
Australia,Spain,06-25,46039,"Natural Gas, Electronics, Machinery",Export
Singapore,United States,08-25,440660,"Agricultural Products, Machinery, Chemicals",Export
Australia,Singapore,11-25,316223,"Pharmaceuticals, Machinery, Chemicals",Import
Malaysia,China,09-25,483016,"Vehicles, Machinery, Pharmaceuticals",Import
Belgium,Saudi Arabia,02-25,354601,"Machinery, Electronics, Vehicles",Import
Denmark,Singapore,03-25,316587,"Electronics, Machinery, Vehicles",Export
Belgium,Spain,07-25,92939,"Semiconductors, Electronics, Machinery",Export
Canada,Turkey,10-25,209300,"Fertilizers, Machinery, Electronics",Import
Poland,Spain,07-25,102801,"Vehicles, Machinery, Pharmaceuticals",Import
Spain,South Korea,08-25,266724,"Electronics, Machinery, Vehicles",Export
Canada,South Africa,11-25,435141,"Semiconductors, Electronics, Machinery",Export
Turkey,Italy,08-25,406901,"Fertilizers, Machinery, Electronics",Import
Netherlands,Indonesia,08-25,324917,"Machinery, Electronics, Vehicles",Import
Austria,India,10-25,165802,"Vehicles, Machinery, Chemicals",Export
Belgium,Canada,07-25,145849,"Machinery, Electronics, Vehicles",Import
Italy,Indonesia,07-25,65799,"Electronics, Machinery, Vehicles",Export
United States,South Korea,02-25,90156,"Vehicles, Machinery, Chemicals",Export
France,UAE,04-25,428392,"Fertilizers, Machinery, Electronics",Import
Netherlands,Brazil,05-25,424690,"Machinery, Electronics, Vehicles",Import
Malaysia,United States,09-25,362759,"Crude Oil, Electronics, Gold",Import
Malaysia,United Kingdom,04-25,244644,"Fertilizers, Machinery, Electronics",Import
South Korea,Vietnam,07-25,52600,"Natural Gas, Electronics, Machinery",Import
Australia,India,06-25,211306,"Textiles, Footwear, Machinery",Export
Belgium,Malaysia,04-25,110706,"Semiconductors, Electronics, Machinery",Export
Poland,France,05-25,243498,"Crude Oil, Electronics, Gold",Import
Netherlands,United Kingdom,03-25,370844,"Electronics, Machinery, Chemicals",Import
Spain,Sweden,09-25,132453,"Pharmaceuticals, Chemicals, Machinery",Export
Poland,India,08-25,198140,"Natural Gas, Electronics, Machinery",Import
United Kingdom,Malaysia,08-25,137444,"Natural Gas, Electronics, Machinery",Export
Spain,Japan,04-25,183141,"Crude Oil, Electronics, Gold",Import
Sweden,Australia,08-25,352489,"Natural Gas, Electronics, Machinery",Export
Malaysia,Turkey,05-25,49930,"Gems, Jewelry, Pharmaceuticals",Export
Austria,Canada,01-25,114465,"Iron Ore, Soybeans, Crude Oil",Export
Spain,Thailand,05-25,343649,"Machinery, Electronics, Vehicles",Import
Belgium,UAE,01-25,394655,"Vehicles, Machinery, Pharmaceuticals",Import
UAE,Malaysia,08-25,451088,"Vehicles, Machinery, Chemicals",Export
Austria,Sweden,09-25,351045,"Machinery, Electronics, Vehicles",Import
France,China,01-25,275003,"Crude Oil, Electronics, Gold",Import
Austria,Sweden,02-25,299372,"Semiconductors, Electronics, Machinery",Export
United Kingdom,Thailand,05-25,182931,"Electronics, Machinery, Chemicals",Import
Denmark,Poland,11-25,239653,"Semiconductors, Electronics, Machinery",Export
Switzerland,Brazil,12-25,84093,"Semiconductors, Electronics, Machinery",Export
Australia,Indonesia,10-25,91847,"Crude Oil, Electronics, Gold",Import
United Kingdom,France,11-25,382158,"Natural Gas, Electronics, Machinery",Export
Spain,Thailand,03-25,240347,"Electronics, Machinery, Chemicals",Import
Poland,China,08-25,49540,"Aircraft, Machinery, Pharmaceuticals",Export
Turkey,Spain,08-25,286574,"Textiles, Footwear, Machinery",Export
Indonesia,United States,02-25,296677,"Electronics, Machinery, Vehicles",Export
Brazil,Thailand,11-25,294827,"Iron Ore, Soybeans, Crude Oil",Export
Sweden,UAE,06-25,19319,"Semiconductors, Electronics, Machinery",Export
Japan,Norway,06-25,409249,"Aircraft, Machinery, Pharmaceuticals",Export
Turkey,Vietnam,12-25,313498,"Fertilizers, Machinery, Electronics",Import
Netherlands,South Africa,12-25,467170,"Vehicles, Machinery, Chemicals",Export
France,South Korea,09-25,323525,"Electronics Components, Machinery, Fabrics",Import
Belgium,China,11-25,150919,"Gems, Jewelry, Pharmaceuticals",Export
Belgium,South Korea,12-25,7083,"Electronics, Machinery, Vehicles",Export
Brazil,Turkey,11-25,379568,"Crude Oil, Electronics, Gold",Import
Spain,Saudi Arabia,03-25,130577,"Agricultural Products, Machinery, Chemicals",Export
United Kingdom,Mexico,03-25,74780,"Machinery, Electronics, Vehicles",Import
Switzerland,Thailand,09-25,92310,"Natural Gas, Electronics, Machinery",Export
Australia,Mexico,08-25,183806,"Machinery, Electronics, Vehicles",Import
China,Sweden,10-25,172528,"Electronics, Machinery, Chemicals",Import
Poland,Vietnam,02-25,405555,"Semiconductors, Electronics, Machinery",Export
Italy,Switzerland,01-25,93621,"Crude Oil, Electronics, Gold",Import
Malaysia,Japan,07-25,71323,"Semiconductors, Electronics, Machinery",Export
Poland,Netherlands,05-25,192258,"Pharmaceuticals, Chemicals, Machinery",Export
United States,Norway,09-25,26815,"Agricultural Products, Machinery, Chemicals",Export
Japan,Brazil,03-25,209429,"Natural Gas, Electronics, Machinery",Export
Singapore,Norway,12-25,182160,"Natural Gas, Electronics, Machinery",Export
China,UAE,05-25,305497,"Electronics, Machinery, Vehicles",Export
Japan,Vietnam,04-25,127279,"Gems, Jewelry, Pharmaceuticals",Export
Japan,Germany,03-25,91280,"Semiconductors, Electronics, Machinery",Export
South Korea,France,12-25,326498,"Vehicles, Machinery, Chemicals",Export
Canada,Malaysia,10-25,230614,"Iron Ore, Soybeans, Crude Oil",Export
Japan,Spain,02-25,461379,"Agricultural Products, Machinery, Chemicals",Export
Spain,Brazil,12-25,319776,"Iron Ore, Soybeans, Crude Oil",Export
Mexico,United States,04-25,234615,"Crude Oil, Electronics, Gold",Import
Malaysia,Belgium,05-25,260276,"Natural Gas, Electronics, Machinery",Import
Switzerland,Malaysia,09-25,271817,"Agricultural Products, Machinery, Chemicals",Export
Singapore,Spain,09-25,450108,"Vehicles, Machinery, Chemicals",Export
Mexico,Canada,11-25,288265,"Vehicles, Machinery, Pharmaceuticals",Import
Brazil,South Korea,02-25,392966,"Natural Gas, Electronics, Machinery",Export
United States,Italy,03-25,450680,"Pharmaceuticals, Chemicals, Machinery",Export
China,Australia,01-25,120518,"Fertilizers, Machinery, Electronics",Import
India,Spain,11-25,172499,"Electronics, Machinery, Vehicles",Export
India,Singapore,08-25,433438,"Vehicles, Machinery, Chemicals",Export
Austria,Poland,11-25,213995,"Semiconductors, Electronics, Machinery",Export
Vietnam,Malaysia,01-25,293352,"Natural Gas, Electronics, Machinery",Export
United States,Indonesia,12-25,422475,"Natural Gas, Electronics, Machinery",Export
United Kingdom,Switzerland,11-25,442383,"Vehicles, Machinery, Chemicals",Export
Thailand,Mexico,08-25,182190,"Vehicles, Machinery, Pharmaceuticals",Import
Denmark,South Africa,04-25,484194,"Crude Oil, Electronics, Gold",Import
Australia,Germany,02-25,194466,"Electronics, Machinery, Vehicles",Export
Netherlands,Brazil,06-25,482056,"Natural Gas, Electronics, Machinery",Export
Italy,Mexico,06-25,458724,"Gems, Jewelry, Pharmaceuticals",Export
United States,Brazil,06-25,53965,"Crude Oil, Electronics, Gold",Import
Netherlands,Thailand,06-25,369290,"Pharmaceuticals, Machinery, Chemicals",Import
Malaysia,France,11-25,101860,"Natural Gas, Electronics, Machinery",Import
Thailand,Saudi Arabia,12-25,449148,"Aircraft, Machinery, Pharmaceuticals",Export
Vietnam,Singapore,09-25,366001,"Electronics Components, Machinery, Fabrics",Import
Turkey,United States,08-25,498289,"Agricultural Products, Machinery, Chemicals",Export
Malaysia,Brazil,03-25,352462,"Electronics, Machinery, Vehicles",Export
Saudi Arabia,United States,03-25,292286,"Pharmaceuticals, Machinery, Chemicals",Import
Belgium,Norway,12-25,430137,"Machinery, Electronics, Vehicles",Import
Norway,Malaysia,11-25,98098,"Pharmaceuticals, Machinery, Chemicals",Import
Turkey,Russia,11-25,281589,"Vehicles, Machinery, Chemicals",Export
Japan,United Kingdom,07-25,284988,"Natural Gas, Electronics, Machinery",Import
Vietnam,Mexico,03-25,346920,"Machinery, Electronics, Vehicles",Import
Austria,France,10-25,181468,"Electronics Components, Machinery, Fabrics",Import
India,Netherlands,10-25,362022,"Vehicles, Machinery, Pharmaceuticals",Import
Germany,India,08-25,151440,"Electronics, Machinery, Vehicles",Export
Belgium,UAE,06-25,114819,"Iron Ore, Soybeans, Crude Oil",Export
Indonesia,United Kingdom,06-25,87265,"Electronics, Machinery, Chemicals",Import
Thailand,Belgium,06-25,239878,"Crude Oil, Electronics, Gold",Import
China,Canada,07-25,152096,"Vehicles, Machinery, Pharmaceuticals",Import
Norway,Malaysia,01-25,247654,"Agricultural Products, Machinery, Chemicals",Export
Japan,Italy,07-25,497945,"Semiconductors, Electronics, Machinery",Export
Spain,Turkey,07-25,100633,"Natural Gas, Electronics, Machinery",Export
South Korea,Sweden,03-25,126292,"Semiconductors, Electronics, Machinery",Export
Netherlands,Singapore,09-25,62649,"Vehicles, Machinery, Pharmaceuticals",Import
Mexico,Malaysia,12-25,50892,"Electronics, Machinery, Vehicles",Export
Spain,India,01-25,103970,"Vehicles, Machinery, Pharmaceuticals",Import
Brazil,Germany,09-25,64948,"Natural Gas, Electronics, Machinery",Export
Switzerland,Italy,11-25,256826,"Crude Oil, Electronics, Gold",Import
Italy,Spain,09-25,427904,"Pharmaceuticals, Machinery, Chemicals",Import
United Kingdom,Japan,12-25,168989,"Agricultural Products, Machinery, Chemicals",Export
France,Norway,02-25,477579,"Electronics Components, Machinery, Fabrics",Import
Thailand,South Korea,05-25,217250,"Aircraft, Machinery, Pharmaceuticals",Export
Thailand,Poland,05-25,290010,"Agricultural Products, Machinery, Chemicals",Export
Netherlands,UAE,11-25,16717,"Electronics, Machinery, Vehicles",Export
Thailand,Mexico,01-25,141909,"Textiles, Footwear, Machinery",Export
Norway,Turkey,06-25,499753,"Electronics, Machinery, Vehicles",Export
India,Indonesia,03-25,318826,"Natural Gas, Electronics, Machinery",Import
Australia,Thailand,10-25,368152,"Pharmaceuticals, Chemicals, Machinery",Export
India,Saudi Arabia,06-25,363241,"Vehicles, Machinery, Chemicals",Export
Thailand,Sweden,03-25,444062,"Vehicles, Machinery, Pharmaceuticals",Import
Canada,South Africa,07-25,400613,"Gems, Jewelry, Pharmaceuticals",Export
Brazil,United States,08-25,156625,"Pharmaceuticals, Chemicals, Machinery",Export
Thailand,Spain,12-25,235762,"Pharmaceuticals, Machinery, Chemicals",Import
United States,Italy,04-25,65895,"Textiles, Footwear, Machinery",Export
Spain,Italy,06-25,375417,"Fertilizers, Machinery, Electronics",Import
Brazil,Poland,05-25,406851,"Gems, Jewelry, Pharmaceuticals",Export
Italy,Norway,07-25,205231,"Natural Gas, Electronics, Machinery",Import
Turkey,Norway,10-25,219651,"Natural Gas, Electronics, Machinery",Import
Austria,India,01-25,421305,"Vehicles, Machinery, Pharmaceuticals",Import
Japan,Thailand,04-25,215971,"Vehicles, Machinery, Chemicals",Export
Italy,Turkey,08-25,252786,"Machinery, Electronics, Vehicles",Import
Canada,Turkey,05-25,348468,"Iron Ore, Soybeans, Crude Oil",Export
UAE,Saudi Arabia,11-25,384075,"Vehicles, Machinery, Chemicals",Export
Brazil,Indonesia,02-25,136041,"Agricultural Products, Machinery, Chemicals",Export
Brazil,Norway,02-25,357779,"Machinery, Electronics, Vehicles",Import
Turkey,United Kingdom,05-25,106619,"Agricultural Products, Machinery, Chemicals",Export
Austria,Singapore,01-25,326102,"Gems, Jewelry, Pharmaceuticals",Export
Spain,Canada,05-25,5834,"Crude Oil, Electronics, Gold",Import
Mexico,Brazil,02-25,199429,"Electronics, Machinery, Chemicals",Import
Thailand,UAE,05-25,175380,"Machinery, Electronics, Vehicles",Import
United Kingdom,Spain,06-25,367882,"Electronics, Machinery, Vehicles",Export
Vietnam,India,05-25,494186,"Crude Oil, Electronics, Gold",Import
Switzerland,Japan,07-25,391086,"Pharmaceuticals, Machinery, Chemicals",Import
Austria,Sweden,11-25,82707,"Fertilizers, Machinery, Electronics",Import
Italy,South Africa,04-25,258003,"Electronics, Machinery, Vehicles",Export
Singapore,Poland,07-25,457719,"Natural Gas, Electronics, Machinery",Import
Japan,Brazil,09-25,70093,"Vehicles, Machinery, Pharmaceuticals",Import
United Kingdom,Poland,09-25,64177,"Electronics, Machinery, Vehicles",Export
South Korea,Italy,10-25,350304,"Electronics, Machinery, Chemicals",Import
Japan,Turkey,04-25,45076,"Pharmaceuticals, Machinery, Chemicals",Import
China,France,05-25,460438,"Pharmaceuticals, Machinery, Chemicals",Import
Belgium,Malaysia,02-25,42671,"Fertilizers, Machinery, Electronics",Import
Poland,Saudi Arabia,04-25,404715,"Machinery, Electronics, Vehicles",Import
China,Germany,11-25,101402,"Electronics, Machinery, Chemicals",Import
Italy,Switzerland,08-25,389371,"Pharmaceuticals, Machinery, Chemicals",Import
Sweden,Indonesia,10-25,24319,"Pharmaceuticals, Chemicals, Machinery",Export
Vietnam,China,11-25,450965,"Vehicles, Machinery, Pharmaceuticals",Import
United States,Singapore,03-25,94953,"Electronics, Machinery, Chemicals",Import
India,Mexico,01-25,222039,"Agricultural Products, Machinery, Chemicals",Export
Sweden,Italy,08-25,261327,"Crude Oil, Electronics, Gold",Import
Brazil,Malaysia,03-25,135903,"Aircraft, Machinery, Pharmaceuticals",Export
South Korea,United Kingdom,08-25,321428,"Vehicles, Machinery, Pharmaceuticals",Import
Turkey,Canada,05-25,468548,"Semiconductors, Electronics, Machinery",Export
United States,Germany,06-25,328771,"Gems, Jewelry, Pharmaceuticals",Export
United Kingdom,Japan,04-25,209579,"Machinery, Electronics, Vehicles",Import
Germany,Spain,02-25,313926,"Textiles, Footwear, Machinery",Export
Belgium,Netherlands,04-25,282846,"Iron Ore, Soybeans, Crude Oil",Export
Saudi Arabia,Japan,11-25,43571,"Vehicles, Machinery, Chemicals",Export
Canada,Norway,06-25,270803,"Crude Oil, Electronics, Gold",Import
Austria,India,02-25,467498,"Agricultural Products, Machinery, Chemicals",Export
Poland,Netherlands,09-25,429453,"Agricultural Products, Machinery, Chemicals",Export
Singapore,South Korea,08-25,495070,"Natural Gas, Electronics, Machinery",Import
France,Malaysia,09-25,269875,"Vehicles, Machinery, Chemicals",Export
Turkey,Brazil,12-25,169097,"Machinery, Electronics, Vehicles",Import
Germany,China,07-25,55813,"Crude Oil, Electronics, Gold",Import
UAE,Australia,10-25,274602,"Crude Oil, Electronics, Gold",Import
Netherlands,South Africa,06-25,154787,"Natural Gas, Electronics, Machinery",Import
Singapore,Russia,03-25,251087,"Natural Gas, Electronics, Machinery",Import
Canada,Japan,10-25,21578,"Gems, Jewelry, Pharmaceuticals",Export
Australia,Japan,05-25,450545,"Textiles, Footwear, Machinery",Export
Turkey,China,01-25,58233,"Aircraft, Machinery, Pharmaceuticals",Export
South Korea,Mexico,08-25,439005,"Iron Ore, Soybeans, Crude Oil",Export
Italy,UAE,11-25,256557,"Vehicles, Machinery, Pharmaceuticals",Import
Mexico,Japan,12-25,141605,"Electronics, Machinery, Vehicles",Export
Turkey,South Africa,07-25,278524,"Electronics Components, Machinery, Fabrics",Import
Turkey,Singapore,07-25,422422,"Pharmaceuticals, Machinery, Chemicals",Import
Germany,Norway,11-25,34350,"Machinery, Electronics, Vehicles",Import
Sweden,Singapore,11-25,155123,"Machinery, Electronics, Vehicles",Import
Austria,Canada,04-25,391741,"Aircraft, Machinery, Pharmaceuticals",Export
Norway,Turkey,12-25,436364,"Electronics Components, Machinery, Fabrics",Import
China,United Kingdom,02-25,89586,"Natural Gas, Electronics, Machinery",Export
Saudi Arabia,India,04-25,203405,"Natural Gas, Electronics, Machinery",Export
Norway,Brazil,08-25,144610,"Natural Gas, Electronics, Machinery",Import
Belgium,France,07-25,284583,"Gems, Jewelry, Pharmaceuticals",Export
Netherlands,Germany,10-25,342522,"Agricultural Products, Machinery, Chemicals",Export
China,Sweden,03-25,373608,"Agricultural Products, Machinery, Chemicals",Export
Spain,United States,09-25,230235,"Natural Gas, Electronics, Machinery",Export
Spain,Indonesia,10-25,462502,"Fertilizers, Machinery, Electronics",Import
China,Norway,07-25,490673,"Electronics, Machinery, Chemicals",Import
Sweden,Italy,05-25,147176,"Iron Ore, Soybeans, Crude Oil",Export
Norway,Japan,04-25,405574,"Aircraft, Machinery, Pharmaceuticals",Export
China,Norway,12-25,367137,"Vehicles, Machinery, Chemicals",Export
India,Indonesia,09-25,28600,"Natural Gas, Electronics, Machinery",Import
Norway,Italy,09-25,254779,"Electronics, Machinery, Chemicals",Import
Turkey,Italy,02-25,97809,"Electronics, Machinery, Chemicals",Import
Denmark,India,02-25,139212,"Crude Oil, Electronics, Gold",Import
Japan,United States,12-25,14919,"Fertilizers, Machinery, Electronics",Import
Indonesia,Turkey,05-25,158980,"Pharmaceuticals, Machinery, Chemicals",Import
Spain,Thailand,07-25,390530,"Textiles, Footwear, Machinery",Export
Canada,South Korea,11-25,255530,"Textiles, Footwear, Machinery",Export
United Kingdom,France,08-25,92567,"Textiles, Footwear, Machinery",Export
Japan,Germany,04-25,459840,"Vehicles, Machinery, Pharmaceuticals",Import
Spain,South Africa,12-25,223721,"Vehicles, Machinery, Pharmaceuticals",Import
Spain,Thailand,12-25,243348,"Electronics, Machinery, Chemicals",Import
Austria,Switzerland,10-25,158621,"Electronics, Machinery, Chemicals",Import
United Kingdom,Singapore,12-25,334667,"Machinery, Electronics, Vehicles",Import
United Kingdom,UAE,04-25,492926,"Natural Gas, Electronics, Machinery",Import
Mexico,Malaysia,11-25,382795,"Electronics, Machinery, Chemicals",Import
Netherlands,France,08-25,24146,"Crude Oil, Electronics, Gold",Import
India,Russia,11-25,101904,"Natural Gas, Electronics, Machinery",Import
Belgium,Indonesia,07-25,235174,"Fertilizers, Machinery, Electronics",Import
Poland,South Korea,09-25,143394,"Vehicles, Machinery, Chemicals",Export
UAE,United Kingdom,09-25,318553,"Crude Oil, Electronics, Gold",Import
South Korea,Canada,10-25,485196,"Pharmaceuticals, Machinery, Chemicals",Import
Switzerland,Germany,08-25,91765,"Pharmaceuticals, Chemicals, Machinery",Export
Denmark,Belgium,01-25,222435,"Fertilizers, Machinery, Electronics",Import
Netherlands,Switzerland,08-25,469598,"Electronics, Machinery, Chemicals",Import
Norway,Malaysia,02-25,282337,"Pharmaceuticals, Chemicals, Machinery",Export
Canada,UAE,03-25,262307,"Vehicles, Machinery, Pharmaceuticals",Import
Spain,Malaysia,04-25,128821,"Electronics, Machinery, Chemicals",Import
Denmark,Malaysia,03-25,157538,"Machinery, Electronics, Vehicles",Import
UAE,Saudi Arabia,03-25,63560,"Gems, Jewelry, Pharmaceuticals",Export
Saudi Arabia,Indonesia,07-25,222198,"Natural Gas, Electronics, Machinery",Export
France,Australia,10-25,287358,"Vehicles, Machinery, Chemicals",Export
UAE,United States,10-25,381096,"Pharmaceuticals, Machinery, Chemicals",Import
Belgium,Saudi Arabia,11-25,351799,"Pharmaceuticals, Chemicals, Machinery",Export
Spain,Thailand,11-25,431968,"Machinery, Electronics, Vehicles",Import
South Korea,United States,07-25,235044,"Textiles, Footwear, Machinery",Export
Brazil,Netherlands,12-25,145009,"Semiconductors, Electronics, Machinery",Export
Malaysia,Vietnam,02-25,221808,"Natural Gas, Electronics, Machinery",Import
Turkey,United Kingdom,01-25,150569,"Pharmaceuticals, Chemicals, Machinery",Export
France,Canada,08-25,314584,"Aircraft, Machinery, Pharmaceuticals",Export
Canada,Singapore,06-25,232112,"Aircraft, Machinery, Pharmaceuticals",Export
Australia,Netherlands,06-25,427026,"Electronics, Machinery, Vehicles",Export
Vietnam,Brazil,08-25,49285,"Vehicles, Machinery, Pharmaceuticals",Import
Canada,South Korea,02-25,354007,"Textiles, Footwear, Machinery",Export
Malaysia,Norway,03-25,449567,"Machinery, Electronics, Vehicles",Import
Thailand,United States,07-25,188475,"Pharmaceuticals, Chemicals, Machinery",Export
Saudi Arabia,Japan,03-25,121124,"Natural Gas, Electronics, Machinery",Import
Germany,Japan,11-25,462296,"Natural Gas, Electronics, Machinery",Import
Spain,Brazil,06-25,460316,"Gems, Jewelry, Pharmaceuticals",Export
Turkey,United Kingdom,02-25,252898,"Natural Gas, Electronics, Machinery",Import
Poland,Saudi Arabia,11-25,73816,"Electronics Components, Machinery, Fabrics",Import
South Korea,Poland,01-25,57727,"Textiles, Footwear, Machinery",Export
Spain,Vietnam,06-25,428061,"Natural Gas, Electronics, Machinery",Export
Austria,South Africa,04-25,242972,"Pharmaceuticals, Machinery, Chemicals",Import
Mexico,Saudi Arabia,11-25,398170,"Pharmaceuticals, Machinery, Chemicals",Import
Japan,South Africa,11-25,490826,"Gems, Jewelry, Pharmaceuticals",Export
Poland,Thailand,07-25,425152,"Electronics Components, Machinery, Fabrics",Import
Sweden,Germany,04-25,56950,"Iron Ore, Soybeans, Crude Oil",Export
UAE,Poland,01-25,333542,"Machinery, Electronics, Vehicles",Import
Italy,Poland,11-25,258131,"Electronics, Machinery, Vehicles",Export
Poland,Mexico,11-25,28938,"Pharmaceuticals, Machinery, Chemicals",Import
Vietnam,Mexico,06-25,5559,"Pharmaceuticals, Chemicals, Machinery",Export
Netherlands,Australia,08-25,463561,"Fertilizers, Machinery, Electronics",Import
Japan,Germany,01-25,363504,"Vehicles, Machinery, Pharmaceuticals",Import
Denmark,France,10-25,233646,"Agricultural Products, Machinery, Chemicals",Export
United Kingdom,Canada,02-25,452584,"Iron Ore, Soybeans, Crude Oil",Export
Japan,Thailand,01-25,84088,"Gems, Jewelry, Pharmaceuticals",Export
Switzerland,Germany,07-25,113018,"Electronics Components, Machinery, Fabrics",Import
India,Singapore,03-25,447839,"Electronics, Machinery, Vehicles",Export
South Korea,Norway,01-25,473431,"Electronics, Machinery, Chemicals",Import
China,Poland,05-25,289982,"Electronics Components, Machinery, Fabrics",Import
Switzerland,Brazil,09-25,476643,"Natural Gas, Electronics, Machinery",Import
Singapore,Netherlands,09-25,483942,"Gems, Jewelry, Pharmaceuticals",Export
Poland,Russia,07-25,332221,"Iron Ore, Soybeans, Crude Oil",Export
Vietnam,South Korea,09-25,163095,"Electronics, Machinery, Chemicals",Import
Mexico,Switzerland,03-25,169194,"Pharmaceuticals, Chemicals, Machinery",Export
Vietnam,Canada,08-25,246314,"Textiles, Footwear, Machinery",Export
Netherlands,Mexico,04-25,37606,"Agricultural Products, Machinery, Chemicals",Export
United States,Malaysia,01-25,61484,"Electronics, Machinery, Vehicles",Export
Switzerland,Norway,01-25,47574,"Fertilizers, Machinery, Electronics",Import
Thailand,Switzerland,06-25,107736,"Crude Oil, Electronics, Gold",Import
Malaysia,Switzerland,11-25,162955,"Fertilizers, Machinery, Electronics",Import
Malaysia,Poland,12-25,498785,"Natural Gas, Electronics, Machinery",Export
United Kingdom,Vietnam,11-25,440050,"Electronics, Machinery, Vehicles",Export
Switzerland,Indonesia,05-25,303243,"Vehicles, Machinery, Pharmaceuticals",Import
Singapore,Turkey,10-25,274814,"Textiles, Footwear, Machinery",Export
Belgium,India,04-25,469526,"Semiconductors, Electronics, Machinery",Export
Netherlands,Japan,07-25,303454,"Agricultural Products, Machinery, Chemicals",Export
Thailand,Switzerland,09-25,264053,"Vehicles, Machinery, Chemicals",Export
Saudi Arabia,Canada,02-25,195137,"Vehicles, Machinery, Pharmaceuticals",Import
Italy,Norway,08-25,32471,"Textiles, Footwear, Machinery",Export
Spain,Turkey,04-25,200594,"Textiles, Footwear, Machinery",Export
France,Poland,01-25,171028,"Aircraft, Machinery, Pharmaceuticals",Export
Austria,Russia,11-25,60574,"Natural Gas, Electronics, Machinery",Import
Japan,Indonesia,04-25,325304,"Semiconductors, Electronics, Machinery",Export
Sweden,Canada,01-25,107613,"Natural Gas, Electronics, Machinery",Import
Thailand,Belgium,09-25,376525,"Machinery, Electronics, Vehicles",Import
Mexico,Poland,03-25,42284,"Natural Gas, Electronics, Machinery",Import
Mexico,Indonesia,05-25,388938,"Electronics, Machinery, Chemicals",Import
South Korea,China,08-25,356125,"Iron Ore, Soybeans, Crude Oil",Export
Switzerland,Netherlands,04-25,252528,"Electronics, Machinery, Vehicles",Export
China,Netherlands,05-25,381708,"Electronics, Machinery, Vehicles",Export
Mexico,Saudi Arabia,10-25,442425,"Electronics Components, Machinery, Fabrics",Import
Sweden,Japan,12-25,9197,"Gems, Jewelry, Pharmaceuticals",Export
Switzerland,Malaysia,07-25,472937,"Textiles, Footwear, Machinery",Export
France,Norway,11-25,44746,"Electronics Components, Machinery, Fabrics",Import
France,India,06-25,96982,"Crude Oil, Electronics, Gold",Import
United Kingdom,Russia,12-25,357138,"Natural Gas, Electronics, Machinery",Export
Malaysia,China,03-25,19008,"Fertilizers, Machinery, Electronics",Import
Spain,Belgium,06-25,278755,"Fertilizers, Machinery, Electronics",Import
Sweden,Russia,08-25,83741,"Vehicles, Machinery, Chemicals",Export
Australia,Singapore,10-25,64022,"Machinery, Electronics, Vehicles",Import
South Korea,Germany,04-25,163480,"Electronics, Machinery, Vehicles",Export
Netherlands,Poland,09-25,265501,"Electronics Components, Machinery, Fabrics",Import
India,Switzerland,05-25,499634,"Vehicles, Machinery, Chemicals",Export
Norway,Australia,03-25,321309,"Pharmaceuticals, Machinery, Chemicals",Import
Thailand,Malaysia,12-25,140974,"Natural Gas, Electronics, Machinery",Import
India,South Korea,02-25,98520,"Electronics Components, Machinery, Fabrics",Import
United States,Malaysia,04-25,386898,"Textiles, Footwear, Machinery",Export
Japan,Singapore,09-25,258313,"Machinery, Electronics, Vehicles",Import
Vietnam,Japan,05-25,245932,"Fertilizers, Machinery, Electronics",Import
UAE,China,10-25,133275,"Agricultural Products, Machinery, Chemicals",Export
Switzerland,Vietnam,07-25,54465,"Pharmaceuticals, Machinery, Chemicals",Import
France,Brazil,04-25,201106,"Crude Oil, Electronics, Gold",Import
Denmark,Russia,09-25,260361,"Electronics Components, Machinery, Fabrics",Import
United States,Japan,07-25,181320,"Fertilizers, Machinery, Electronics",Import
UAE,South Africa,09-25,360870,"Fertilizers, Machinery, Electronics",Import
Netherlands,Germany,09-25,498513,"Natural Gas, Electronics, Machinery",Import
South Korea,South Africa,06-25,322770,"Machinery, Electronics, Vehicles",Import
Japan,Canada,03-25,472785,"Fertilizers, Machinery, Electronics",Import
Vietnam,Canada,05-25,194072,"Vehicles, Machinery, Chemicals",Export
Norway,Saudi Arabia,09-25,237241,"Electronics Components, Machinery, Fabrics",Import
United Kingdom,Switzerland,06-25,114169,"Electronics, Machinery, Vehicles",Export
China,United Kingdom,11-25,75669,"Agricultural Products, Machinery, Chemicals",Export
Switzerland,Canada,04-25,69476,"Pharmaceuticals, Chemicals, Machinery",Export
Switzerland,Belgium,02-25,325010,"Electronics Components, Machinery, Fabrics",Import
Vietnam,Australia,07-25,393699,"Agricultural Products, Machinery, Chemicals",Export
China,Spain,01-25,102387,"Pharmaceuticals, Chemicals, Machinery",Export
Switzerland,Canada,09-25,166114,"Electronics, Machinery, Vehicles",Export
Germany,UAE,08-25,459692,"Electronics Components, Machinery, Fabrics",Import
Brazil,Saudi Arabia,09-25,161082,"Pharmaceuticals, Chemicals, Machinery",Export
Switzerland,France,10-25,389227,"Pharmaceuticals, Machinery, Chemicals",Import
India,Vietnam,12-25,257295,"Crude Oil, Electronics, Gold",Import
Vietnam,China,08-25,331076,"Pharmaceuticals, Machinery, Chemicals",Import
UAE,Malaysia,05-25,436684,"Pharmaceuticals, Chemicals, Machinery",Export
Norway,South Africa,12-25,176860,"Pharmaceuticals, Chemicals, Machinery",Export
Saudi Arabia,Germany,02-25,164957,"Electronics, Machinery, Vehicles",Export
Austria,Switzerland,03-25,407169,"Agricultural Products, Machinery, Chemicals",Export
Japan,Poland,02-25,63955,"Agricultural Products, Machinery, Chemicals",Export
Switzerland,Sweden,04-25,185535,"Aircraft, Machinery, Pharmaceuticals",Export
Singapore,China,08-25,18059,"Electronics Components, Machinery, Fabrics",Import
Austria,Brazil,10-25,377658,"Vehicles, Machinery, Chemicals",Export
Germany,Russia,07-25,427080,"Vehicles, Machinery, Pharmaceuticals",Import
UAE,Singapore,12-25,46483,"Gems, Jewelry, Pharmaceuticals",Export
Italy,Sweden,07-25,446206,"Electronics, Machinery, Vehicles",Export
Canada,India,10-25,450027,"Vehicles, Machinery, Pharmaceuticals",Import
Belgium,Russia,10-25,142686,"Iron Ore, Soybeans, Crude Oil",Export
Singapore,South Africa,05-25,131208,"Semiconductors, Electronics, Machinery",Export
United Kingdom,Germany,09-25,51823,"Pharmaceuticals, Chemicals, Machinery",Export
Malaysia,Japan,10-25,157165,"Fertilizers, Machinery, Electronics",Import
Norway,Thailand,04-25,250299,"Electronics Components, Machinery, Fabrics",Import
Belgium,Mexico,02-25,107168,"Pharmaceuticals, Machinery, Chemicals",Import
Spain,Saudi Arabia,03-25,4945,"Iron Ore, Soybeans, Crude Oil",Export
India,Thailand,09-25,315759,"Electronics Components, Machinery, Fabrics",Import
Thailand,Switzerland,06-25,450398,"Vehicles, Machinery, Pharmaceuticals",Import
France,Thailand,08-25,204747,"Pharmaceuticals, Machinery, Chemicals",Import
Poland,Malaysia,03-25,269571,"Electronics, Machinery, Chemicals",Import
Switzerland,Indonesia,10-25,385608,"Iron Ore, Soybeans, Crude Oil",Export
Malaysia,Netherlands,02-25,243326,"Electronics Components, Machinery, Fabrics",Import
United States,France,05-25,40677,"Machinery, Electronics, Vehicles",Import
Sweden,South Africa,11-25,78166,"Machinery, Electronics, Vehicles",Import
Thailand,Indonesia,07-25,18735,"Gems, Jewelry, Pharmaceuticals",Export
United States,Turkey,04-25,115710,"Gems, Jewelry, Pharmaceuticals",Export
Brazil,Canada,02-25,148030,"Crude Oil, Electronics, Gold",Import
Mexico,Brazil,10-25,309116,"Natural Gas, Electronics, Machinery",Export
Belgium,South Korea,01-25,451542,"Crude Oil, Electronics, Gold",Import
United Kingdom,Indonesia,07-25,341518,"Natural Gas, Electronics, Machinery",Import
Thailand,Poland,12-25,207539,"Electronics Components, Machinery, Fabrics",Import
India,Australia,02-25,365709,"Crude Oil, Electronics, Gold",Import
Austria,Spain,10-25,37575,"Electronics Components, Machinery, Fabrics",Import
Indonesia,France,07-25,25652,"Gems, Jewelry, Pharmaceuticals",Export
United States,Saudi Arabia,10-25,335501,"Electronics Components, Machinery, Fabrics",Import
Thailand,Russia,06-25,375913,"Electronics, Machinery, Vehicles",Export
Malaysia,Brazil,07-25,72491,"Electronics, Machinery, Vehicles",Export
India,China,09-25,179208,"Gems, Jewelry, Pharmaceuticals",Export
United States,United Kingdom,07-25,88191,"Vehicles, Machinery, Pharmaceuticals",Import
Singapore,Mexico,01-25,90822,"Natural Gas, Electronics, Machinery",Export
UAE,France,01-25,176171,"Vehicles, Machinery, Pharmaceuticals",Import
Canada,Australia,03-25,347229,"Textiles, Footwear, Machinery",Export
Norway,Indonesia,12-25,399626,"Pharmaceuticals, Machinery, Chemicals",Import
UAE,Canada,03-25,272269,"Fertilizers, Machinery, Electronics",Import
Saudi Arabia,South Africa,07-25,45898,"Natural Gas, Electronics, Machinery",Import
France,South Africa,06-25,33793,"Textiles, Footwear, Machinery",Export
Vietnam,Norway,01-25,329207,"Crude Oil, Electronics, Gold",Import
UAE,Russia,10-25,489010,"Semiconductors, Electronics, Machinery",Export
Poland,Japan,12-25,85340,"Pharmaceuticals, Chemicals, Machinery",Export
India,Germany,02-25,243402,"Machinery, Electronics, Vehicles",Import
Canada,China,07-25,126692,"Electronics, Machinery, Chemicals",Import
United States,Germany,04-25,79357,"Fertilizers, Machinery, Electronics",Import
Mexico,Indonesia,07-25,25413,"Vehicles, Machinery, Chemicals",Export
India,Japan,08-25,412238,"Semiconductors, Electronics, Machinery",Export
Poland,Italy,12-25,363766,"Natural Gas, Electronics, Machinery",Import
United Kingdom,Spain,12-25,328135,"Fertilizers, Machinery, Electronics",Import
Switzerland,Mexico,08-25,361373,"Pharmaceuticals, Machinery, Chemicals",Import
Japan,Norway,04-25,250247,"Iron Ore, Soybeans, Crude Oil",Export
France,Japan,03-25,408735,"Machinery, Electronics, Vehicles",Import
Japan,Germany,01-25,358966,"Semiconductors, Electronics, Machinery",Export
Brazil,Singapore,06-25,494393,"Semiconductors, Electronics, Machinery",Export
China,South Africa,08-25,279478,"Electronics, Machinery, Chemicals",Import
Spain,Belgium,04-25,311806,"Agricultural Products, Machinery, Chemicals",Export
Brazil,China,11-25,495238,"Crude Oil, Electronics, Gold",Import
Germany,Russia,03-25,144348,"Electronics, Machinery, Vehicles",Export
Germany,Thailand,11-25,278458,"Aircraft, Machinery, Pharmaceuticals",Export
Vietnam,Germany,08-25,5829,"Vehicles, Machinery, Chemicals",Export
Belgium,Poland,12-25,283801,"Aircraft, Machinery, Pharmaceuticals",Export
Australia,Poland,06-25,446995,"Gems, Jewelry, Pharmaceuticals",Export
Norway,Spain,11-25,230413,"Machinery, Electronics, Vehicles",Import
Indonesia,South Africa,11-25,409485,"Semiconductors, Electronics, Machinery",Export
Germany,South Africa,01-25,241820,"Textiles, Footwear, Machinery",Export
Singapore,Switzerland,04-25,438822,"Natural Gas, Electronics, Machinery",Export
Vietnam,China,02-25,110560,"Vehicles, Machinery, Pharmaceuticals",Import
Canada,United States,12-25,414115,"Iron Ore, Soybeans, Crude Oil",Export
South Korea,Vietnam,09-25,469150,"Natural Gas, Electronics, Machinery",Import
France,Switzerland,07-25,46237,"Agricultural Products, Machinery, Chemicals",Export
Denmark,UAE,04-25,27576,"Electronics, Machinery, Chemicals",Import
Switzerland,France,12-25,230998,"Vehicles, Machinery, Chemicals",Export
South Korea,China,03-25,498650,"Natural Gas, Electronics, Machinery",Import
Spain,Canada,04-25,185080,"Textiles, Footwear, Machinery",Export
India,Poland,08-25,330414,"Textiles, Footwear, Machinery",Export
Switzerland,Sweden,11-25,37691,"Electronics, Machinery, Chemicals",Import
Japan,South Africa,01-25,334396,"Vehicles, Machinery, Pharmaceuticals",Import
China,India,03-25,469527,"Electronics, Machinery, Chemicals",Import
United Kingdom,Australia,12-25,433711,"Electronics Components, Machinery, Fabrics",Import
Vietnam,Saudi Arabia,10-25,439528,"Aircraft, Machinery, Pharmaceuticals",Export
Poland,Saudi Arabia,03-25,438475,"Crude Oil, Electronics, Gold",Import
Netherlands,Australia,05-25,281308,"Semiconductors, Electronics, Machinery",Export
Spain,China,09-25,271915,"Semiconductors, Electronics, Machinery",Export
Switzerland,Canada,11-25,315851,"Vehicles, Machinery, Chemicals",Export
United States,Saudi Arabia,07-25,476205,"Vehicles, Machinery, Chemicals",Export
Brazil,Belgium,10-25,9974,"Crude Oil, Electronics, Gold",Import
Singapore,Saudi Arabia,08-25,14524,"Natural Gas, Electronics, Machinery",Export
Saudi Arabia,Canada,08-25,72847,"Gems, Jewelry, Pharmaceuticals",Export
Austria,Poland,07-25,19167,"Iron Ore, Soybeans, Crude Oil",Export
France,Russia,05-25,1885,"Agricultural Products, Machinery, Chemicals",Export
India,Spain,01-25,277832,"Vehicles, Machinery, Pharmaceuticals",Import
Norway,United States,06-25,99211,"Machinery, Electronics, Vehicles",Import
Mexico,Germany,01-25,54717,"Electronics, Machinery, Chemicals",Import
Brazil,Australia,01-25,225552,"Agricultural Products, Machinery, Chemicals",Export
Netherlands,Brazil,05-25,58192,"Aircraft, Machinery, Pharmaceuticals",Export
Singapore,Mexico,10-25,70041,"Pharmaceuticals, Chemicals, Machinery",Export
Mexico,Vietnam,02-25,136794,"Natural Gas, Electronics, Machinery",Import
Australia,Turkey,01-25,180415,"Gems, Jewelry, Pharmaceuticals",Export
Brazil,Spain,01-25,361100,"Pharmaceuticals, Machinery, Chemicals",Import
Indonesia,Poland,06-25,93875,"Electronics, Machinery, Vehicles",Export
India,Indonesia,07-25,226487,"Electronics Components, Machinery, Fabrics",Import
Austria,South Korea,08-25,407424,"Electronics, Machinery, Vehicles",Export
Mexico,Thailand,01-25,365291,"Machinery, Electronics, Vehicles",Import
Belgium,South Africa,09-25,456345,"Electronics Components, Machinery, Fabrics",Import
Austria,Poland,02-25,452029,"Agricultural Products, Machinery, Chemicals",Export
China,South Korea,07-25,58459,"Iron Ore, Soybeans, Crude Oil",Export
France,Sweden,07-25,223840,"Electronics Components, Machinery, Fabrics",Import
Japan,Indonesia,11-25,144530,"Iron Ore, Soybeans, Crude Oil",Export
France,Poland,05-25,265132,"Electronics, Machinery, Chemicals",Import
Vietnam,South Africa,05-25,191444,"Gems, Jewelry, Pharmaceuticals",Export
Mexico,Singapore,11-25,379078,"Aircraft, Machinery, Pharmaceuticals",Export
Thailand,Japan,01-25,4615,"Pharmaceuticals, Chemicals, Machinery",Export
Switzerland,South Africa,01-25,373027,"Pharmaceuticals, Chemicals, Machinery",Export
Japan,Saudi Arabia,02-25,15476,"Agricultural Products, Machinery, Chemicals",Export
Italy,United Kingdom,12-25,40046,"Fertilizers, Machinery, Electronics",Import
Netherlands,Poland,09-25,27260,"Crude Oil, Electronics, Gold",Import
Australia,Saudi Arabia,09-25,321663,"Vehicles, Machinery, Pharmaceuticals",Import
Denmark,Netherlands,03-25,104402,"Crude Oil, Electronics, Gold",Import
Spain,Brazil,10-25,234198,"Natural Gas, Electronics, Machinery",Import
Italy,United Kingdom,10-25,463316,"Gems, Jewelry, Pharmaceuticals",Export
Canada,Norway,03-25,460233,"Iron Ore, Soybeans, Crude Oil",Export
Japan,Norway,03-25,427409,"Textiles, Footwear, Machinery",Export
Sweden,Germany,02-25,270666,"Fertilizers, Machinery, Electronics",Import
Australia,Norway,11-25,380300,"Crude Oil, Electronics, Gold",Import
Italy,Norway,03-25,122018,"Fertilizers, Machinery, Electronics",Import
Denmark,Australia,11-25,139635,"Electronics Components, Machinery, Fabrics",Import
Netherlands,Malaysia,03-25,13715,"Electronics, Machinery, Vehicles",Export
Vietnam,Poland,12-25,379313,"Electronics Components, Machinery, Fabrics",Import
Austria,India,06-25,290411,"Vehicles, Machinery, Chemicals",Export
Italy,UAE,06-25,319689,"Crude Oil, Electronics, Gold",Import
Canada,Sweden,11-25,150364,"Electronics, Machinery, Chemicals",Import
Austria,France,08-25,497284,"Crude Oil, Electronics, Gold",Import
Denmark,South Africa,09-25,142827,"Natural Gas, Electronics, Machinery",Import
Australia,Canada,07-25,100387,"Fertilizers, Machinery, Electronics",Import
UAE,Thailand,11-25,36134,"Aircraft, Machinery, Pharmaceuticals",Export
Italy,Poland,04-25,421388,"Fertilizers, Machinery, Electronics",Import
China,Netherlands,06-25,29084,"Pharmaceuticals, Chemicals, Machinery",Export
UAE,Vietnam,04-25,424893,"Vehicles, Machinery, Chemicals",Export
United States,Mexico,03-25,33749,"Fertilizers, Machinery, Electronics",Import
Denmark,Russia,02-25,126583,"Fertilizers, Machinery, Electronics",Import
Netherlands,Belgium,02-25,342246,"Gems, Jewelry, Pharmaceuticals",Export
Canada,Vietnam,10-25,73544,"Vehicles, Machinery, Pharmaceuticals",Import
Singapore,Switzerland,04-25,439064,"Electronics Components, Machinery, Fabrics",Import
Norway,China,05-25,396506,"Aircraft, Machinery, Pharmaceuticals",Export
Italy,Brazil,02-25,366153,"Natural Gas, Electronics, Machinery",Import
Turkey,Norway,02-25,464758,"Agricultural Products, Machinery, Chemicals",Export
United States,United Kingdom,11-25,489301,"Pharmaceuticals, Machinery, Chemicals",Import
Turkey,Switzerland,07-25,397398,"Vehicles, Machinery, Pharmaceuticals",Import
South Korea,Germany,04-25,135973,"Crude Oil, Electronics, Gold",Import
Italy,United States,10-25,486810,"Vehicles, Machinery, Chemicals",Export
Thailand,India,11-25,339120,"Pharmaceuticals, Machinery, Chemicals",Import
France,Mexico,03-25,361853,"Pharmaceuticals, Machinery, Chemicals",Import
Indonesia,China,02-25,251417,"Crude Oil, Electronics, Gold",Import
Malaysia,Singapore,11-25,387408,"Agricultural Products, Machinery, Chemicals",Export
Germany,Indonesia,05-25,284981,"Electronics, Machinery, Vehicles",Export
Spain,Malaysia,09-25,271615,"Aircraft, Machinery, Pharmaceuticals",Export
Thailand,Belgium,05-25,178763,"Vehicles, Machinery, Chemicals",Export
Switzerland,China,11-25,200647,"Fertilizers, Machinery, Electronics",Import
Poland,Saudi Arabia,02-25,494936,"Pharmaceuticals, Chemicals, Machinery",Export
Austria,Brazil,08-25,16809,"Textiles, Footwear, Machinery",Export
Saudi Arabia,Mexico,06-25,249441,"Crude Oil, Electronics, Gold",Import
South Korea,Poland,05-25,393587,"Electronics Components, Machinery, Fabrics",Import
Switzerland,United States,12-25,485870,"Crude Oil, Electronics, Gold",Import
Norway,Saudi Arabia,10-25,289940,"Semiconductors, Electronics, Machinery",Export
Switzerland,India,12-25,470563,"Electronics, Machinery, Vehicles",Export
Turkey,Norway,05-25,217519,"Electronics, Machinery, Vehicles",Export
France,Brazil,02-25,476425,"Pharmaceuticals, Machinery, Chemicals",Import
Turkey,Switzerland,02-25,292462,"Electronics Components, Machinery, Fabrics",Import
Japan,France,11-25,403770,"Iron Ore, Soybeans, Crude Oil",Export
South Korea,UAE,08-25,407035,"Vehicles, Machinery, Chemicals",Export
Switzerland,Spain,06-25,136594,"Semiconductors, Electronics, Machinery",Export
Indonesia,India,08-25,301916,"Pharmaceuticals, Machinery, Chemicals",Import
Vietnam,UAE,04-25,190748,"Iron Ore, Soybeans, Crude Oil",Export
France,Germany,01-25,234578,"Electronics, Machinery, Chemicals",Import
Switzerland,Thailand,06-25,445461,"Agricultural Products, Machinery, Chemicals",Export
China,Saudi Arabia,06-25,316496,"Electronics, Machinery, Vehicles",Export
Turkey,Mexico,08-25,393299,"Crude Oil, Electronics, Gold",Import
Thailand,Germany,10-25,187448,"Crude Oil, Electronics, Gold",Import
Switzerland,United Kingdom,11-25,441159,"Agricultural Products, Machinery, Chemicals",Export
Brazil,United Kingdom,05-25,323776,"Electronics, Machinery, Chemicals",Import
Saudi Arabia,Russia,11-25,414604,"Semiconductors, Electronics, Machinery",Export
Austria,Sweden,10-25,150308,"Pharmaceuticals, Machinery, Chemicals",Import
Italy,UAE,09-25,22661,"Agricultural Products, Machinery, Chemicals",Export
Sweden,Australia,11-25,410379,"Iron Ore, Soybeans, Crude Oil",Export
Singapore,China,09-25,407114,"Semiconductors, Electronics, Machinery",Export
Spain,Canada,11-25,480703,"Electronics Components, Machinery, Fabrics",Import
Poland,Vietnam,06-25,330465,"Crude Oil, Electronics, Gold",Import
Brazil,Japan,08-25,12136,"Fertilizers, Machinery, Electronics",Import
Thailand,UAE,01-25,415542,"Pharmaceuticals, Chemicals, Machinery",Export
China,South Africa,11-25,283749,"Machinery, Electronics, Vehicles",Import
Thailand,Malaysia,04-25,270487,"Iron Ore, Soybeans, Crude Oil",Export
Germany,South Korea,11-25,282352,"Electronics, Machinery, Vehicles",Export
UAE,France,08-25,135716,"Machinery, Electronics, Vehicles",Import
Netherlands,Italy,11-25,241339,"Textiles, Footwear, Machinery",Export
Austria,Mexico,09-25,387136,"Aircraft, Machinery, Pharmaceuticals",Export
Malaysia,Thailand,03-25,329919,"Natural Gas, Electronics, Machinery",Export
Spain,Australia,11-25,436915,"Electronics, Machinery, Chemicals",Import
France,Italy,04-25,362836,"Iron Ore, Soybeans, Crude Oil",Export
United Kingdom,Singapore,01-25,185528,"Machinery, Electronics, Vehicles",Import
United States,Germany,06-25,362263,"Vehicles, Machinery, Pharmaceuticals",Import
Switzerland,Saudi Arabia,07-25,491322,"Semiconductors, Electronics, Machinery",Export
Australia,Indonesia,04-25,131226,"Natural Gas, Electronics, Machinery",Import
South Korea,Turkey,12-25,207980,"Natural Gas, Electronics, Machinery",Export
Brazil,Netherlands,07-25,398911,"Agricultural Products, Machinery, Chemicals",Export
Thailand,Russia,01-25,49165,"Electronics, Machinery, Vehicles",Export
Singapore,Mexico,07-25,188679,"Iron Ore, Soybeans, Crude Oil",Export
France,India,09-25,382651,"Machinery, Electronics, Vehicles",Import
Turkey,China,02-25,245293,"Gems, Jewelry, Pharmaceuticals",Export
South Korea,Mexico,09-25,453041,"Natural Gas, Electronics, Machinery",Import
United Kingdom,Canada,02-25,481192,"Pharmaceuticals, Machinery, Chemicals",Import
Singapore,Spain,10-25,323051,"Natural Gas, Electronics, Machinery",Import
Italy,Malaysia,07-25,175006,"Gems, Jewelry, Pharmaceuticals",Export
China,Sweden,11-25,242634,"Vehicles, Machinery, Pharmaceuticals",Import
Thailand,Japan,03-25,113122,"Semiconductors, Electronics, Machinery",Export
Australia,Vietnam,07-25,60002,"Electronics, Machinery, Vehicles",Export
Italy,Netherlands,01-25,494061,"Electronics, Machinery, Vehicles",Export
Switzerland,Malaysia,09-25,295547,"Electronics, Machinery, Chemicals",Import
Netherlands,UAE,10-25,280218,"Fertilizers, Machinery, Electronics",Import
France,Indonesia,06-25,306309,"Pharmaceuticals, Machinery, Chemicals",Import
UAE,Australia,03-25,341923,"Aircraft, Machinery, Pharmaceuticals",Export
Germany,India,02-25,194949,"Agricultural Products, Machinery, Chemicals",Export
Thailand,Sweden,07-25,289461,"Pharmaceuticals, Machinery, Chemicals",Import
Germany,Brazil,01-25,265239,"Iron Ore, Soybeans, Crude Oil",Export
India,South Korea,02-25,443359,"Fertilizers, Machinery, Electronics",Import
Brazil,Japan,09-25,29288,"Vehicles, Machinery, Chemicals",Export
Germany,Netherlands,07-25,205548,"Semiconductors, Electronics, Machinery",Export
Denmark,Vietnam,05-25,294764,"Aircraft, Machinery, Pharmaceuticals",Export
Italy,Canada,12-25,220966,"Vehicles, Machinery, Chemicals",Export
Germany,Singapore,02-25,219192,"Natural Gas, Electronics, Machinery",Import
Brazil,Italy,11-25,224664,"Natural Gas, Electronics, Machinery",Import
Denmark,South Korea,05-25,20383,"Vehicles, Machinery, Pharmaceuticals",Import
Vietnam,Singapore,11-25,383667,"Semiconductors, Electronics, Machinery",Export
South Korea,Indonesia,02-25,315770,"Fertilizers, Machinery, Electronics",Import
Malaysia,India,09-25,386713,"Crude Oil, Electronics, Gold",Import
Turkey,Malaysia,07-25,211090,"Vehicles, Machinery, Pharmaceuticals",Import
Vietnam,United Kingdom,08-25,305446,"Textiles, Footwear, Machinery",Export
Thailand,Singapore,07-25,248215,"Fertilizers, Machinery, Electronics",Import
Canada,Australia,01-25,386622,"Electronics Components, Machinery, Fabrics",Import
Malaysia,Australia,01-25,410785,"Machinery, Electronics, Vehicles",Import
China,France,03-25,148690,"Vehicles, Machinery, Chemicals",Export
UAE,Australia,09-25,324531,"Pharmaceuticals, Machinery, Chemicals",Import
China,South Korea,08-25,124228,"Electronics, Machinery, Vehicles",Export
Sweden,South Africa,04-25,191544,"Vehicles, Machinery, Pharmaceuticals",Import
Austria,Singapore,03-25,16283,"Vehicles, Machinery, Chemicals",Export
Italy,Saudi Arabia,03-25,325738,"Electronics Components, Machinery, Fabrics",Import
Austria,China,04-25,81671,"Natural Gas, Electronics, Machinery",Export
India,UAE,10-25,295492,"Electronics, Machinery, Vehicles",Export
Thailand,Sweden,06-25,182927,"Aircraft, Machinery, Pharmaceuticals",Export
Vietnam,Poland,10-25,252155,"Vehicles, Machinery, Chemicals",Export
Spain,Sweden,09-25,201188,"Electronics, Machinery, Vehicles",Export
Austria,Germany,05-25,208595,"Machinery, Electronics, Vehicles",Import
Norway,United Kingdom,03-25,43130,"Fertilizers, Machinery, Electronics",Import
China,Saudi Arabia,04-25,91146,"Machinery, Electronics, Vehicles",Import
Belgium,United States,07-25,414127,"Machinery, Electronics, Vehicles",Import
Austria,United States,05-25,499788,"Electronics, Machinery, Chemicals",Import
South Korea,Saudi Arabia,12-25,19145,"Fertilizers, Machinery, Electronics",Import
Sweden,Australia,06-25,286170,"Textiles, Footwear, Machinery",Export
Vietnam,United States,08-25,43396,"Iron Ore, Soybeans, Crude Oil",Export
UAE,Germany,08-25,111666,"Semiconductors, Electronics, Machinery",Export
Italy,South Africa,09-25,322510,"Iron Ore, Soybeans, Crude Oil",Export
Austria,Malaysia,12-25,188744,"Natural Gas, Electronics, Machinery",Export
Singapore,Spain,09-25,254284,"Textiles, Footwear, Machinery",Export
Australia,Spain,10-25,128955,"Vehicles, Machinery, Chemicals",Export
United Kingdom,Canada,01-25,426777,"Pharmaceuticals, Chemicals, Machinery",Export
India,Mexico,08-25,2530,"Agricultural Products, Machinery, Chemicals",Export
United Kingdom,Indonesia,02-25,122463,"Machinery, Electronics, Vehicles",Import
Mexico,Japan,09-25,114420,"Textiles, Footwear, Machinery",Export
UAE,Thailand,01-25,187518,"Iron Ore, Soybeans, Crude Oil",Export
Norway,Australia,03-25,118321,"Pharmaceuticals, Chemicals, Machinery",Export
Norway,Sweden,01-25,16189,"Vehicles, Machinery, Chemicals",Export
United Kingdom,India,09-25,402879,"Vehicles, Machinery, Chemicals",Export
Switzerland,Japan,08-25,387490,"Crude Oil, Electronics, Gold",Import
Thailand,Sweden,01-25,127676,"Textiles, Footwear, Machinery",Export
Norway,United Kingdom,09-25,18172,"Agricultural Products, Machinery, Chemicals",Export
Netherlands,United Kingdom,05-25,232129,"Agricultural Products, Machinery, Chemicals",Export
Canada,Netherlands,04-25,338871,"Electronics Components, Machinery, Fabrics",Import
Belgium,Malaysia,06-25,107250,"Fertilizers, Machinery, Electronics",Import
India,United States,05-25,381715,"Agricultural Products, Machinery, Chemicals",Export
Indonesia,Russia,05-25,222039,"Textiles, Footwear, Machinery",Export
Austria,Netherlands,01-25,414038,"Crude Oil, Electronics, Gold",Import
China,Canada,10-25,183143,"Semiconductors, Electronics, Machinery",Export
Saudi Arabia,Spain,08-25,303348,"Electronics, Machinery, Chemicals",Import
United States,UAE,02-25,101468,"Vehicles, Machinery, Pharmaceuticals",Import
Japan,Vietnam,08-25,469452,"Natural Gas, Electronics, Machinery",Export
UAE,Italy,10-25,352674,"Iron Ore, Soybeans, Crude Oil",Export
Mexico,Turkey,07-25,222128,"Fertilizers, Machinery, Electronics",Import
Norway,Singapore,08-25,416538,"Semiconductors, Electronics, Machinery",Export
Indonesia,Norway,07-25,191730,"Natural Gas, Electronics, Machinery",Import
United States,Belgium,04-25,138847,"Fertilizers, Machinery, Electronics",Import
Vietnam,France,03-25,366147,"Machinery, Electronics, Vehicles",Import
Singapore,Japan,02-25,459463,"Pharmaceuticals, Machinery, Chemicals",Import
Singapore,United States,05-25,454180,"Vehicles, Machinery, Chemicals",Export
Austria,Indonesia,08-25,167912,"Aircraft, Machinery, Pharmaceuticals",Export
Austria,Brazil,09-25,497915,"Fertilizers, Machinery, Electronics",Import
Australia,Mexico,10-25,27977,"Vehicles, Machinery, Pharmaceuticals",Import
Malaysia,South Africa,01-25,33922,"Iron Ore, Soybeans, Crude Oil",Export
India,Canada,03-25,454294,"Machinery, Electronics, Vehicles",Import
Canada,United States,10-25,171132,"Aircraft, Machinery, Pharmaceuticals",Export
United States,United Kingdom,12-25,110891,"Pharmaceuticals, Machinery, Chemicals",Import
Denmark,Mexico,09-25,50263,"Gems, Jewelry, Pharmaceuticals",Export
United States,Malaysia,10-25,489897,"Machinery, Electronics, Vehicles",Import
South Korea,Germany,03-25,306251,"Electronics, Machinery, Chemicals",Import
Switzerland,Belgium,10-25,379629,"Iron Ore, Soybeans, Crude Oil",Export
Austria,South Korea,02-25,96961,"Natural Gas, Electronics, Machinery",Import
Indonesia,India,10-25,298097,"Gems, Jewelry, Pharmaceuticals",Export
Japan,Australia,09-25,231151,"Fertilizers, Machinery, Electronics",Import
United States,Sweden,05-25,95432,"Pharmaceuticals, Chemicals, Machinery",Export
Denmark,Indonesia,10-25,308208,"Pharmaceuticals, Chemicals, Machinery",Export
Canada,Germany,07-25,15373,"Electronics, Machinery, Vehicles",Export
Saudi Arabia,Mexico,04-25,273504,"Electronics, Machinery, Vehicles",Export
Canada,Sweden,12-25,178344,"Aircraft, Machinery, Pharmaceuticals",Export
Japan,South Korea,10-25,388366,"Aircraft, Machinery, Pharmaceuticals",Export
Austria,Singapore,04-25,235116,"Agricultural Products, Machinery, Chemicals",Export
UAE,Indonesia,08-25,85733,"Natural Gas, Electronics, Machinery",Export
Germany,Poland,06-25,492485,"Machinery, Electronics, Vehicles",Import
Switzerland,United States,04-25,466597,"Textiles, Footwear, Machinery",Export
Belgium,China,02-25,274552,"Electronics, Machinery, Chemicals",Import
United States,Brazil,11-25,495618,"Natural Gas, Electronics, Machinery",Import
France,UAE,10-25,183072,"Semiconductors, Electronics, Machinery",Export
Austria,Turkey,05-25,494339,"Electronics Components, Machinery, Fabrics",Import
Japan,Turkey,07-25,348866,"Pharmaceuticals, Machinery, Chemicals",Import
Germany,Poland,03-25,376717,"Vehicles, Machinery, Pharmaceuticals",Import
Denmark,Germany,02-25,216125,"Pharmaceuticals, Machinery, Chemicals",Import
Turkey,India,06-25,434192,"Electronics Components, Machinery, Fabrics",Import
Germany,Netherlands,03-25,310841,"Pharmaceuticals, Machinery, Chemicals",Import
UAE,Italy,06-25,406633,"Semiconductors, Electronics, Machinery",Export
Malaysia,South Korea,07-25,164783,"Iron Ore, Soybeans, Crude Oil",Export
China,Indonesia,08-25,424574,"Electronics Components, Machinery, Fabrics",Import
Turkey,India,07-25,463413,"Vehicles, Machinery, Pharmaceuticals",Import
UAE,Indonesia,04-25,432023,"Fertilizers, Machinery, Electronics",Import
Saudi Arabia,Turkey,03-25,51603,"Semiconductors, Electronics, Machinery",Export
Spain,Russia,01-25,201507,"Machinery, Electronics, Vehicles",Import
Vietnam,India,12-25,387844,"Pharmaceuticals, Chemicals, Machinery",Export
Switzerland,United Kingdom,11-25,83808,"Gems, Jewelry, Pharmaceuticals",Export
Canada,Mexico,06-25,422771,"Crude Oil, Electronics, Gold",Import
Canada,South Africa,01-25,347104,"Gems, Jewelry, Pharmaceuticals",Export
Spain,South Korea,11-25,35945,"Textiles, Footwear, Machinery",Export
UAE,Switzerland,12-25,101030,"Fertilizers, Machinery, Electronics",Import
Thailand,Spain,04-25,383251,"Machinery, Electronics, Vehicles",Import
Malaysia,Japan,07-25,493229,"Fertilizers, Machinery, Electronics",Import
Japan,Vietnam,07-25,91626,"Crude Oil, Electronics, Gold",Import
Japan,Canada,04-25,282827,"Vehicles, Machinery, Chemicals",Export
United Kingdom,Turkey,08-25,398703,"Pharmaceuticals, Chemicals, Machinery",Export
Norway,Brazil,06-25,16627,"Aircraft, Machinery, Pharmaceuticals",Export
Singapore,Brazil,11-25,363880,"Agricultural Products, Machinery, Chemicals",Export
Saudi Arabia,Australia,12-25,45983,"Machinery, Electronics, Vehicles",Import
Vietnam,Switzerland,09-25,446804,"Natural Gas, Electronics, Machinery",Export
Belgium,Malaysia,05-25,482093,"Vehicles, Machinery, Pharmaceuticals",Import
Saudi Arabia,Belgium,05-25,405660,"Gems, Jewelry, Pharmaceuticals",Export
Vietnam,Canada,02-25,183325,"Gems, Jewelry, Pharmaceuticals",Export
Poland,Turkey,01-25,322037,"Fertilizers, Machinery, Electronics",Import
India,Netherlands,07-25,329779,"Pharmaceuticals, Machinery, Chemicals",Import
Mexico,Japan,11-25,238721,"Machinery, Electronics, Vehicles",Import
Saudi Arabia,Spain,08-25,47172,"Natural Gas, Electronics, Machinery",Import
Canada,South Africa,09-25,443081,"Semiconductors, Electronics, Machinery",Export
Austria,Turkey,05-25,471675,"Gems, Jewelry, Pharmaceuticals",Export
India,Italy,06-25,126818,"Agricultural Products, Machinery, Chemicals",Export
Japan,Canada,05-25,140096,"Semiconductors, Electronics, Machinery",Export
France,Malaysia,01-25,434118,"Electronics Components, Machinery, Fabrics",Import
Vietnam,Thailand,02-25,221552,"Agricultural Products, Machinery, Chemicals",Export
India,Singapore,10-25,373956,"Textiles, Footwear, Machinery",Export
Canada,Thailand,09-25,431343,"Electronics, Machinery, Vehicles",Export
Austria,Norway,09-25,234996,"Natural Gas, Electronics, Machinery",Export
Malaysia,France,07-25,241059,"Aircraft, Machinery, Pharmaceuticals",Export
Switzerland,Sweden,04-25,13145,"Electronics, Machinery, Vehicles",Export
China,South Africa,10-25,253860,"Pharmaceuticals, Chemicals, Machinery",Export
Germany,India,02-25,432761,"Natural Gas, Electronics, Machinery",Export
Denmark,Singapore,04-25,4677,"Vehicles, Machinery, Pharmaceuticals",Import
United States,China,02-25,283815,"Machinery, Electronics, Vehicles",Import
Japan,Germany,12-25,30842,"Aircraft, Machinery, Pharmaceuticals",Export
Thailand,Spain,10-25,236977,"Pharmaceuticals, Machinery, Chemicals",Import
India,Malaysia,12-25,220543,"Vehicles, Machinery, Chemicals",Export
Thailand,Spain,09-25,194238,"Vehicles, Machinery, Chemicals",Export
France,UAE,12-25,311713,"Electronics, Machinery, Chemicals",Import
Japan,Netherlands,12-25,86676,"Natural Gas, Electronics, Machinery",Import
Denmark,Australia,04-25,245384,"Textiles, Footwear, Machinery",Export
Germany,Switzerland,04-25,29471,"Electronics Components, Machinery, Fabrics",Import
Turkey,South Korea,02-25,117490,"Iron Ore, Soybeans, Crude Oil",Export
Australia,United Kingdom,02-25,136823,"Machinery, Electronics, Vehicles",Import
Japan,Switzerland,02-25,189648,"Crude Oil, Electronics, Gold",Import
Saudi Arabia,South Africa,11-25,183003,"Electronics Components, Machinery, Fabrics",Import
Netherlands,Germany,04-25,263764,"Electronics, Machinery, Chemicals",Import
Indonesia,South Africa,05-25,110558,"Machinery, Electronics, Vehicles",Import
Canada,Poland,06-25,429879,"Vehicles, Machinery, Pharmaceuticals",Import
Mexico,Australia,04-25,57173,"Crude Oil, Electronics, Gold",Import
Saudi Arabia,Australia,01-25,47037,"Semiconductors, Electronics, Machinery",Export
Canada,Mexico,02-25,221759,"Pharmaceuticals, Machinery, Chemicals",Import
UAE,United Kingdom,06-25,258806,"Machinery, Electronics, Vehicles",Import
Netherlands,Singapore,02-25,481753,"Natural Gas, Electronics, Machinery",Export
Poland,Italy,04-25,148538,"Fertilizers, Machinery, Electronics",Import
Denmark,India,06-25,175763,"Electronics, Machinery, Chemicals",Import
Poland,UAE,10-25,272723,"Agricultural Products, Machinery, Chemicals",Export
Poland,Switzerland,06-25,77842,"Natural Gas, Electronics, Machinery",Import
Denmark,Spain,06-25,337595,"Natural Gas, Electronics, Machinery",Import
France,Indonesia,01-25,184954,"Crude Oil, Electronics, Gold",Import
Belgium,France,04-25,29459,"Pharmaceuticals, Machinery, Chemicals",Import
Italy,Australia,06-25,393939,"Natural Gas, Electronics, Machinery",Import
Sweden,Belgium,10-25,199432,"Crude Oil, Electronics, Gold",Import
India,Switzerland,01-25,347568,"Iron Ore, Soybeans, Crude Oil",Export
Canada,Indonesia,03-25,137652,"Semiconductors, Electronics, Machinery",Export
Saudi Arabia,Sweden,11-25,264528,"Textiles, Footwear, Machinery",Export
South Korea,France,03-25,284447,"Agricultural Products, Machinery, Chemicals",Export
Saudi Arabia,Belgium,01-25,415271,"Machinery, Electronics, Vehicles",Import
Thailand,Saudi Arabia,04-25,128892,"Fertilizers, Machinery, Electronics",Import
Malaysia,Italy,11-25,146621,"Vehicles, Machinery, Chemicals",Export
Netherlands,Sweden,04-25,464515,"Electronics, Machinery, Chemicals",Import
France,Italy,12-25,69614,"Vehicles, Machinery, Pharmaceuticals",Import
Netherlands,Thailand,05-25,359092,"Natural Gas, Electronics, Machinery",Export
Saudi Arabia,Netherlands,03-25,443022,"Vehicles, Machinery, Chemicals",Export
Germany,Norway,06-25,298803,"Machinery, Electronics, Vehicles",Import
United States,South Africa,08-25,439213,"Electronics, Machinery, Vehicles",Export
Austria,Belgium,10-25,333766,"Crude Oil, Electronics, Gold",Import
Switzerland,Turkey,02-25,137935,"Agricultural Products, Machinery, Chemicals",Export
Australia,Netherlands,01-25,78910,"Vehicles, Machinery, Pharmaceuticals",Import
South Korea,Brazil,03-25,262909,"Electronics Components, Machinery, Fabrics",Import
Malaysia,Sweden,02-25,379717,"Agricultural Products, Machinery, Chemicals",Export
Italy,Sweden,04-25,284491,"Electronics Components, Machinery, Fabrics",Import
Canada,Sweden,04-25,91908,"Gems, Jewelry, Pharmaceuticals",Export
Indonesia,Brazil,09-25,38720,"Aircraft, Machinery, Pharmaceuticals",Export
Turkey,Russia,12-25,397992,"Aircraft, Machinery, Pharmaceuticals",Export
Thailand,Spain,06-25,427105,"Pharmaceuticals, Chemicals, Machinery",Export
Brazil,Canada,12-25,20924,"Pharmaceuticals, Machinery, Chemicals",Import
Denmark,Singapore,10-25,148282,"Agricultural Products, Machinery, Chemicals",Export
Norway,UAE,04-25,364403,"Vehicles, Machinery, Pharmaceuticals",Import
Vietnam,Russia,07-25,270895,"Electronics, Machinery, Vehicles",Export
Denmark,India,08-25,367125,"Natural Gas, Electronics, Machinery",Import
Vietnam,France,08-25,459133,"Crude Oil, Electronics, Gold",Import
Canada,South Africa,04-25,357846,"Natural Gas, Electronics, Machinery",Export
Mexico,Spain,03-25,424453,"Fertilizers, Machinery, Electronics",Import
Poland,Thailand,09-25,126926,"Crude Oil, Electronics, Gold",Import
United States,Sweden,04-25,229955,"Agricultural Products, Machinery, Chemicals",Export
Mexico,United Kingdom,12-25,127860,"Pharmaceuticals, Machinery, Chemicals",Import
Vietnam,Saudi Arabia,10-25,281326,"Iron Ore, Soybeans, Crude Oil",Export
Italy,Singapore,02-25,238728,"Crude Oil, Electronics, Gold",Import
Vietnam,Poland,05-25,279446,"Pharmaceuticals, Machinery, Chemicals",Import
Australia,Poland,09-25,162283,"Electronics Components, Machinery, Fabrics",Import
Sweden,Turkey,05-25,304100,"Electronics Components, Machinery, Fabrics",Import
South Korea,Saudi Arabia,04-25,281990,"Electronics, Machinery, Chemicals",Import
Australia,South Korea,09-25,355865,"Fertilizers, Machinery, Electronics",Import
Singapore,United Kingdom,04-25,436684,"Semiconductors, Electronics, Machinery",Export
Denmark,Malaysia,02-25,327112,"Agricultural Products, Machinery, Chemicals",Export
Sweden,Australia,03-25,312236,"Fertilizers, Machinery, Electronics",Import
Denmark,Brazil,07-25,420928,"Electronics Components, Machinery, Fabrics",Import
Switzerland,Vietnam,10-25,279051,"Pharmaceuticals, Machinery, Chemicals",Import
Turkey,Malaysia,07-25,316570,"Natural Gas, Electronics, Machinery",Export
Saudi Arabia,Norway,08-25,315342,"Aircraft, Machinery, Pharmaceuticals",Export
France,Spain,12-25,116456,"Electronics Components, Machinery, Fabrics",Import
France,Australia,06-25,9897,"Pharmaceuticals, Machinery, Chemicals",Import
Thailand,Netherlands,06-25,39912,"Fertilizers, Machinery, Electronics",Import
China,Brazil,06-25,223756,"Vehicles, Machinery, Pharmaceuticals",Import
Norway,Vietnam,11-25,52380,"Vehicles, Machinery, Pharmaceuticals",Import
Denmark,Singapore,09-25,204330,"Electronics Components, Machinery, Fabrics",Import
France,Germany,05-25,238448,"Fertilizers, Machinery, Electronics",Import
Thailand,Turkey,09-25,358821,"Crude Oil, Electronics, Gold",Import
Sweden,China,03-25,470771,"Natural Gas, Electronics, Machinery",Import
Spain,United Kingdom,10-25,14505,"Aircraft, Machinery, Pharmaceuticals",Export
Indonesia,Belgium,06-25,227009,"Crude Oil, Electronics, Gold",Import
Denmark,Norway,06-25,189880,"Electronics, Machinery, Vehicles",Export
Germany,Japan,05-25,289788,"Iron Ore, Soybeans, Crude Oil",Export
Turkey,China,05-25,130010,"Natural Gas, Electronics, Machinery",Import
United Kingdom,Switzerland,03-25,381488,"Vehicles, Machinery, Pharmaceuticals",Import
Spain,United States,08-25,121391,"Vehicles, Machinery, Pharmaceuticals",Import
Switzerland,Malaysia,12-25,173358,"Crude Oil, Electronics, Gold",Import
South Korea,Switzerland,01-25,401786,"Electronics, Machinery, Vehicles",Export
China,Indonesia,06-25,488917,"Semiconductors, Electronics, Machinery",Export
Vietnam,United States,04-25,312703,"Aircraft, Machinery, Pharmaceuticals",Export
Netherlands,Germany,03-25,297437,"Pharmaceuticals, Chemicals, Machinery",Export
Austria,United States,06-25,278017,"Pharmaceuticals, Chemicals, Machinery",Export
Belgium,Netherlands,07-25,413550,"Vehicles, Machinery, Chemicals",Export
India,Sweden,05-25,343749,"Pharmaceuticals, Machinery, Chemicals",Import
Germany,Spain,08-25,118393,"Electronics, Machinery, Chemicals",Import
Belgium,Japan,08-25,222391,"Vehicles, Machinery, Pharmaceuticals",Import
France,Indonesia,09-25,346249,"Machinery, Electronics, Vehicles",Import
Brazil,Russia,07-25,362864,"Electronics, Machinery, Chemicals",Import
Brazil,Singapore,06-25,355531,"Electronics Components, Machinery, Fabrics",Import
Vietnam,United Kingdom,12-25,143704,"Gems, Jewelry, Pharmaceuticals",Export
Spain,Turkey,11-25,142007,"Fertilizers, Machinery, Electronics",Import
Poland,Mexico,05-25,78130,"Gems, Jewelry, Pharmaceuticals",Export
Germany,Vietnam,12-25,219442,"Machinery, Electronics, Vehicles",Import
France,China,04-25,477211,"Vehicles, Machinery, Chemicals",Export
Sweden,Spain,11-25,297277,"Iron Ore, Soybeans, Crude Oil",Export
Italy,South Africa,05-25,167191,"Gems, Jewelry, Pharmaceuticals",Export
Poland,Australia,08-25,479809,"Vehicles, Machinery, Pharmaceuticals",Import
France,United Kingdom,09-25,295364,"Machinery, Electronics, Vehicles",Import
Canada,Italy,09-25,458111,"Electronics, Machinery, Vehicles",Export
Denmark,Vietnam,10-25,211300,"Textiles, Footwear, Machinery",Export
Poland,Netherlands,12-25,375731,"Pharmaceuticals, Chemicals, Machinery",Export
Italy,Netherlands,07-25,60586,"Electronics, Machinery, Vehicles",Export
Canada,Poland,11-25,247351,"Pharmaceuticals, Chemicals, Machinery",Export
Indonesia,United States,05-25,401404,"Pharmaceuticals, Machinery, Chemicals",Import
Singapore,Indonesia,04-25,391510,"Textiles, Footwear, Machinery",Export
Brazil,Belgium,01-25,11041,"Vehicles, Machinery, Chemicals",Export
Japan,Vietnam,09-25,118312,"Pharmaceuticals, Machinery, Chemicals",Import
Indonesia,Canada,09-25,162775,"Crude Oil, Electronics, Gold",Import
Malaysia,Italy,05-25,489092,"Natural Gas, Electronics, Machinery",Import
France,Switzerland,06-25,404324,"Electronics, Machinery, Vehicles",Export
Canada,Australia,02-25,191624,"Semiconductors, Electronics, Machinery",Export
Belgium,China,05-25,383205,"Pharmaceuticals, Chemicals, Machinery",Export
Brazil,Norway,04-25,294160,"Crude Oil, Electronics, Gold",Import
Canada,South Korea,07-25,35880,"Semiconductors, Electronics, Machinery",Export
Singapore,Germany,01-25,212155,"Machinery, Electronics, Vehicles",Import
Netherlands,Indonesia,07-25,70888,"Textiles, Footwear, Machinery",Export
UAE,United States,11-25,332693,"Machinery, Electronics, Vehicles",Import
Sweden,United States,07-25,216650,"Electronics, Machinery, Vehicles",Export
Norway,Italy,10-25,284283,"Electronics Components, Machinery, Fabrics",Import
Vietnam,United Kingdom,11-25,1239,"Electronics, Machinery, Chemicals",Import
Germany,South Korea,03-25,394647,"Aircraft, Machinery, Pharmaceuticals",Export
Sweden,UAE,06-25,219936,"Agricultural Products, Machinery, Chemicals",Export
Thailand,South Africa,07-25,154961,"Aircraft, Machinery, Pharmaceuticals",Export
China,Canada,09-25,68434,"Machinery, Electronics, Vehicles",Import
Spain,Japan,11-25,53045,"Iron Ore, Soybeans, Crude Oil",Export
Japan,Spain,06-25,14320,"Vehicles, Machinery, Chemicals",Export
United Kingdom,France,06-25,224397,"Gems, Jewelry, Pharmaceuticals",Export
Australia,Netherlands,01-25,364884,"Pharmaceuticals, Chemicals, Machinery",Export
India,Malaysia,08-25,114094,"Pharmaceuticals, Chemicals, Machinery",Export
United Kingdom,Turkey,12-25,6598,"Aircraft, Machinery, Pharmaceuticals",Export
United Kingdom,Netherlands,05-25,274458,"Electronics, Machinery, Vehicles",Export
Canada,Norway,08-25,429251,"Machinery, Electronics, Vehicles",Import
Poland,Brazil,10-25,62820,"Electronics Components, Machinery, Fabrics",Import
Poland,United Kingdom,09-25,487461,"Vehicles, Machinery, Pharmaceuticals",Import
Vietnam,Indonesia,08-25,43704,"Gems, Jewelry, Pharmaceuticals",Export
Japan,Belgium,06-25,300479,"Gems, Jewelry, Pharmaceuticals",Export
South Korea,Poland,07-25,78169,"Vehicles, Machinery, Pharmaceuticals",Import
Turkey,South Africa,06-25,403523,"Natural Gas, Electronics, Machinery",Export
Mexico,China,07-25,490857,"Vehicles, Machinery, Pharmaceuticals",Import
Japan,Sweden,08-25,365157,"Fertilizers, Machinery, Electronics",Import
Australia,Switzerland,10-25,264498,"Vehicles, Machinery, Pharmaceuticals",Import
South Korea,United States,07-25,440328,"Fertilizers, Machinery, Electronics",Import
France,Netherlands,03-25,19529,"Natural Gas, Electronics, Machinery",Export
India,Indonesia,08-25,439916,"Crude Oil, Electronics, Gold",Import
Norway,China,07-25,153399,"Crude Oil, Electronics, Gold",Import
Sweden,Indonesia,02-25,453449,"Vehicles, Machinery, Chemicals",Export
Indonesia,Vietnam,06-25,147914,"Fertilizers, Machinery, Electronics",Import
United Kingdom,Sweden,09-25,58444,"Pharmaceuticals, Machinery, Chemicals",Import
Belgium,France,10-25,202920,"Fertilizers, Machinery, Electronics",Import
Norway,United Kingdom,01-25,61496,"Agricultural Products, Machinery, Chemicals",Export
Singapore,Netherlands,10-25,138765,"Vehicles, Machinery, Chemicals",Export
Sweden,Russia,01-25,10419,"Electronics Components, Machinery, Fabrics",Import
United States,Poland,01-25,345159,"Natural Gas, Electronics, Machinery",Export
Denmark,Malaysia,07-25,473570,"Electronics, Machinery, Vehicles",Export
Belgium,United Kingdom,03-25,176010,"Aircraft, Machinery, Pharmaceuticals",Export
Norway,Russia,11-25,373651,"Iron Ore, Soybeans, Crude Oil",Export
Turkey,Singapore,09-25,5009,"Fertilizers, Machinery, Electronics",Import
Brazil,Spain,08-25,281414,"Semiconductors, Electronics, Machinery",Export
India,Sweden,02-25,119420,"Textiles, Footwear, Machinery",Export
Denmark,France,07-25,492335,"Electronics Components, Machinery, Fabrics",Import
Saudi Arabia,Italy,08-25,80592,"Agricultural Products, Machinery, Chemicals",Export
Netherlands,Thailand,02-25,171035,"Semiconductors, Electronics, Machinery",Export
Netherlands,Vietnam,02-25,196662,"Vehicles, Machinery, Pharmaceuticals",Import
South Korea,Mexico,05-25,441600,"Natural Gas, Electronics, Machinery",Export
Canada,Turkey,11-25,460145,"Pharmaceuticals, Chemicals, Machinery",Export
Belgium,Germany,01-25,365190,"Electronics, Machinery, Chemicals",Import
India,Switzerland,09-25,345148,"Electronics, Machinery, Vehicles",Export
France,South Africa,04-25,373179,"Pharmaceuticals, Machinery, Chemicals",Import
Sweden,Germany,03-25,92503,"Iron Ore, Soybeans, Crude Oil",Export
Poland,Mexico,05-25,123819,"Electronics, Machinery, Chemicals",Import
Saudi Arabia,Italy,10-25,247656,"Vehicles, Machinery, Chemicals",Export
France,India,05-25,348049,"Pharmaceuticals, Chemicals, Machinery",Export
Canada,Mexico,05-25,103876,"Gems, Jewelry, Pharmaceuticals",Export
Norway,Saudi Arabia,07-25,407170,"Electronics Components, Machinery, Fabrics",Import
France,China,03-25,108521,"Electronics Components, Machinery, Fabrics",Import
Japan,Italy,03-25,222737,"Vehicles, Machinery, Pharmaceuticals",Import
Malaysia,Turkey,06-25,246633,"Crude Oil, Electronics, Gold",Import
Singapore,Switzerland,10-25,31815,"Pharmaceuticals, Machinery, Chemicals",Import
Switzerland,Thailand,03-25,315509,"Vehicles, Machinery, Pharmaceuticals",Import
Singapore,Poland,12-25,228758,"Pharmaceuticals, Machinery, Chemicals",Import
Belgium,Australia,06-25,97013,"Agricultural Products, Machinery, Chemicals",Export
Canada,Mexico,02-25,387421,"Electronics, Machinery, Chemicals",Import
Germany,Australia,08-25,378058,"Machinery, Electronics, Vehicles",Import
Switzerland,France,02-25,326052,"Aircraft, Machinery, Pharmaceuticals",Export
Sweden,Vietnam,11-25,367652,"Vehicles, Machinery, Chemicals",Export
Netherlands,Italy,04-25,65684,"Machinery, Electronics, Vehicles",Import
Mexico,Belgium,08-25,424055,"Iron Ore, Soybeans, Crude Oil",Export
UAE,Mexico,04-25,416526,"Fertilizers, Machinery, Electronics",Import
Malaysia,Sweden,04-25,450049,"Textiles, Footwear, Machinery",Export
Belgium,South Africa,09-25,419858,"Pharmaceuticals, Chemicals, Machinery",Export
Italy,South Korea,01-25,284929,"Vehicles, Machinery, Pharmaceuticals",Import
Vietnam,Australia,05-25,72453,"Machinery, Electronics, Vehicles",Import
Switzerland,Norway,08-25,188217,"Vehicles, Machinery, Pharmaceuticals",Import
Canada,France,11-25,170679,"Electronics, Machinery, Chemicals",Import
Denmark,Vietnam,01-25,239310,"Gems, Jewelry, Pharmaceuticals",Export
Thailand,South Korea,07-25,400153,"Gems, Jewelry, Pharmaceuticals",Export
Poland,Switzerland,12-25,465930,"Agricultural Products, Machinery, Chemicals",Export
Indonesia,Canada,03-25,38759,"Electronics Components, Machinery, Fabrics",Import
Indonesia,South Africa,04-25,339877,"Electronics, Machinery, Chemicals",Import
Spain,Germany,11-25,364620,"Textiles, Footwear, Machinery",Export
Sweden,Saudi Arabia,09-25,226412,"Iron Ore, Soybeans, Crude Oil",Export
Germany,UAE,01-25,294272,"Electronics Components, Machinery, Fabrics",Import
Vietnam,Canada,06-25,318416,"Electronics, Machinery, Chemicals",Import
Japan,Indonesia,08-25,362872,"Electronics, Machinery, Chemicals",Import
Canada,Vietnam,12-25,218873,"Semiconductors, Electronics, Machinery",Export
United Kingdom,Russia,01-25,372033,"Textiles, Footwear, Machinery",Export
Germany,Thailand,11-25,143267,"Vehicles, Machinery, Pharmaceuticals",Import
India,Vietnam,05-25,405176,"Electronics, Machinery, Vehicles",Export
Saudi Arabia,United States,09-25,432127,"Pharmaceuticals, Machinery, Chemicals",Import
Spain,China,01-25,118919,"Electronics Components, Machinery, Fabrics",Import
Indonesia,Canada,10-25,403577,"Electronics, Machinery, Vehicles",Export
Malaysia,United Kingdom,09-25,194157,"Vehicles, Machinery, Pharmaceuticals",Import
Belgium,United Kingdom,12-25,28204,"Fertilizers, Machinery, Electronics",Import
Sweden,Turkey,10-25,436244,"Vehicles, Machinery, Chemicals",Export
Indonesia,Australia,04-25,294667,"Natural Gas, Electronics, Machinery",Export
Turkey,Indonesia,02-25,483537,"Gems, Jewelry, Pharmaceuticals",Export
Mexico,Switzerland,07-25,15342,"Electronics, Machinery, Vehicles",Export
Norway,France,08-25,447542,"Electronics Components, Machinery, Fabrics",Import
Australia,Norway,11-25,408704,"Machinery, Electronics, Vehicles",Import
Poland,Canada,05-25,4329,"Semiconductors, Electronics, Machinery",Export
China,Thailand,05-25,135975,"Natural Gas, Electronics, Machinery",Import
India,Germany,01-25,463354,"Textiles, Footwear, Machinery",Export
Vietnam,Mexico,09-25,198948,"Electronics, Machinery, Vehicles",Export
Denmark,Poland,01-25,485435,"Natural Gas, Electronics, Machinery",Import
Mexico,Norway,08-25,376881,"Fertilizers, Machinery, Electronics",Import
Denmark,Indonesia,07-25,291490,"Aircraft, Machinery, Pharmaceuticals",Export
Turkey,Brazil,03-25,206086,"Pharmaceuticals, Chemicals, Machinery",Export
Australia,South Africa,04-25,54804,"Iron Ore, Soybeans, Crude Oil",Export
Austria,Norway,12-25,485340,"Vehicles, Machinery, Pharmaceuticals",Import
Switzerland,Poland,12-25,54071,"Fertilizers, Machinery, Electronics",Import
Denmark,Saudi Arabia,06-25,375630,"Gems, Jewelry, Pharmaceuticals",Export
Saudi Arabia,Canada,08-25,163797,"Electronics, Machinery, Chemicals",Import
China,France,12-25,494927,"Agricultural Products, Machinery, Chemicals",Export
UAE,China,05-25,214267,"Iron Ore, Soybeans, Crude Oil",Export
Belgium,Netherlands,02-25,492155,"Electronics, Machinery, Chemicals",Import
Turkey,United States,11-25,279486,"Electronics, Machinery, Chemicals",Import
Austria,Singapore,11-25,332087,"Gems, Jewelry, Pharmaceuticals",Export
Turkey,Saudi Arabia,10-25,487280,"Machinery, Electronics, Vehicles",Import
Norway,Mexico,09-25,497418,"Machinery, Electronics, Vehicles",Import
Norway,UAE,05-25,258417,"Vehicles, Machinery, Chemicals",Export
United Kingdom,Saudi Arabia,07-25,139047,"Pharmaceuticals, Chemicals, Machinery",Export
Thailand,Germany,09-25,446404,"Electronics, Machinery, Vehicles",Export
China,Japan,09-25,168481,"Natural Gas, Electronics, Machinery",Export
Italy,Vietnam,03-25,318778,"Gems, Jewelry, Pharmaceuticals",Export
Brazil,Canada,01-25,261750,"Vehicles, Machinery, Pharmaceuticals",Import
Netherlands,United States,07-25,456109,"Vehicles, Machinery, Chemicals",Export
Switzerland,India,08-25,254693,"Aircraft, Machinery, Pharmaceuticals",Export
Germany,United Kingdom,04-25,22733,"Pharmaceuticals, Machinery, Chemicals",Import
United Kingdom,Switzerland,07-25,372884,"Electronics, Machinery, Vehicles",Export
Spain,Japan,04-25,199234,"Natural Gas, Electronics, Machinery",Import
Switzerland,Belgium,09-25,146837,"Electronics, Machinery, Vehicles",Export
Indonesia,Norway,11-25,495566,"Pharmaceuticals, Machinery, Chemicals",Import
Saudi Arabia,Canada,02-25,424464,"Iron Ore, Soybeans, Crude Oil",Export
Australia,Norway,04-25,488177,"Crude Oil, Electronics, Gold",Import
Vietnam,Turkey,02-25,81919,"Pharmaceuticals, Machinery, Chemicals",Import
Belgium,Spain,10-25,137565,"Semiconductors, Electronics, Machinery",Export
South Korea,Germany,02-25,206363,"Natural Gas, Electronics, Machinery",Import
Brazil,Sweden,04-25,9127,"Aircraft, Machinery, Pharmaceuticals",Export
Germany,Saudi Arabia,02-25,380518,"Textiles, Footwear, Machinery",Export
UAE,South Africa,04-25,172732,"Pharmaceuticals, Machinery, Chemicals",Import
Australia,India,02-25,368160,"Vehicles, Machinery, Pharmaceuticals",Import
Japan,Switzerland,02-25,217576,"Vehicles, Machinery, Chemicals",Export
Turkey,Switzerland,04-25,275038,"Pharmaceuticals, Chemicals, Machinery",Export
Germany,Australia,06-25,498038,"Textiles, Footwear, Machinery",Export
United States,UAE,09-25,161411,"Agricultural Products, Machinery, Chemicals",Export
United Kingdom,Japan,12-25,210093,"Pharmaceuticals, Chemicals, Machinery",Export
Germany,Norway,05-25,261649,"Iron Ore, Soybeans, Crude Oil",Export
United Kingdom,Australia,01-25,164635,"Pharmaceuticals, Machinery, Chemicals",Import
Austria,Spain,11-25,73205,"Electronics Components, Machinery, Fabrics",Import
Italy,Australia,12-25,408225,"Pharmaceuticals, Machinery, Chemicals",Import
France,Canada,08-25,250897,"Textiles, Footwear, Machinery",Export
Netherlands,Germany,09-25,156487,"Iron Ore, Soybeans, Crude Oil",Export
Switzerland,China,11-25,13731,"Electronics, Machinery, Chemicals",Import
Mexico,Netherlands,11-25,277787,"Pharmaceuticals, Machinery, Chemicals",Import
Canada,Germany,03-25,87275,"Iron Ore, Soybeans, Crude Oil",Export
Switzerland,South Korea,04-25,253819,"Electronics, Machinery, Chemicals",Import
UAE,Australia,03-25,121965,"Crude Oil, Electronics, Gold",Import
Australia,United States,08-25,375340,"Aircraft, Machinery, Pharmaceuticals",Export
Sweden,United Kingdom,11-25,190820,"Pharmaceuticals, Machinery, Chemicals",Import
Denmark,Indonesia,02-25,42949,"Textiles, Footwear, Machinery",Export
Japan,Poland,11-25,250845,"Natural Gas, Electronics, Machinery",Export
Poland,Indonesia,04-25,468376,"Machinery, Electronics, Vehicles",Import
Sweden,Malaysia,01-25,340329,"Iron Ore, Soybeans, Crude Oil",Export
United States,Saudi Arabia,01-25,285653,"Semiconductors, Electronics, Machinery",Export
Japan,Brazil,03-25,415760,"Machinery, Electronics, Vehicles",Import
United Kingdom,Brazil,10-25,87093,"Aircraft, Machinery, Pharmaceuticals",Export
South Korea,Malaysia,10-25,178614,"Gems, Jewelry, Pharmaceuticals",Export
Spain,United Kingdom,10-25,306008,"Fertilizers, Machinery, Electronics",Import
United States,Australia,09-25,44929,"Natural Gas, Electronics, Machinery",Import
UAE,South Africa,05-25,264269,"Textiles, Footwear, Machinery",Export
Sweden,Russia,02-25,11013,"Fertilizers, Machinery, Electronics",Import
Saudi Arabia,India,11-25,473583,"Machinery, Electronics, Vehicles",Import
Singapore,Canada,04-25,84990,"Fertilizers, Machinery, Electronics",Import
Switzerland,Italy,07-25,472867,"Natural Gas, Electronics, Machinery",Export
Poland,Thailand,05-25,104945,"Natural Gas, Electronics, Machinery",Import
France,Saudi Arabia,12-25,263742,"Natural Gas, Electronics, Machinery",Import
Belgium,Brazil,03-25,172416,"Crude Oil, Electronics, Gold",Import
Mexico,Japan,10-25,2600,"Agricultural Products, Machinery, Chemicals",Export
United Kingdom,Indonesia,07-25,234756,"Electronics Components, Machinery, Fabrics",Import
Sweden,Australia,01-25,48285,"Aircraft, Machinery, Pharmaceuticals",Export
Norway,Spain,10-25,27742,"Aircraft, Machinery, Pharmaceuticals",Export
Singapore,Vietnam,06-25,28182,"Fertilizers, Machinery, Electronics",Import
Indonesia,Thailand,07-25,141838,"Agricultural Products, Machinery, Chemicals",Export
Mexico,Russia,05-25,160433,"Aircraft, Machinery, Pharmaceuticals",Export
United Kingdom,Canada,02-25,465103,"Fertilizers, Machinery, Electronics",Import
Italy,Australia,02-25,335828,"Natural Gas, Electronics, Machinery",Export
Mexico,UAE,06-25,10612,"Semiconductors, Electronics, Machinery",Export
Belgium,France,06-25,320371,"Natural Gas, Electronics, Machinery",Import
Italy,Belgium,07-25,321555,"Aircraft, Machinery, Pharmaceuticals",Export
Germany,Spain,01-25,410334,"Pharmaceuticals, Chemicals, Machinery",Export
Austria,United States,07-25,407586,"Vehicles, Machinery, Chemicals",Export
United Kingdom,South Korea,10-25,290534,"Pharmaceuticals, Machinery, Chemicals",Import
Vietnam,Brazil,08-25,317008,"Vehicles, Machinery, Chemicals",Export
Austria,Switzerland,05-25,227343,"Machinery, Electronics, Vehicles",Import
Turkey,France,05-25,322376,"Agricultural Products, Machinery, Chemicals",Export
Germany,Spain,08-25,19617,"Aircraft, Machinery, Pharmaceuticals",Export
India,Vietnam,06-25,243080,"Textiles, Footwear, Machinery",Export
Japan,Australia,05-25,456616,"Aircraft, Machinery, Pharmaceuticals",Export
Netherlands,Malaysia,12-25,139825,"Gems, Jewelry, Pharmaceuticals",Export
Vietnam,China,07-25,20465,"Machinery, Electronics, Vehicles",Import
UAE,Mexico,08-25,107597,"Electronics, Machinery, Chemicals",Import
Austria,South Korea,10-25,308130,"Crude Oil, Electronics, Gold",Import
India,China,09-25,60437,"Agricultural Products, Machinery, Chemicals",Export
Turkey,United Kingdom,12-25,344125,"Electronics Components, Machinery, Fabrics",Import
Canada,Brazil,08-25,453557,"Aircraft, Machinery, Pharmaceuticals",Export
United Kingdom,Spain,07-25,237028,"Pharmaceuticals, Chemicals, Machinery",Export
Italy,Canada,02-25,66642,"Vehicles, Machinery, Chemicals",Export
Italy,Spain,12-25,444414,"Electronics, Machinery, Chemicals",Import
France,Switzerland,10-25,62555,"Gems, Jewelry, Pharmaceuticals",Export
Mexico,Turkey,10-25,38370,"Semiconductors, Electronics, Machinery",Export
Denmark,Spain,10-25,426559,"Machinery, Electronics, Vehicles",Import
Norway,China,06-25,351033,"Pharmaceuticals, Chemicals, Machinery",Export
Sweden,United Kingdom,09-25,273414,"Electronics, Machinery, Chemicals",Import
Canada,Saudi Arabia,11-25,168272,"Crude Oil, Electronics, Gold",Import
Norway,Canada,07-25,291702,"Electronics, Machinery, Chemicals",Import
South Korea,Saudi Arabia,07-25,243477,"Gems, Jewelry, Pharmaceuticals",Export
China,Canada,03-25,390328,"Aircraft, Machinery, Pharmaceuticals",Export
Japan,UAE,11-25,159121,"Aircraft, Machinery, Pharmaceuticals",Export
South Korea,Norway,08-25,426301,"Machinery, Electronics, Vehicles",Import
Belgium,Singapore,10-25,399952,"Electronics Components, Machinery, Fabrics",Import
Singapore,France,12-25,406789,"Vehicles, Machinery, Chemicals",Export
China,Brazil,01-25,370072,"Vehicles, Machinery, Chemicals",Export
Denmark,Sweden,10-25,30676,"Iron Ore, Soybeans, Crude Oil",Export
Poland,Thailand,04-25,112675,"Natural Gas, Electronics, Machinery",Import
Denmark,Brazil,04-25,259913,"Crude Oil, Electronics, Gold",Import
Poland,Norway,07-25,105656,"Aircraft, Machinery, Pharmaceuticals",Export
Germany,Russia,12-25,467459,"Semiconductors, Electronics, Machinery",Export
France,Turkey,12-25,153864,"Pharmaceuticals, Machinery, Chemicals",Import
Malaysia,Thailand,07-25,389979,"Vehicles, Machinery, Pharmaceuticals",Import
Switzerland,Italy,01-25,72714,"Electronics, Machinery, Chemicals",Import
Canada,Russia,02-25,433979,"Electronics, Machinery, Chemicals",Import
Vietnam,Japan,03-25,338610,"Aircraft, Machinery, Pharmaceuticals",Export
Denmark,Russia,10-25,70536,"Electronics, Machinery, Vehicles",Export
Turkey,Japan,03-25,487174,"Electronics, Machinery, Chemicals",Import
Netherlands,Malaysia,06-25,128144,"Natural Gas, Electronics, Machinery",Export
Sweden,Turkey,04-25,184917,"Vehicles, Machinery, Chemicals",Export
Australia,Mexico,10-25,469656,"Natural Gas, Electronics, Machinery",Import
Mexico,Saudi Arabia,02-25,252525,"Aircraft, Machinery, Pharmaceuticals",Export
UAE,Canada,02-25,216957,"Electronics, Machinery, Vehicles",Export
Thailand,Italy,03-25,69480,"Natural Gas, Electronics, Machinery",Import
Switzerland,Norway,05-25,44781,"Iron Ore, Soybeans, Crude Oil",Export
UAE,Germany,06-25,213639,"Natural Gas, Electronics, Machinery",Export
South Korea,Canada,12-25,377783,"Fertilizers, Machinery, Electronics",Import
UAE,Mexico,04-25,242139,"Electronics Components, Machinery, Fabrics",Import
United Kingdom,China,09-25,225053,"Electronics Components, Machinery, Fabrics",Import
United States,Malaysia,04-25,219458,"Semiconductors, Electronics, Machinery",Export
Netherlands,Russia,10-25,48546,"Fertilizers, Machinery, Electronics",Import
Thailand,Malaysia,10-25,370780,"Semiconductors, Electronics, Machinery",Export
Netherlands,Mexico,12-25,236724,"Electronics, Machinery, Vehicles",Export
India,China,12-25,73267,"Vehicles, Machinery, Pharmaceuticals",Import
Canada,South Korea,10-25,377750,"Pharmaceuticals, Chemicals, Machinery",Export
Poland,South Korea,04-25,195644,"Iron Ore, Soybeans, Crude Oil",Export
Brazil,France,07-25,351157,"Crude Oil, Electronics, Gold",Import
Indonesia,Thailand,06-25,216126,"Aircraft, Machinery, Pharmaceuticals",Export
United Kingdom,Thailand,02-25,439520,"Machinery, Electronics, Vehicles",Import
Belgium,Spain,02-25,170264,"Electronics Components, Machinery, Fabrics",Import
Thailand,Italy,01-25,383371,"Electronics Components, Machinery, Fabrics",Import
Vietnam,South Korea,08-25,5118,"Vehicles, Machinery, Pharmaceuticals",Import
Vietnam,Saudi Arabia,04-25,61757,"Textiles, Footwear, Machinery",Export
Australia,China,08-25,410659,"Pharmaceuticals, Machinery, Chemicals",Import
Japan,United States,06-25,375591,"Crude Oil, Electronics, Gold",Import
Turkey,Indonesia,05-25,447001,"Natural Gas, Electronics, Machinery",Import
Italy,Poland,06-25,236143,"Fertilizers, Machinery, Electronics",Import
Switzerland,Vietnam,01-25,404450,"Vehicles, Machinery, Pharmaceuticals",Import
Poland,Turkey,11-25,7976,"Gems, Jewelry, Pharmaceuticals",Export
Saudi Arabia,France,06-25,263024,"Vehicles, Machinery, Chemicals",Export
Thailand,Poland,07-25,343021,"Electronics, Machinery, Vehicles",Export
India,Norway,06-25,90662,"Natural Gas, Electronics, Machinery",Import
South Korea,Saudi Arabia,09-25,335125,"Machinery, Electronics, Vehicles",Import
Australia,Saudi Arabia,04-25,402964,"Vehicles, Machinery, Chemicals",Export
Japan,United Kingdom,02-25,6875,"Pharmaceuticals, Machinery, Chemicals",Import
Singapore,France,08-25,489671,"Electronics Components, Machinery, Fabrics",Import
Denmark,Canada,07-25,2517,"Natural Gas, Electronics, Machinery",Import
Indonesia,Netherlands,12-25,353841,"Vehicles, Machinery, Pharmaceuticals",Import
China,India,06-25,261535,"Electronics, Machinery, Vehicles",Export
Japan,Australia,02-25,159342,"Electronics Components, Machinery, Fabrics",Import
Belgium,Norway,06-25,328954,"Pharmaceuticals, Machinery, Chemicals",Import
Switzerland,South Korea,11-25,321588,"Aircraft, Machinery, Pharmaceuticals",Export
United States,Mexico,02-25,443727,"Machinery, Electronics, Vehicles",Import
UAE,Turkey,08-25,428529,"Electronics, Machinery, Vehicles",Export
India,UAE,10-25,472025,"Iron Ore, Soybeans, Crude Oil",Export
Vietnam,South Korea,06-25,60787,"Fertilizers, Machinery, Electronics",Import
Turkey,Mexico,11-25,492265,"Electronics, Machinery, Chemicals",Import
Australia,China,09-25,53118,"Aircraft, Machinery, Pharmaceuticals",Export
Indonesia,France,08-25,241660,"Pharmaceuticals, Machinery, Chemicals",Import
Turkey,United Kingdom,12-25,275894,"Fertilizers, Machinery, Electronics",Import
Saudi Arabia,Spain,10-25,474349,"Pharmaceuticals, Chemicals, Machinery",Export
Thailand,Indonesia,10-25,51236,"Crude Oil, Electronics, Gold",Import
United States,Poland,03-25,465689,"Gems, Jewelry, Pharmaceuticals",Export
France,United Kingdom,11-25,211586,"Aircraft, Machinery, Pharmaceuticals",Export
Sweden,UAE,04-25,68894,"Electronics, Machinery, Vehicles",Export
Italy,United Kingdom,10-25,375941,"Gems, Jewelry, Pharmaceuticals",Export
Austria,Norway,08-25,384840,"Semiconductors, Electronics, Machinery",Export
Spain,Switzerland,03-25,455964,"Electronics, Machinery, Chemicals",Import
UAE,Turkey,12-25,406673,"Gems, Jewelry, Pharmaceuticals",Export
Belgium,France,07-25,216151,"Pharmaceuticals, Machinery, Chemicals",Import
United States,Sweden,06-25,356517,"Natural Gas, Electronics, Machinery",Import
Austria,Vietnam,03-25,149624,"Natural Gas, Electronics, Machinery",Import
Canada,Indonesia,05-25,196528,"Crude Oil, Electronics, Gold",Import
Switzerland,Thailand,03-25,278917,"Iron Ore, Soybeans, Crude Oil",Export
Brazil,Japan,02-25,321730,"Crude Oil, Electronics, Gold",Import
Italy,Saudi Arabia,12-25,150575,"Crude Oil, Electronics, Gold",Import
China,Brazil,04-25,10213,"Pharmaceuticals, Machinery, Chemicals",Import
Singapore,United States,08-25,389635,"Pharmaceuticals, Chemicals, Machinery",Export
India,China,09-25,256037,"Vehicles, Machinery, Pharmaceuticals",Import
Mexico,UAE,10-25,482149,"Pharmaceuticals, Machinery, Chemicals",Import
Vietnam,South Korea,10-25,118072,"Vehicles, Machinery, Chemicals",Export
Belgium,Singapore,05-25,453761,"Electronics, Machinery, Vehicles",Export
UAE,Switzerland,12-25,455737,"Vehicles, Machinery, Pharmaceuticals",Import
China,Vietnam,07-25,318173,"Fertilizers, Machinery, Electronics",Import
Germany,Indonesia,08-25,125041,"Pharmaceuticals, Machinery, Chemicals",Import
Turkey,Brazil,10-25,484954,"Electronics Components, Machinery, Fabrics",Import
Vietnam,South Korea,03-25,154711,"Vehicles, Machinery, Pharmaceuticals",Import
UAE,Malaysia,05-25,82059,"Pharmaceuticals, Chemicals, Machinery",Export
Switzerland,Japan,06-25,186124,"Pharmaceuticals, Chemicals, Machinery",Export
Belgium,France,11-25,455763,"Electronics, Machinery, Vehicles",Export
United States,Australia,11-25,262728,"Semiconductors, Electronics, Machinery",Export
Austria,Thailand,12-25,78563,"Semiconductors, Electronics, Machinery",Export
Germany,China,07-25,185161,"Vehicles, Machinery, Pharmaceuticals",Import
India,Thailand,07-25,219118,"Vehicles, Machinery, Chemicals",Export
Canada,Norway,12-25,66903,"Crude Oil, Electronics, Gold",Import
South Korea,France,02-25,39893,"Machinery, Electronics, Vehicles",Import
United States,Canada,11-25,256557,"Crude Oil, Electronics, Gold",Import
Malaysia,Vietnam,11-25,327915,"Pharmaceuticals, Machinery, Chemicals",Import
France,Netherlands,04-25,328174,"Gems, Jewelry, Pharmaceuticals",Export
South Korea,Australia,05-25,303580,"Semiconductors, Electronics, Machinery",Export
Italy,Singapore,05-25,53098,"Electronics, Machinery, Chemicals",Import
Turkey,Poland,08-25,55021,"Crude Oil, Electronics, Gold",Import
Spain,Norway,02-25,422497,"Iron Ore, Soybeans, Crude Oil",Export
Germany,Australia,03-25,296540,"Semiconductors, Electronics, Machinery",Export
Austria,Saudi Arabia,08-25,71524,"Machinery, Electronics, Vehicles",Import
Brazil,Italy,09-25,28502,"Electronics, Machinery, Chemicals",Import
Brazil,United States,04-25,117479,"Vehicles, Machinery, Pharmaceuticals",Import
India,Indonesia,07-25,333257,"Pharmaceuticals, Machinery, Chemicals",Import
Belgium,South Korea,12-25,249163,"Pharmaceuticals, Chemicals, Machinery",Export
Mexico,Belgium,05-25,409433,"Electronics, Machinery, Vehicles",Export
Australia,Norway,11-25,389401,"Electronics, Machinery, Chemicals",Import
Sweden,Indonesia,06-25,60052,"Semiconductors, Electronics, Machinery",Export
Malaysia,Netherlands,05-25,91460,"Natural Gas, Electronics, Machinery",Export
Denmark,Spain,08-25,76463,"Vehicles, Machinery, Pharmaceuticals",Import
Switzerland,Russia,03-25,237054,"Iron Ore, Soybeans, Crude Oil",Export
China,Russia,05-25,223003,"Electronics, Machinery, Vehicles",Export
Denmark,South Africa,04-25,74548,"Electronics, Machinery, Chemicals",Import
Germany,Netherlands,02-25,209020,"Vehicles, Machinery, Chemicals",Export
Brazil,Poland,06-25,56402,"Pharmaceuticals, Machinery, Chemicals",Import
Switzerland,Thailand,05-25,482376,"Textiles, Footwear, Machinery",Export
Brazil,South Africa,12-25,407194,"Vehicles, Machinery, Chemicals",Export
Netherlands,Mexico,12-25,364109,"Gems, Jewelry, Pharmaceuticals",Export
Norway,Brazil,09-25,413901,"Agricultural Products, Machinery, Chemicals",Export
United States,China,11-25,328082,"Fertilizers, Machinery, Electronics",Import
Sweden,Malaysia,12-25,482366,"Pharmaceuticals, Chemicals, Machinery",Export
Turkey,United Kingdom,08-25,429383,"Textiles, Footwear, Machinery",Export
Austria,Norway,05-25,408702,"Electronics, Machinery, Vehicles",Export
Brazil,Germany,05-25,293744,"Agricultural Products, Machinery, Chemicals",Export
Australia,Italy,12-25,487764,"Gems, Jewelry, Pharmaceuticals",Export
Switzerland,Sweden,03-25,129516,"Vehicles, Machinery, Chemicals",Export
Malaysia,Poland,08-25,234583,"Textiles, Footwear, Machinery",Export
Germany,Poland,07-25,279265,"Pharmaceuticals, Chemicals, Machinery",Export
Sweden,Canada,02-25,70159,"Iron Ore, Soybeans, Crude Oil",Export
Denmark,Indonesia,02-25,274695,"Agricultural Products, Machinery, Chemicals",Export
Norway,Japan,04-25,170609,"Pharmaceuticals, Machinery, Chemicals",Import
Austria,Sweden,10-25,198854,"Vehicles, Machinery, Chemicals",Export
Mexico,Canada,01-25,233493,"Electronics Components, Machinery, Fabrics",Import
Italy,Indonesia,06-25,33694,"Fertilizers, Machinery, Electronics",Import
UAE,Brazil,02-25,409160,"Electronics Components, Machinery, Fabrics",Import
Belgium,Japan,11-25,308546,"Natural Gas, Electronics, Machinery",Export
Mexico,Italy,03-25,348564,"Fertilizers, Machinery, Electronics",Import
Indonesia,Saudi Arabia,08-25,57461,"Pharmaceuticals, Chemicals, Machinery",Export
Spain,India,08-25,51981,"Vehicles, Machinery, Chemicals",Export
Mexico,Netherlands,12-25,332836,"Crude Oil, Electronics, Gold",Import
Spain,Singapore,11-25,462419,"Iron Ore, Soybeans, Crude Oil",Export
Saudi Arabia,United Kingdom,12-25,115778,"Natural Gas, Electronics, Machinery",Import
Malaysia,Germany,10-25,5767,"Natural Gas, Electronics, Machinery",Export
Mexico,Russia,04-25,245120,"Machinery, Electronics, Vehicles",Import
Sweden,China,04-25,57873,"Natural Gas, Electronics, Machinery",Export
Denmark,Russia,08-25,441321,"Textiles, Footwear, Machinery",Export
Canada,Russia,06-25,133615,"Fertilizers, Machinery, Electronics",Import
Malaysia,United Kingdom,12-25,400815,"Electronics Components, Machinery, Fabrics",Import
Austria,Italy,06-25,45540,"Iron Ore, Soybeans, Crude Oil",Export
Saudi Arabia,Canada,03-25,10947,"Electronics Components, Machinery, Fabrics",Import
Switzerland,South Korea,11-25,171653,"Fertilizers, Machinery, Electronics",Import
Norway,South Korea,02-25,452099,"Vehicles, Machinery, Pharmaceuticals",Import
Malaysia,Sweden,12-25,216051,"Crude Oil, Electronics, Gold",Import
Australia,Italy,10-25,269943,"Natural Gas, Electronics, Machinery",Import
Singapore,China,02-25,387052,"Electronics, Machinery, Chemicals",Import
Switzerland,Sweden,03-25,354028,"Vehicles, Machinery, Pharmaceuticals",Import
Switzerland,South Africa,02-25,249629,"Electronics Components, Machinery, Fabrics",Import
Turkey,Vietnam,05-25,465411,"Vehicles, Machinery, Pharmaceuticals",Import
Italy,India,05-25,213203,"Pharmaceuticals, Chemicals, Machinery",Export
UAE,Thailand,02-25,334277,"Aircraft, Machinery, Pharmaceuticals",Export
Poland,UAE,01-25,184418,"Electronics Components, Machinery, Fabrics",Import
United Kingdom,Germany,07-25,70451,"Electronics, Machinery, Vehicles",Export
Sweden,India,10-25,411629,"Iron Ore, Soybeans, Crude Oil",Export
United Kingdom,Brazil,10-25,258380,"Vehicles, Machinery, Chemicals",Export
Brazil,Mexico,06-25,216939,"Vehicles, Machinery, Pharmaceuticals",Import
Vietnam,South Africa,03-25,129689,"Electronics Components, Machinery, Fabrics",Import
United Kingdom,Sweden,10-25,347084,"Electronics, Machinery, Chemicals",Import
Indonesia,Russia,05-25,236834,"Crude Oil, Electronics, Gold",Import
China,Saudi Arabia,05-25,289553,"Iron Ore, Soybeans, Crude Oil",Export
China,Mexico,05-25,457591,"Fertilizers, Machinery, Electronics",Import
Spain,Malaysia,08-25,42994,"Textiles, Footwear, Machinery",Export
Germany,China,10-25,115949,"Machinery, Electronics, Vehicles",Import
Indonesia,United Kingdom,10-25,392939,"Electronics, Machinery, Vehicles",Export
Saudi Arabia,Spain,11-25,342649,"Agricultural Products, Machinery, Chemicals",Export
France,Japan,12-25,385413,"Aircraft, Machinery, Pharmaceuticals",Export
Germany,UAE,05-25,386849,"Electronics, Machinery, Chemicals",Import
United States,Mexico,12-25,166573,"Machinery, Electronics, Vehicles",Import
Germany,Australia,06-25,256524,"Pharmaceuticals, Machinery, Chemicals",Import
Saudi Arabia,France,04-25,112411,"Fertilizers, Machinery, Electronics",Import
Canada,Norway,12-25,404197,"Vehicles, Machinery, Pharmaceuticals",Import
Australia,China,01-25,408379,"Iron Ore, Soybeans, Crude Oil",Export
Thailand,Indonesia,09-25,395436,"Agricultural Products, Machinery, Chemicals",Export
Indonesia,Turkey,11-25,120830,"Vehicles, Machinery, Chemicals",Export
Mexico,Thailand,11-25,450319,"Natural Gas, Electronics, Machinery",Export
Germany,United States,06-25,77094,"Gems, Jewelry, Pharmaceuticals",Export
Denmark,Thailand,04-25,208339,"Aircraft, Machinery, Pharmaceuticals",Export
Thailand,United States,11-25,52018,"Machinery, Electronics, Vehicles",Import
UAE,United States,02-25,472319,"Vehicles, Machinery, Chemicals",Export
Denmark,Germany,12-25,420064,"Electronics Components, Machinery, Fabrics",Import
South Korea,Netherlands,04-25,171537,"Textiles, Footwear, Machinery",Export
Japan,Malaysia,09-25,485132,"Textiles, Footwear, Machinery",Export
Poland,Norway,04-25,57591,"Fertilizers, Machinery, Electronics",Import
Thailand,Germany,10-25,62101,"Semiconductors, Electronics, Machinery",Export
Vietnam,China,10-25,73727,"Pharmaceuticals, Machinery, Chemicals",Import
United Kingdom,Indonesia,06-25,39090,"Natural Gas, Electronics, Machinery",Export
Thailand,South Korea,02-25,46413,"Machinery, Electronics, Vehicles",Import
India,Spain,12-25,16621,"Electronics, Machinery, Chemicals",Import
Netherlands,Turkey,06-25,146603,"Gems, Jewelry, Pharmaceuticals",Export
Saudi Arabia,Indonesia,01-25,259462,"Crude Oil, Electronics, Gold",Import
Germany,Singapore,03-25,61166,"Vehicles, Machinery, Chemicals",Export
Switzerland,Canada,06-25,165128,"Natural Gas, Electronics, Machinery",Import
Brazil,South Korea,06-25,485617,"Textiles, Footwear, Machinery",Export
Indonesia,Switzerland,08-25,88480,"Semiconductors, Electronics, Machinery",Export
Japan,UAE,11-25,390319,"Electronics Components, Machinery, Fabrics",Import
Poland,Canada,05-25,81508,"Iron Ore, Soybeans, Crude Oil",Export
United States,Belgium,11-25,79679,"Pharmaceuticals, Chemicals, Machinery",Export
Brazil,UAE,09-25,485330,"Pharmaceuticals, Chemicals, Machinery",Export
Austria,Netherlands,04-25,456951,"Agricultural Products, Machinery, Chemicals",Export
Thailand,Canada,07-25,280751,"Electronics Components, Machinery, Fabrics",Import
China,Saudi Arabia,02-25,195374,"Iron Ore, Soybeans, Crude Oil",Export
Netherlands,Germany,11-25,207568,"Pharmaceuticals, Machinery, Chemicals",Import
Germany,South Africa,02-25,225908,"Vehicles, Machinery, Pharmaceuticals",Import
Spain,Poland,03-25,316208,"Electronics Components, Machinery, Fabrics",Import
Poland,Turkey,02-25,76713,"Iron Ore, Soybeans, Crude Oil",Export
China,Indonesia,02-25,307784,"Agricultural Products, Machinery, Chemicals",Export
United States,South Africa,12-25,484732,"Aircraft, Machinery, Pharmaceuticals",Export
United States,Norway,09-25,278591,"Electronics, Machinery, Vehicles",Export
Switzerland,Indonesia,09-25,33165,"Natural Gas, Electronics, Machinery",Import
Spain,Mexico,09-25,323711,"Pharmaceuticals, Machinery, Chemicals",Import
Sweden,Italy,03-25,359135,"Semiconductors, Electronics, Machinery",Export
Singapore,Italy,07-25,29678,"Electronics, Machinery, Vehicles",Export
Switzerland,India,12-25,51841,"Pharmaceuticals, Chemicals, Machinery",Export
Indonesia,UAE,12-25,42466,"Vehicles, Machinery, Chemicals",Export
Austria,Saudi Arabia,06-25,44549,"Fertilizers, Machinery, Electronics",Import
Brazil,Mexico,03-25,232460,"Pharmaceuticals, Machinery, Chemicals",Import
Spain,Russia,06-25,154898,"Vehicles, Machinery, Pharmaceuticals",Import
South Korea,United States,08-25,418834,"Gems, Jewelry, Pharmaceuticals",Export
Saudi Arabia,UAE,05-25,130765,"Electronics Components, Machinery, Fabrics",Import
UAE,Belgium,04-25,70976,"Vehicles, Machinery, Chemicals",Export
Japan,Indonesia,10-25,6688,"Machinery, Electronics, Vehicles",Import
Germany,Thailand,12-25,461428,"Pharmaceuticals, Machinery, Chemicals",Import
United States,Saudi Arabia,06-25,293299,"Natural Gas, Electronics, Machinery",Export
UAE,South Korea,09-25,53758,"Electronics, Machinery, Vehicles",Export
Poland,Belgium,09-25,355283,"Pharmaceuticals, Machinery, Chemicals",Import
Sweden,United Kingdom,04-25,40435,"Textiles, Footwear, Machinery",Export
United States,Germany,12-25,462068,"Agricultural Products, Machinery, Chemicals",Export
Italy,Thailand,08-25,81760,"Fertilizers, Machinery, Electronics",Import
China,France,04-25,135940,"Pharmaceuticals, Chemicals, Machinery",Export
United States,United Kingdom,05-25,386116,"Electronics Components, Machinery, Fabrics",Import
Norway,Russia,02-25,260802,"Electronics Components, Machinery, Fabrics",Import
Sweden,Russia,01-25,355743,"Agricultural Products, Machinery, Chemicals",Export
India,Thailand,06-25,298937,"Pharmaceuticals, Machinery, Chemicals",Import
Thailand,India,08-25,333974,"Pharmaceuticals, Chemicals, Machinery",Export
Norway,United Kingdom,01-25,196645,"Natural Gas, Electronics, Machinery",Import
China,Turkey,03-25,275217,"Electronics Components, Machinery, Fabrics",Import
Singapore,Italy,10-25,485731,"Electronics Components, Machinery, Fabrics",Import
Poland,Sweden,06-25,103194,"Natural Gas, Electronics, Machinery",Export
Japan,India,10-25,369903,"Gems, Jewelry, Pharmaceuticals",Export
Australia,Indonesia,04-25,213554,"Electronics Components, Machinery, Fabrics",Import
Poland,UAE,06-25,1113,"Natural Gas, Electronics, Machinery",Export
Norway,Turkey,09-25,492792,"Electronics Components, Machinery, Fabrics",Import
Denmark,Norway,06-25,199771,"Vehicles, Machinery, Pharmaceuticals",Import
Netherlands,UAE,12-25,153410,"Crude Oil, Electronics, Gold",Import
Malaysia,Germany,08-25,66803,"Machinery, Electronics, Vehicles",Import
Singapore,UAE,02-25,292356,"Fertilizers, Machinery, Electronics",Import
Australia,Thailand,06-25,124097,"Vehicles, Machinery, Chemicals",Export
South Korea,UAE,01-25,77218,"Iron Ore, Soybeans, Crude Oil",Export
Italy,India,08-25,430997,"Gems, Jewelry, Pharmaceuticals",Export
France,Thailand,10-25,450485,"Vehicles, Machinery, Pharmaceuticals",Import
Germany,Italy,11-25,145885,"Aircraft, Machinery, Pharmaceuticals",Export
Australia,Canada,11-25,239288,"Pharmaceuticals, Chemicals, Machinery",Export
Italy,Saudi Arabia,09-25,134158,"Semiconductors, Electronics, Machinery",Export
Thailand,Saudi Arabia,03-25,226600,"Vehicles, Machinery, Pharmaceuticals",Import
Singapore,Germany,12-25,386532,"Natural Gas, Electronics, Machinery",Export
United States,Indonesia,11-25,458787,"Electronics, Machinery, Vehicles",Export
Singapore,South Africa,01-25,350499,"Agricultural Products, Machinery, Chemicals",Export
Australia,China,10-25,433962,"Vehicles, Machinery, Pharmaceuticals",Import
Belgium,Poland,12-25,332444,"Pharmaceuticals, Chemicals, Machinery",Export
Turkey,Belgium,04-25,423216,"Electronics Components, Machinery, Fabrics",Import
Turkey,United States,04-25,375424,"Electronics Components, Machinery, Fabrics",Import
Denmark,Indonesia,06-25,362885,"Pharmaceuticals, Chemicals, Machinery",Export
Switzerland,Spain,09-25,351499,"Agricultural Products, Machinery, Chemicals",Export
India,Indonesia,04-25,304955,"Machinery, Electronics, Vehicles",Import
Italy,Norway,07-25,474787,"Pharmaceuticals, Chemicals, Machinery",Export
Thailand,Poland,12-25,359325,"Aircraft, Machinery, Pharmaceuticals",Export
Belgium,South Korea,10-25,237162,"Electronics Components, Machinery, Fabrics",Import
Vietnam,Malaysia,08-25,22061,"Vehicles, Machinery, Pharmaceuticals",Import
United States,Norway,01-25,272140,"Pharmaceuticals, Machinery, Chemicals",Import
Belgium,China,05-25,378691,"Fertilizers, Machinery, Electronics",Import
Singapore,Saudi Arabia,08-25,258699,"Natural Gas, Electronics, Machinery",Export
UAE,Mexico,01-25,303537,"Electronics, Machinery, Chemicals",Import
Belgium,Netherlands,06-25,402447,"Textiles, Footwear, Machinery",Export
Belgium,Turkey,02-25,85308,"Fertilizers, Machinery, Electronics",Import
Brazil,Norway,12-25,7150,"Fertilizers, Machinery, Electronics",Import
Spain,South Africa,06-25,354134,"Vehicles, Machinery, Chemicals",Export
Italy,South Africa,11-25,423889,"Iron Ore, Soybeans, Crude Oil",Export
Japan,Thailand,01-25,33495,"Natural Gas, Electronics, Machinery",Import
Belgium,Thailand,01-25,388705,"Fertilizers, Machinery, Electronics",Import
France,Thailand,07-25,229365,"Natural Gas, Electronics, Machinery",Export
South Korea,Indonesia,05-25,3476,"Vehicles, Machinery, Pharmaceuticals",Import
South Korea,France,04-25,326944,"Natural Gas, Electronics, Machinery",Import
Switzerland,Turkey,02-25,344664,"Electronics, Machinery, Chemicals",Import
United Kingdom,Thailand,05-25,112672,"Natural Gas, Electronics, Machinery",Export
Mexico,Indonesia,10-25,31685,"Semiconductors, Electronics, Machinery",Export
Sweden,Germany,01-25,204061,"Electronics, Machinery, Vehicles",Export
Spain,Vietnam,12-25,490102,"Semiconductors, Electronics, Machinery",Export
Singapore,United States,07-25,170025,"Pharmaceuticals, Machinery, Chemicals",Import
UAE,Japan,12-25,110999,"Crude Oil, Electronics, Gold",Import
Indonesia,South Korea,07-25,398599,"Pharmaceuticals, Chemicals, Machinery",Export
India,United Kingdom,05-25,179404,"Crude Oil, Electronics, Gold",Import
Germany,Turkey,02-25,65716,"Gems, Jewelry, Pharmaceuticals",Export
Indonesia,Thailand,01-25,221033,"Iron Ore, Soybeans, Crude Oil",Export
Italy,Sweden,11-25,86444,"Natural Gas, Electronics, Machinery",Import
Saudi Arabia,Poland,12-25,167001,"Textiles, Footwear, Machinery",Export
Netherlands,Singapore,10-25,142808,"Aircraft, Machinery, Pharmaceuticals",Export
Indonesia,Thailand,09-25,282872,"Machinery, Electronics, Vehicles",Import
Japan,China,06-25,364787,"Natural Gas, Electronics, Machinery",Export
Japan,Australia,08-25,47022,"Vehicles, Machinery, Chemicals",Export
United States,Mexico,03-25,447362,"Vehicles, Machinery, Chemicals",Export
India,Indonesia,07-25,39648,"Aircraft, Machinery, Pharmaceuticals",Export
Germany,Australia,09-25,59283,"Gems, Jewelry, Pharmaceuticals",Export
Spain,South Africa,04-25,285389,"Machinery, Electronics, Vehicles",Import
United States,Sweden,02-25,11056,"Vehicles, Machinery, Pharmaceuticals",Import
UAE,Belgium,06-25,188310,"Machinery, Electronics, Vehicles",Import
South Korea,United Kingdom,06-25,473621,"Machinery, Electronics, Vehicles",Import
Austria,India,04-25,471996,"Iron Ore, Soybeans, Crude Oil",Export
Japan,Vietnam,08-25,316825,"Gems, Jewelry, Pharmaceuticals",Export
Italy,Netherlands,04-25,127014,"Gems, Jewelry, Pharmaceuticals",Export
United States,Turkey,06-25,352071,"Electronics Components, Machinery, Fabrics",Import
United Kingdom,Canada,03-25,224363,"Electronics, Machinery, Vehicles",Export
India,Indonesia,05-25,244919,"Textiles, Footwear, Machinery",Export
South Korea,Sweden,01-25,450457,"Pharmaceuticals, Chemicals, Machinery",Export
Spain,Netherlands,07-25,467223,"Iron Ore, Soybeans, Crude Oil",Export
India,Canada,10-25,355006,"Fertilizers, Machinery, Electronics",Import
UAE,France,10-25,428685,"Electronics Components, Machinery, Fabrics",Import
Italy,South Africa,10-25,460560,"Electronics, Machinery, Chemicals",Import
Austria,Italy,10-25,147792,"Electronics, Machinery, Chemicals",Import
Norway,Germany,07-25,266736,"Semiconductors, Electronics, Machinery",Export
United States,Belgium,09-25,84953,"Natural Gas, Electronics, Machinery",Export
Spain,France,01-25,11996,"Semiconductors, Electronics, Machinery",Export
United States,Sweden,03-25,479209,"Gems, Jewelry, Pharmaceuticals",Export
UAE,Netherlands,03-25,471709,"Textiles, Footwear, Machinery",Export
Sweden,Canada,02-25,249899,"Electronics, Machinery, Chemicals",Import
Denmark,Indonesia,03-25,397493,"Machinery, Electronics, Vehicles",Import
Spain,China,04-25,70019,"Natural Gas, Electronics, Machinery",Export
Thailand,United Kingdom,02-25,175759,"Natural Gas, Electronics, Machinery",Import
Poland,United Kingdom,11-25,337905,"Textiles, Footwear, Machinery",Export
Canada,Russia,09-25,145677,"Agricultural Products, Machinery, Chemicals",Export
United Kingdom,Malaysia,10-25,345603,"Gems, Jewelry, Pharmaceuticals",Export
Spain,Germany,08-25,32314,"Pharmaceuticals, Machinery, Chemicals",Import
Norway,China,05-25,70169,"Pharmaceuticals, Chemicals, Machinery",Export
Indonesia,United Kingdom,08-25,109119,"Electronics, Machinery, Chemicals",Import
Mexico,Sweden,09-25,393544,"Textiles, Footwear, Machinery",Export
Vietnam,South Africa,12-25,194098,"Pharmaceuticals, Chemicals, Machinery",Export
Singapore,Germany,02-25,467834,"Electronics Components, Machinery, Fabrics",Import
Austria,Singapore,02-25,463230,"Pharmaceuticals, Machinery, Chemicals",Import
Spain,Thailand,02-25,464230,"Semiconductors, Electronics, Machinery",Export
Singapore,Russia,09-25,467737,"Machinery, Electronics, Vehicles",Import
Brazil,United Kingdom,08-25,92456,"Aircraft, Machinery, Pharmaceuticals",Export
South Korea,Singapore,01-25,458150,"Iron Ore, Soybeans, Crude Oil",Export
Japan,Indonesia,05-25,245405,"Electronics, Machinery, Chemicals",Import
Sweden,Spain,10-25,376128,"Electronics, Machinery, Vehicles",Export
Italy,Spain,11-25,278973,"Electronics, Machinery, Chemicals",Import
Vietnam,Japan,07-25,205816,"Crude Oil, Electronics, Gold",Import
UAE,Belgium,12-25,332492,"Pharmaceuticals, Machinery, Chemicals",Import
South Korea,Italy,11-25,93304,"Natural Gas, Electronics, Machinery",Export
Thailand,Germany,11-25,100417,"Crude Oil, Electronics, Gold",Import
Austria,Saudi Arabia,05-25,273467,"Vehicles, Machinery, Chemicals",Export
Australia,UAE,08-25,222514,"Electronics, Machinery, Chemicals",Import
Belgium,United States,02-25,8025,"Natural Gas, Electronics, Machinery",Import
Canada,Singapore,05-25,39616,"Vehicles, Machinery, Chemicals",Export
China,South Africa,02-25,381314,"Machinery, Electronics, Vehicles",Import
Turkey,Thailand,07-25,468059,"Electronics Components, Machinery, Fabrics",Import
Saudi Arabia,India,05-25,74077,"Natural Gas, Electronics, Machinery",Import
Austria,Norway,01-25,499057,"Textiles, Footwear, Machinery",Export
Thailand,South Africa,01-25,273208,"Electronics, Machinery, Chemicals",Import
United Kingdom,Belgium,02-25,108875,"Natural Gas, Electronics, Machinery",Import
United Kingdom,Japan,07-25,308533,"Natural Gas, Electronics, Machinery",Export
Germany,South Korea,08-25,481887,"Iron Ore, Soybeans, Crude Oil",Export
Germany,South Korea,07-25,359244,"Vehicles, Machinery, Chemicals",Export
UAE,Switzerland,09-25,139708,"Natural Gas, Electronics, Machinery",Import
Norway,Poland,05-25,249867,"Machinery, Electronics, Vehicles",Import
Belgium,France,09-25,247121,"Natural Gas, Electronics, Machinery",Import
Japan,Spain,08-25,22895,"Electronics Components, Machinery, Fabrics",Import
Brazil,Netherlands,02-25,101440,"Electronics Components, Machinery, Fabrics",Import
India,Brazil,11-25,214835,"Natural Gas, Electronics, Machinery",Import
United States,Russia,12-25,470075,"Aircraft, Machinery, Pharmaceuticals",Export
South Korea,France,06-25,225964,"Gems, Jewelry, Pharmaceuticals",Export
Mexico,Canada,02-25,183366,"Natural Gas, Electronics, Machinery",Export
Japan,South Korea,06-25,51858,"Crude Oil, Electronics, Gold",Import
Spain,Malaysia,10-25,80936,"Natural Gas, Electronics, Machinery",Import
Saudi Arabia,India,04-25,80167,"Crude Oil, Electronics, Gold",Import
South Korea,Turkey,03-25,303041,"Pharmaceuticals, Chemicals, Machinery",Export
United Kingdom,Indonesia,09-25,90017,"Semiconductors, Electronics, Machinery",Export
Italy,Mexico,11-25,439315,"Pharmaceuticals, Chemicals, Machinery",Export
India,United States,07-25,327577,"Gems, Jewelry, Pharmaceuticals",Export
Australia,Turkey,08-25,361715,"Fertilizers, Machinery, Electronics",Import
Netherlands,India,04-25,486743,"Vehicles, Machinery, Chemicals",Export
Japan,Malaysia,04-25,464116,"Fertilizers, Machinery, Electronics",Import
Brazil,United Kingdom,08-25,69845,"Electronics Components, Machinery, Fabrics",Import
Netherlands,Saudi Arabia,04-25,213310,"Agricultural Products, Machinery, Chemicals",Export
France,Spain,11-25,203864,"Vehicles, Machinery, Chemicals",Export
Thailand,Sweden,05-25,257900,"Pharmaceuticals, Chemicals, Machinery",Export
South Korea,UAE,02-25,65316,"Natural Gas, Electronics, Machinery",Import
Malaysia,Belgium,01-25,208898,"Electronics, Machinery, Chemicals",Import
Brazil,United States,08-25,70518,"Electronics Components, Machinery, Fabrics",Import
Sweden,Netherlands,12-25,57337,"Electronics Components, Machinery, Fabrics",Import
Poland,Canada,02-25,149089,"Electronics Components, Machinery, Fabrics",Import
Spain,South Korea,02-25,116991,"Iron Ore, Soybeans, Crude Oil",Export
UAE,Malaysia,01-25,106732,"Gems, Jewelry, Pharmaceuticals",Export
Brazil,Netherlands,07-25,463096,"Textiles, Footwear, Machinery",Export
Norway,Thailand,07-25,498125,"Iron Ore, Soybeans, Crude Oil",Export
Brazil,Canada,03-25,45510,"Natural Gas, Electronics, Machinery",Import
Turkey,Singapore,05-25,466765,"Pharmaceuticals, Machinery, Chemicals",Import
Turkey,Poland,04-25,260998,"Gems, Jewelry, Pharmaceuticals",Export
Malaysia,South Africa,10-25,395666,"Natural Gas, Electronics, Machinery",Import
Australia,Malaysia,02-25,407124,"Pharmaceuticals, Machinery, Chemicals",Import
Denmark,Belgium,02-25,346603,"Pharmaceuticals, Machinery, Chemicals",Import
Italy,Netherlands,07-25,162140,"Gems, Jewelry, Pharmaceuticals",Export
United Kingdom,Italy,01-25,146651,"Pharmaceuticals, Chemicals, Machinery",Export
Singapore,Mexico,04-25,420280,"Electronics Components, Machinery, Fabrics",Import
Indonesia,United Kingdom,07-25,91202,"Electronics, Machinery, Chemicals",Import
Poland,Sweden,10-25,72145,"Crude Oil, Electronics, Gold",Import
Thailand,Russia,12-25,472607,"Electronics, Machinery, Vehicles",Export
Vietnam,United Kingdom,05-25,45257,"Fertilizers, Machinery, Electronics",Import
Japan,Belgium,12-25,90282,"Gems, Jewelry, Pharmaceuticals",Export
Saudi Arabia,China,03-25,196104,"Pharmaceuticals, Machinery, Chemicals",Import
France,China,03-25,362562,"Electronics Components, Machinery, Fabrics",Import
France,UAE,09-25,3836,"Natural Gas, Electronics, Machinery",Import
Switzerland,India,05-25,174048,"Fertilizers, Machinery, Electronics",Import
France,Netherlands,02-25,318316,"Vehicles, Machinery, Pharmaceuticals",Import
Thailand,Poland,10-25,368381,"Aircraft, Machinery, Pharmaceuticals",Export
Germany,France,09-25,110119,"Iron Ore, Soybeans, Crude Oil",Export
South Korea,Turkey,10-25,395348,"Aircraft, Machinery, Pharmaceuticals",Export
Brazil,Germany,02-25,254111,"Textiles, Footwear, Machinery",Export
India,United States,12-25,253166,"Pharmaceuticals, Machinery, Chemicals",Import
Singapore,Australia,04-25,336865,"Textiles, Footwear, Machinery",Export
India,United States,03-25,320191,"Fertilizers, Machinery, Electronics",Import
Australia,Germany,11-25,395045,"Aircraft, Machinery, Pharmaceuticals",Export
United States,Saudi Arabia,03-25,405839,"Electronics, Machinery, Chemicals",Import
Turkey,South Korea,12-25,364887,"Agricultural Products, Machinery, Chemicals",Export
Sweden,Germany,02-25,486627,"Pharmaceuticals, Chemicals, Machinery",Export
Switzerland,Saudi Arabia,06-25,177614,"Pharmaceuticals, Chemicals, Machinery",Export
Japan,Germany,10-25,220003,"Vehicles, Machinery, Pharmaceuticals",Import
France,United States,10-25,371733,"Electronics, Machinery, Vehicles",Export
Canada,China,07-25,126986,"Pharmaceuticals, Machinery, Chemicals",Import
Canada,Russia,10-25,104866,"Natural Gas, Electronics, Machinery",Import
Vietnam,Indonesia,09-25,190298,"Vehicles, Machinery, Pharmaceuticals",Import
Poland,Saudi Arabia,07-25,319946,"Machinery, Electronics, Vehicles",Import
Austria,Spain,10-25,481127,"Electronics Components, Machinery, Fabrics",Import
UAE,Poland,12-25,134489,"Electronics, Machinery, Vehicles",Export
Turkey,India,01-25,240010,"Crude Oil, Electronics, Gold",Import
Canada,South Korea,08-25,212381,"Gems, Jewelry, Pharmaceuticals",Export
Malaysia,Italy,12-25,200433,"Electronics, Machinery, Chemicals",Import
Australia,Thailand,07-25,288512,"Aircraft, Machinery, Pharmaceuticals",Export
Canada,Brazil,09-25,204500,"Fertilizers, Machinery, Electronics",Import
China,Brazil,07-25,467678,"Vehicles, Machinery, Pharmaceuticals",Import
Norway,Germany,08-25,37776,"Pharmaceuticals, Machinery, Chemicals",Import
Australia,United States,05-25,392076,"Vehicles, Machinery, Pharmaceuticals",Import
China,Russia,07-25,108002,"Natural Gas, Electronics, Machinery",Export
Spain,Vietnam,03-25,94173,"Electronics Components, Machinery, Fabrics",Import
Canada,Poland,07-25,343528,"Aircraft, Machinery, Pharmaceuticals",Export
Norway,Canada,10-25,451055,"Pharmaceuticals, Chemicals, Machinery",Export
South Korea,Netherlands,04-25,499018,"Iron Ore, Soybeans, Crude Oil",Export
Poland,Brazil,03-25,463130,"Pharmaceuticals, Chemicals, Machinery",Export
India,Brazil,07-25,369596,"Machinery, Electronics, Vehicles",Import
Brazil,Mexico,05-25,389754,"Crude Oil, Electronics, Gold",Import
United Kingdom,Sweden,12-25,410472,"Natural Gas, Electronics, Machinery",Import
South Korea,Netherlands,08-25,272825,"Pharmaceuticals, Chemicals, Machinery",Export
Malaysia,Sweden,12-25,160972,"Vehicles, Machinery, Pharmaceuticals",Import
Brazil,South Africa,03-25,13663,"Vehicles, Machinery, Chemicals",Export
Spain,Vietnam,02-25,358864,"Electronics Components, Machinery, Fabrics",Import
Mexico,India,01-25,260364,"Gems, Jewelry, Pharmaceuticals",Export
Norway,Indonesia,01-25,332175,"Electronics Components, Machinery, Fabrics",Import
Australia,Turkey,07-25,176029,"Vehicles, Machinery, Pharmaceuticals",Import
Thailand,Norway,06-25,334195,"Electronics Components, Machinery, Fabrics",Import
Italy,France,01-25,34631,"Fertilizers, Machinery, Electronics",Import
South Korea,Malaysia,10-25,344720,"Vehicles, Machinery, Chemicals",Export
Norway,United Kingdom,11-25,375301,"Natural Gas, Electronics, Machinery",Import
Belgium,Malaysia,06-25,326507,"Crude Oil, Electronics, Gold",Import
Singapore,Canada,07-25,487892,"Textiles, Footwear, Machinery",Export
Turkey,Mexico,05-25,352041,"Gems, Jewelry, Pharmaceuticals",Export
Malaysia,Netherlands,03-25,189804,"Crude Oil, Electronics, Gold",Import
Brazil,Spain,02-25,117172,"Electronics Components, Machinery, Fabrics",Import
Canada,Vietnam,04-25,272031,"Natural Gas, Electronics, Machinery",Export
Canada,Italy,08-25,492436,"Natural Gas, Electronics, Machinery",Import
Poland,Australia,04-25,208380,"Textiles, Footwear, Machinery",Export
Norway,UAE,04-25,103912,"Pharmaceuticals, Machinery, Chemicals",Import
Norway,Sweden,11-25,298013,"Fertilizers, Machinery, Electronics",Import
Indonesia,Russia,07-25,422879,"Fertilizers, Machinery, Electronics",Import
Poland,Belgium,02-25,367845,"Pharmaceuticals, Machinery, Chemicals",Import
United Kingdom,Australia,12-25,198868,"Agricultural Products, Machinery, Chemicals",Export
Spain,South Korea,02-25,243279,"Pharmaceuticals, Machinery, Chemicals",Import
Vietnam,Netherlands,01-25,409473,"Aircraft, Machinery, Pharmaceuticals",Export
Canada,Sweden,05-25,356614,"Electronics, Machinery, Chemicals",Import
United States,Sweden,04-25,267516,"Electronics Components, Machinery, Fabrics",Import
Australia,France,04-25,493783,"Electronics Components, Machinery, Fabrics",Import
Spain,China,03-25,149753,"Electronics, Machinery, Chemicals",Import
Turkey,Spain,04-25,60013,"Fertilizers, Machinery, Electronics",Import
India,South Africa,08-25,351701,"Gems, Jewelry, Pharmaceuticals",Export
Belgium,United Kingdom,03-25,233379,"Electronics Components, Machinery, Fabrics",Import
Netherlands,Norway,10-25,30902,"Crude Oil, Electronics, Gold",Import
Poland,Germany,02-25,123089,"Natural Gas, Electronics, Machinery",Import
India,Italy,04-25,383918,"Electronics Components, Machinery, Fabrics",Import
Italy,Australia,06-25,437030,"Aircraft, Machinery, Pharmaceuticals",Export
Malaysia,South Korea,08-25,333602,"Natural Gas, Electronics, Machinery",Export
Thailand,United States,09-25,216349,"Vehicles, Machinery, Chemicals",Export
Mexico,Japan,01-25,455462,"Aircraft, Machinery, Pharmaceuticals",Export
UAE,Canada,01-25,157019,"Vehicles, Machinery, Chemicals",Export
Denmark,Belgium,12-25,196645,"Aircraft, Machinery, Pharmaceuticals",Export
Denmark,Germany,03-25,319519,"Agricultural Products, Machinery, Chemicals",Export
Canada,Sweden,08-25,392381,"Agricultural Products, Machinery, Chemicals",Export
United States,Indonesia,10-25,20732,"Electronics Components, Machinery, Fabrics",Import
Austria,Vietnam,04-25,136007,"Natural Gas, Electronics, Machinery",Export
Vietnam,China,01-25,221244,"Electronics, Machinery, Chemicals",Import
Turkey,Russia,08-25,275492,"Vehicles, Machinery, Chemicals",Export
Italy,Sweden,02-25,426591,"Natural Gas, Electronics, Machinery",Export
Netherlands,Belgium,09-25,317586,"Aircraft, Machinery, Pharmaceuticals",Export
Austria,South Korea,10-25,312395,"Agricultural Products, Machinery, Chemicals",Export
Sweden,Canada,03-25,263214,"Aircraft, Machinery, Pharmaceuticals",Export
Malaysia,Japan,05-25,478497,"Agricultural Products, Machinery, Chemicals",Export
Denmark,Saudi Arabia,11-25,76362,"Crude Oil, Electronics, Gold",Import
India,Netherlands,02-25,20283,"Pharmaceuticals, Chemicals, Machinery",Export
Austria,Singapore,05-25,379210,"Electronics, Machinery, Chemicals",Import
Brazil,Canada,10-25,360486,"Natural Gas, Electronics, Machinery",Import
Denmark,Belgium,02-25,134863,"Vehicles, Machinery, Chemicals",Export
South Korea,Belgium,03-25,135718,"Semiconductors, Electronics, Machinery",Export
Mexico,Japan,10-25,290017,"Fertilizers, Machinery, Electronics",Import
United Kingdom,Japan,07-25,470278,"Semiconductors, Electronics, Machinery",Export
Vietnam,Mexico,02-25,93118,"Vehicles, Machinery, Pharmaceuticals",Import
Austria,Switzerland,12-25,254971,"Fertilizers, Machinery, Electronics",Import
Poland,Singapore,04-25,495766,"Crude Oil, Electronics, Gold",Import
Spain,South Korea,07-25,382079,"Crude Oil, Electronics, Gold",Import
Italy,Switzerland,09-25,495542,"Vehicles, Machinery, Chemicals",Export
France,United States,05-25,48635,"Pharmaceuticals, Chemicals, Machinery",Export
Denmark,Poland,01-25,419861,"Vehicles, Machinery, Chemicals",Export
South Korea,France,04-25,251027,"Iron Ore, Soybeans, Crude Oil",Export
Austria,Vietnam,10-25,338776,"Pharmaceuticals, Machinery, Chemicals",Import
France,Japan,02-25,148515,"Electronics, Machinery, Chemicals",Import
Italy,Norway,09-25,337924,"Vehicles, Machinery, Chemicals",Export
Belgium,Spain,10-25,343054,"Fertilizers, Machinery, Electronics",Import
Switzerland,Turkey,05-25,431987,"Electronics, Machinery, Chemicals",Import
Norway,Thailand,03-25,211243,"Vehicles, Machinery, Chemicals",Export
Singapore,Australia,02-25,65108,"Aircraft, Machinery, Pharmaceuticals",Export
Malaysia,Vietnam,01-25,175411,"Natural Gas, Electronics, Machinery",Import
Brazil,Turkey,09-25,70874,"Gems, Jewelry, Pharmaceuticals",Export
Vietnam,Canada,03-25,372965,"Pharmaceuticals, Machinery, Chemicals",Import
China,France,09-25,38046,"Agricultural Products, Machinery, Chemicals",Export
Spain,UAE,04-25,43789,"Pharmaceuticals, Machinery, Chemicals",Import
Thailand,Germany,12-25,257730,"Vehicles, Machinery, Pharmaceuticals",Import
Mexico,Japan,04-25,497324,"Electronics, Machinery, Chemicals",Import
Poland,Canada,12-25,93550,"Iron Ore, Soybeans, Crude Oil",Export
Germany,South Africa,10-25,17195,"Pharmaceuticals, Chemicals, Machinery",Export
Singapore,Thailand,10-25,176924,"Pharmaceuticals, Chemicals, Machinery",Export
Brazil,Poland,12-25,156869,"Textiles, Footwear, Machinery",Export
Spain,Russia,09-25,108068,"Semiconductors, Electronics, Machinery",Export
Spain,Thailand,06-25,397607,"Electronics Components, Machinery, Fabrics",Import
Italy,Brazil,10-25,292106,"Aircraft, Machinery, Pharmaceuticals",Export
Turkey,Japan,12-25,372307,"Crude Oil, Electronics, Gold",Import
Turkey,Sweden,04-25,478694,"Pharmaceuticals, Chemicals, Machinery",Export
Germany,Mexico,04-25,131271,"Pharmaceuticals, Chemicals, Machinery",Export
UAE,Brazil,07-25,499641,"Vehicles, Machinery, Chemicals",Export
Italy,Brazil,09-25,242541,"Electronics, Machinery, Chemicals",Import
Netherlands,Italy,11-25,335271,"Textiles, Footwear, Machinery",Export
Switzerland,Japan,07-25,7479,"Textiles, Footwear, Machinery",Export
Turkey,Italy,08-25,476964,"Electronics Components, Machinery, Fabrics",Import
Japan,Vietnam,03-25,366592,"Natural Gas, Electronics, Machinery",Import
Vietnam,UAE,01-25,282953,"Pharmaceuticals, Machinery, Chemicals",Import
Italy,Sweden,02-25,324708,"Electronics Components, Machinery, Fabrics",Import
Mexico,Australia,04-25,455016,"Textiles, Footwear, Machinery",Export
Norway,South Korea,07-25,78654,"Semiconductors, Electronics, Machinery",Export
Austria,Australia,06-25,362711,"Electronics, Machinery, Chemicals",Import
Belgium,Saudi Arabia,08-25,475846,"Vehicles, Machinery, Pharmaceuticals",Import
Italy,Saudi Arabia,08-25,388458,"Machinery, Electronics, Vehicles",Import
Austria,Saudi Arabia,03-25,407121,"Gems, Jewelry, Pharmaceuticals",Export
Malaysia,France,05-25,444353,"Crude Oil, Electronics, Gold",Import
India,Singapore,03-25,206186,"Machinery, Electronics, Vehicles",Import
Australia,Switzerland,06-25,436767,"Natural Gas, Electronics, Machinery",Import
Switzerland,India,03-25,233580,"Agricultural Products, Machinery, Chemicals",Export
South Korea,South Africa,07-25,123809,"Natural Gas, Electronics, Machinery",Import
Austria,Malaysia,09-25,251879,"Vehicles, Machinery, Chemicals",Export
Saudi Arabia,South Korea,03-25,424065,"Electronics Components, Machinery, Fabrics",Import
Brazil,Sweden,11-25,391719,"Aircraft, Machinery, Pharmaceuticals",Export
Denmark,Japan,10-25,201913,"Aircraft, Machinery, Pharmaceuticals",Export
Thailand,China,06-25,38715,"Semiconductors, Electronics, Machinery",Export
Norway,United Kingdom,02-25,429810,"Agricultural Products, Machinery, Chemicals",Export
Poland,Japan,03-25,207615,"Vehicles, Machinery, Chemicals",Export
Malaysia,Thailand,08-25,266154,"Electronics, Machinery, Chemicals",Import
Brazil,Belgium,01-25,494502,"Gems, Jewelry, Pharmaceuticals",Export
Norway,Indonesia,12-25,36208,"Crude Oil, Electronics, Gold",Import
Malaysia,Japan,02-25,60941,"Pharmaceuticals, Chemicals, Machinery",Export
Denmark,United States,05-25,480753,"Vehicles, Machinery, Chemicals",Export
India,France,09-25,415083,"Fertilizers, Machinery, Electronics",Import
France,Turkey,09-25,478279,"Crude Oil, Electronics, Gold",Import
Australia,Germany,08-25,255815,"Fertilizers, Machinery, Electronics",Import
India,Switzerland,08-25,136018,"Machinery, Electronics, Vehicles",Import
Japan,India,12-25,422787,"Gems, Jewelry, Pharmaceuticals",Export
South Korea,Turkey,09-25,17701,"Iron Ore, Soybeans, Crude Oil",Export
Singapore,Mexico,04-25,311428,"Iron Ore, Soybeans, Crude Oil",Export
Denmark,United States,04-25,36008,"Fertilizers, Machinery, Electronics",Import
Spain,Netherlands,08-25,240652,"Electronics, Machinery, Chemicals",Import
United States,Japan,03-25,216086,"Machinery, Electronics, Vehicles",Import
Turkey,Netherlands,04-25,82043,"Aircraft, Machinery, Pharmaceuticals",Export
France,United States,03-25,493016,"Gems, Jewelry, Pharmaceuticals",Export
Turkey,India,01-25,385295,"Agricultural Products, Machinery, Chemicals",Export
India,Poland,04-25,311099,"Iron Ore, Soybeans, Crude Oil",Export
Brazil,Mexico,08-25,113891,"Textiles, Footwear, Machinery",Export
China,Japan,05-25,311032,"Gems, Jewelry, Pharmaceuticals",Export
Sweden,United States,10-25,214682,"Gems, Jewelry, Pharmaceuticals",Export
Indonesia,United Kingdom,04-25,225767,"Electronics Components, Machinery, Fabrics",Import
Poland,Singapore,03-25,189532,"Natural Gas, Electronics, Machinery",Import
United States,Mexico,07-25,418762,"Machinery, Electronics, Vehicles",Import
Denmark,Australia,06-25,495269,"Fertilizers, Machinery, Electronics",Import
Norway,Japan,12-25,448458,"Fertilizers, Machinery, Electronics",Import
Singapore,Vietnam,11-25,269759,"Aircraft, Machinery, Pharmaceuticals",Export
Poland,Netherlands,08-25,414908,"Vehicles, Machinery, Pharmaceuticals",Import
Singapore,Australia,12-25,366718,"Electronics, Machinery, Vehicles",Export
Canada,Turkey,03-25,165242,"Crude Oil, Electronics, Gold",Import
France,Italy,03-25,223303,"Gems, Jewelry, Pharmaceuticals",Export
Switzerland,Vietnam,01-25,464635,"Fertilizers, Machinery, Electronics",Import
United States,Malaysia,04-25,436278,"Fertilizers, Machinery, Electronics",Import
Germany,United Kingdom,10-25,231778,"Electronics Components, Machinery, Fabrics",Import
Malaysia,Switzerland,07-25,36275,"Electronics Components, Machinery, Fabrics",Import
United Kingdom,Mexico,12-25,321660,"Vehicles, Machinery, Pharmaceuticals",Import
United States,Switzerland,08-25,431891,"Semiconductors, Electronics, Machinery",Export
Turkey,China,07-25,91615,"Crude Oil, Electronics, Gold",Import
South Korea,Canada,11-25,404201,"Electronics, Machinery, Chemicals",Import
Norway,Russia,01-25,437423,"Textiles, Footwear, Machinery",Export
India,China,04-25,337728,"Vehicles, Machinery, Pharmaceuticals",Import
United States,UAE,11-25,134280,"Textiles, Footwear, Machinery",Export
Japan,Poland,08-25,419809,"Electronics Components, Machinery, Fabrics",Import
Sweden,India,02-25,393536,"Electronics Components, Machinery, Fabrics",Import
Austria,United States,07-25,256355,"Electronics, Machinery, Vehicles",Export
Netherlands,Russia,03-25,206655,"Electronics Components, Machinery, Fabrics",Import
Saudi Arabia,Brazil,06-25,85332,"Agricultural Products, Machinery, Chemicals",Export
Belgium,Netherlands,03-25,466722,"Pharmaceuticals, Machinery, Chemicals",Import
Sweden,Spain,03-25,398819,"Agricultural Products, Machinery, Chemicals",Export
United Kingdom,Poland,08-25,29802,"Electronics, Machinery, Vehicles",Export
Japan,UAE,02-25,105380,"Pharmaceuticals, Chemicals, Machinery",Export
Sweden,Australia,11-25,457765,"Electronics Components, Machinery, Fabrics",Import
Spain,Malaysia,02-25,284981,"Pharmaceuticals, Chemicals, Machinery",Export
Denmark,UAE,05-25,308102,"Electronics, Machinery, Vehicles",Export
Norway,China,12-25,389798,"Natural Gas, Electronics, Machinery",Import
Spain,Singapore,09-25,123862,"Gems, Jewelry, Pharmaceuticals",Export
Austria,Brazil,02-25,402072,"Pharmaceuticals, Chemicals, Machinery",Export
Denmark,Poland,04-25,241404,"Electronics, Machinery, Vehicles",Export
UAE,South Korea,05-25,134149,"Electronics, Machinery, Chemicals",Import
Canada,Sweden,04-25,320803,"Machinery, Electronics, Vehicles",Import
Belgium,Canada,06-25,120718,"Electronics Components, Machinery, Fabrics",Import
France,Russia,01-25,6355,"Machinery, Electronics, Vehicles",Import
Australia,South Africa,07-25,61820,"Agricultural Products, Machinery, Chemicals",Export
Spain,Japan,01-25,36240,"Pharmaceuticals, Chemicals, Machinery",Export
Indonesia,Singapore,03-25,451095,"Crude Oil, Electronics, Gold",Import
France,Mexico,11-25,243168,"Fertilizers, Machinery, Electronics",Import
UAE,Spain,08-25,189404,"Vehicles, Machinery, Pharmaceuticals",Import
Denmark,Switzerland,12-25,439478,"Iron Ore, Soybeans, Crude Oil",Export
Netherlands,South Africa,10-25,200028,"Semiconductors, Electronics, Machinery",Export
Vietnam,Belgium,10-25,412754,"Electronics, Machinery, Chemicals",Import
Netherlands,Indonesia,12-25,301169,"Pharmaceuticals, Chemicals, Machinery",Export
Sweden,Italy,06-25,499886,"Natural Gas, Electronics, Machinery",Import
Poland,Saudi Arabia,07-25,424700,"Electronics, Machinery, Vehicles",Export
China,Russia,10-25,94895,"Pharmaceuticals, Chemicals, Machinery",Export
Belgium,Russia,03-25,336701,"Textiles, Footwear, Machinery",Export
Singapore,Canada,10-25,372102,"Fertilizers, Machinery, Electronics",Import
Belgium,Thailand,09-25,234748,"Textiles, Footwear, Machinery",Export
Saudi Arabia,Indonesia,04-25,122323,"Pharmaceuticals, Chemicals, Machinery",Export
Indonesia,Belgium,07-25,386479,"Semiconductors, Electronics, Machinery",Export
Spain,South Africa,10-25,203664,"Natural Gas, Electronics, Machinery",Export
Germany,Malaysia,04-25,379644,"Agricultural Products, Machinery, Chemicals",Export
Thailand,UAE,09-25,150749,"Electronics, Machinery, Vehicles",Export
Malaysia,Mexico,07-25,10424,"Electronics Components, Machinery, Fabrics",Import
Turkey,Japan,05-25,177702,"Electronics, Machinery, Chemicals",Import
Austria,Saudi Arabia,02-25,164670,"Pharmaceuticals, Machinery, Chemicals",Import
Vietnam,Switzerland,12-25,442938,"Fertilizers, Machinery, Electronics",Import
Mexico,United States,12-25,40494,"Electronics, Machinery, Chemicals",Import
Austria,Mexico,12-25,96178,"Iron Ore, Soybeans, Crude Oil",Export
Spain,Canada,06-25,99799,"Vehicles, Machinery, Pharmaceuticals",Import
Switzerland,France,03-25,410942,"Vehicles, Machinery, Chemicals",Export
Japan,Malaysia,04-25,435438,"Gems, Jewelry, Pharmaceuticals",Export
Thailand,Norway,10-25,491874,"Vehicles, Machinery, Pharmaceuticals",Import
China,Mexico,02-25,132420,"Pharmaceuticals, Machinery, Chemicals",Import
Vietnam,Russia,06-25,353443,"Agricultural Products, Machinery, Chemicals",Export
Saudi Arabia,Norway,06-25,485731,"Natural Gas, Electronics, Machinery",Export
Germany,UAE,11-25,420767,"Aircraft, Machinery, Pharmaceuticals",Export
Saudi Arabia,India,10-25,461662,"Natural Gas, Electronics, Machinery",Export
Poland,China,10-25,186679,"Electronics, Machinery, Chemicals",Import
Malaysia,Vietnam,10-25,496200,"Crude Oil, Electronics, Gold",Import
United States,Spain,07-25,264091,"Pharmaceuticals, Chemicals, Machinery",Export
Spain,Indonesia,07-25,383867,"Aircraft, Machinery, Pharmaceuticals",Export
South Korea,Russia,06-25,468763,"Machinery, Electronics, Vehicles",Import
Japan,United States,03-25,493407,"Fertilizers, Machinery, Electronics",Import
Italy,United Kingdom,04-25,27843,"Natural Gas, Electronics, Machinery",Export
Belgium,Thailand,08-25,282213,"Electronics, Machinery, Chemicals",Import
Saudi Arabia,Turkey,05-25,392513,"Semiconductors, Electronics, Machinery",Export
South Korea,South Africa,09-25,169271,"Pharmaceuticals, Chemicals, Machinery",Export
Mexico,Sweden,09-25,57852,"Natural Gas, Electronics, Machinery",Export
Norway,Spain,05-25,72531,"Semiconductors, Electronics, Machinery",Export
Canada,Norway,11-25,134075,"Fertilizers, Machinery, Electronics",Import
Netherlands,Canada,08-25,229948,"Aircraft, Machinery, Pharmaceuticals",Export
Malaysia,Turkey,11-25,386605,"Machinery, Electronics, Vehicles",Import
Norway,United Kingdom,09-25,238777,"Electronics, Machinery, Chemicals",Import
United States,Canada,12-25,485891,"Agricultural Products, Machinery, Chemicals",Export
Thailand,Vietnam,08-25,126425,"Vehicles, Machinery, Chemicals",Export
Mexico,Switzerland,02-25,404940,"Pharmaceuticals, Machinery, Chemicals",Import
UAE,South Korea,11-25,306072,"Pharmaceuticals, Machinery, Chemicals",Import
Sweden,Poland,09-25,81449,"Natural Gas, Electronics, Machinery",Import
Indonesia,Brazil,09-25,131950,"Crude Oil, Electronics, Gold",Import
Belgium,Germany,04-25,150641,"Vehicles, Machinery, Chemicals",Export
Indonesia,United Kingdom,06-25,407918,"Iron Ore, Soybeans, Crude Oil",Export
Japan,India,10-25,102205,"Electronics, Machinery, Chemicals",Import
United Kingdom,Singapore,04-25,207830,"Machinery, Electronics, Vehicles",Import
Sweden,South Korea,11-25,491221,"Natural Gas, Electronics, Machinery",Import
Sweden,Poland,01-25,101074,"Electronics, Machinery, Vehicles",Export
Belgium,India,03-25,221416,"Natural Gas, Electronics, Machinery",Import
Denmark,Indonesia,10-25,276673,"Natural Gas, Electronics, Machinery",Import
Australia,Mexico,06-25,26957,"Pharmaceuticals, Chemicals, Machinery",Export
Mexico,Switzerland,06-25,98923,"Pharmaceuticals, Chemicals, Machinery",Export
Thailand,Spain,10-25,414231,"Natural Gas, Electronics, Machinery",Export
Italy,United States,05-25,287432,"Electronics, Machinery, Vehicles",Export
China,Sweden,03-25,289326,"Electronics Components, Machinery, Fabrics",Import
United States,Malaysia,12-25,125975,"Textiles, Footwear, Machinery",Export
Germany,Spain,07-25,97564,"Vehicles, Machinery, Chemicals",Export
Germany,Indonesia,05-25,2068,"Iron Ore, Soybeans, Crude Oil",Export
India,Belgium,05-25,130898,"Fertilizers, Machinery, Electronics",Import
Japan,Switzerland,01-25,98484,"Natural Gas, Electronics, Machinery",Import
Turkey,Germany,09-25,409673,"Vehicles, Machinery, Chemicals",Export
Germany,Malaysia,09-25,397917,"Semiconductors, Electronics, Machinery",Export
Malaysia,South Korea,06-25,216287,"Electronics Components, Machinery, Fabrics",Import
Italy,France,08-25,99472,"Machinery, Electronics, Vehicles",Import
Denmark,United States,09-25,4826,"Vehicles, Machinery, Pharmaceuticals",Import
Australia,UAE,04-25,388823,"Pharmaceuticals, Machinery, Chemicals",Import
UAE,Thailand,09-25,40634,"Crude Oil, Electronics, Gold",Import
United Kingdom,Indonesia,08-25,238055,"Fertilizers, Machinery, Electronics",Import
Australia,Switzerland,07-25,378916,"Aircraft, Machinery, Pharmaceuticals",Export
Spain,Mexico,02-25,278656,"Electronics, Machinery, Chemicals",Import
Norway,Saudi Arabia,08-25,217807,"Electronics, Machinery, Vehicles",Export
UAE,Italy,04-25,5940,"Crude Oil, Electronics, Gold",Import
Canada,United States,10-25,98718,"Fertilizers, Machinery, Electronics",Import
Belgium,Saudi Arabia,05-25,132474,"Pharmaceuticals, Machinery, Chemicals",Import
Vietnam,UAE,04-25,124661,"Iron Ore, Soybeans, Crude Oil",Export
Netherlands,United Kingdom,10-25,338951,"Vehicles, Machinery, Chemicals",Export
Belgium,Mexico,01-25,122172,"Natural Gas, Electronics, Machinery",Export
Singapore,Belgium,07-25,86940,"Vehicles, Machinery, Chemicals",Export
Saudi Arabia,South Korea,05-25,272250,"Iron Ore, Soybeans, Crude Oil",Export
Denmark,Germany,11-25,2898,"Electronics, Machinery, Vehicles",Export
Singapore,Japan,11-25,429492,"Pharmaceuticals, Machinery, Chemicals",Import
Australia,Switzerland,03-25,257973,"Aircraft, Machinery, Pharmaceuticals",Export
Denmark,Switzerland,08-25,82320,"Vehicles, Machinery, Chemicals",Export
Austria,Poland,06-25,191568,"Electronics, Machinery, Chemicals",Import
Mexico,South Korea,03-25,403000,"Electronics, Machinery, Vehicles",Export
Indonesia,Poland,06-25,99206,"Electronics, Machinery, Chemicals",Import
India,Poland,01-25,233076,"Iron Ore, Soybeans, Crude Oil",Export
Thailand,Sweden,07-25,144874,"Natural Gas, Electronics, Machinery",Export
Denmark,Vietnam,02-25,427272,"Fertilizers, Machinery, Electronics",Import
India,Russia,09-25,303778,"Agricultural Products, Machinery, Chemicals",Export
India,Brazil,07-25,158997,"Vehicles, Machinery, Pharmaceuticals",Import
Austria,Mexico,03-25,255024,"Natural Gas, Electronics, Machinery",Export
Sweden,China,05-25,14933,"Fertilizers, Machinery, Electronics",Import
Italy,Germany,06-25,487967,"Vehicles, Machinery, Pharmaceuticals",Import
China,Poland,03-25,277789,"Textiles, Footwear, Machinery",Export
United States,United Kingdom,01-25,154912,"Machinery, Electronics, Vehicles",Import
Japan,United Kingdom,02-25,469573,"Textiles, Footwear, Machinery",Export
Thailand,UAE,11-25,138791,"Fertilizers, Machinery, Electronics",Import
India,Singapore,07-25,460438,"Natural Gas, Electronics, Machinery",Export
Germany,Belgium,11-25,432751,"Natural Gas, Electronics, Machinery",Export
United Kingdom,Poland,09-25,60687,"Iron Ore, Soybeans, Crude Oil",Export
Vietnam,Poland,12-25,166623,"Natural Gas, Electronics, Machinery",Import
Poland,Russia,04-25,179114,"Gems, Jewelry, Pharmaceuticals",Export
Norway,South Korea,11-25,226028,"Natural Gas, Electronics, Machinery",Export
Australia,Switzerland,07-25,112381,"Gems, Jewelry, Pharmaceuticals",Export
India,Indonesia,09-25,187966,"Gems, Jewelry, Pharmaceuticals",Export
Italy,United Kingdom,05-25,20707,"Natural Gas, Electronics, Machinery",Export
Denmark,South Korea,05-25,218859,"Aircraft, Machinery, Pharmaceuticals",Export
Austria,Malaysia,06-25,56727,"Electronics, Machinery, Chemicals",Import
Austria,South Africa,03-25,473461,"Vehicles, Machinery, Chemicals",Export
France,South Korea,03-25,271260,"Natural Gas, Electronics, Machinery",Import
Belgium,India,01-25,216200,"Machinery, Electronics, Vehicles",Import
China,Sweden,03-25,1133,"Vehicles, Machinery, Pharmaceuticals",Import
Spain,South Korea,07-25,411673,"Natural Gas, Electronics, Machinery",Export
UAE,United Kingdom,07-25,498625,"Natural Gas, Electronics, Machinery",Export
Sweden,United Kingdom,12-25,416136,"Vehicles, Machinery, Chemicals",Export
Norway,UAE,02-25,248380,"Machinery, Electronics, Vehicles",Import
Poland,Mexico,05-25,371910,"Vehicles, Machinery, Pharmaceuticals",Import
Brazil,France,04-25,181988,"Aircraft, Machinery, Pharmaceuticals",Export
United Kingdom,Australia,01-25,335975,"Semiconductors, Electronics, Machinery",Export
Netherlands,United States,03-25,211923,"Natural Gas, Electronics, Machinery",Export
Singapore,United States,09-25,116810,"Vehicles, Machinery, Pharmaceuticals",Import
Brazil,Poland,06-25,485226,"Electronics, Machinery, Chemicals",Import
Austria,Indonesia,10-25,184069,"Iron Ore, Soybeans, Crude Oil",Export
China,Canada,06-25,424800,"Gems, Jewelry, Pharmaceuticals",Export
Singapore,Mexico,12-25,121901,"Semiconductors, Electronics, Machinery",Export
Malaysia,Singapore,11-25,12113,"Electronics, Machinery, Vehicles",Export
Japan,Brazil,07-25,471542,"Vehicles, Machinery, Pharmaceuticals",Import
Thailand,South Korea,04-25,22186,"Gems, Jewelry, Pharmaceuticals",Export
Austria,France,06-25,448993,"Crude Oil, Electronics, Gold",Import
Turkey,Netherlands,10-25,106892,"Agricultural Products, Machinery, Chemicals",Export
China,Vietnam,07-25,75412,"Pharmaceuticals, Machinery, Chemicals",Import
Australia,Spain,01-25,444366,"Electronics, Machinery, Chemicals",Import
Switzerland,Australia,04-25,210445,"Machinery, Electronics, Vehicles",Import
Vietnam,Brazil,06-25,270612,"Electronics Components, Machinery, Fabrics",Import
Japan,Turkey,08-25,188365,"Gems, Jewelry, Pharmaceuticals",Export
Italy,France,11-25,300119,"Pharmaceuticals, Machinery, Chemicals",Import
Austria,Mexico,12-25,453720,"Iron Ore, Soybeans, Crude Oil",Export
Canada,Norway,04-25,294705,"Natural Gas, Electronics, Machinery",Import
Japan,Germany,01-25,265849,"Electronics, Machinery, Vehicles",Export
Netherlands,Germany,06-25,471237,"Textiles, Footwear, Machinery",Export
China,India,10-25,40350,"Gems, Jewelry, Pharmaceuticals",Export
Australia,Switzerland,04-25,129123,"Natural Gas, Electronics, Machinery",Import
Mexico,Turkey,02-25,370105,"Vehicles, Machinery, Pharmaceuticals",Import
Germany,Canada,09-25,321922,"Iron Ore, Soybeans, Crude Oil",Export
Australia,Netherlands,03-25,94517,"Electronics, Machinery, Chemicals",Import
Poland,United Kingdom,12-25,431930,"Natural Gas, Electronics, Machinery",Export
Japan,Switzerland,08-25,80070,"Pharmaceuticals, Machinery, Chemicals",Import
Sweden,Australia,12-25,58946,"Electronics, Machinery, Chemicals",Import
Switzerland,India,09-25,473046,"Natural Gas, Electronics, Machinery",Export
France,China,03-25,275868,"Crude Oil, Electronics, Gold",Import
Thailand,Spain,05-25,292250,"Vehicles, Machinery, Chemicals",Export
Saudi Arabia,Russia,03-25,492664,"Machinery, Electronics, Vehicles",Import
China,Thailand,04-25,384668,"Vehicles, Machinery, Pharmaceuticals",Import
South Korea,Vietnam,11-25,78069,"Electronics, Machinery, Vehicles",Export
UAE,Canada,11-25,301820,"Crude Oil, Electronics, Gold",Import
Australia,Saudi Arabia,09-25,199655,"Natural Gas, Electronics, Machinery",Export
Poland,Norway,05-25,120371,"Pharmaceuticals, Machinery, Chemicals",Import
Switzerland,Japan,01-25,467094,"Electronics, Machinery, Chemicals",Import
Canada,Sweden,05-25,161410,"Textiles, Footwear, Machinery",Export
Brazil,Singapore,12-25,495762,"Pharmaceuticals, Machinery, Chemicals",Import
Thailand,Australia,02-25,367925,"Vehicles, Machinery, Pharmaceuticals",Import
United Kingdom,Saudi Arabia,04-25,432469,"Pharmaceuticals, Chemicals, Machinery",Export
Singapore,Brazil,10-25,499262,"Electronics Components, Machinery, Fabrics",Import
United Kingdom,Vietnam,11-25,107637,"Semiconductors, Electronics, Machinery",Export
Singapore,Vietnam,07-25,366922,"Vehicles, Machinery, Pharmaceuticals",Import
Thailand,Germany,09-25,456325,"Pharmaceuticals, Chemicals, Machinery",Export
Thailand,Norway,12-25,303419,"Electronics, Machinery, Vehicles",Export
Switzerland,Thailand,07-25,221607,"Electronics Components, Machinery, Fabrics",Import
Turkey,Thailand,05-25,267428,"Vehicles, Machinery, Chemicals",Export
Vietnam,Russia,09-25,494501,"Machinery, Electronics, Vehicles",Import
India,Italy,04-25,142390,"Fertilizers, Machinery, Electronics",Import
Vietnam,France,10-25,265678,"Aircraft, Machinery, Pharmaceuticals",Export
France,Russia,04-25,371939,"Machinery, Electronics, Vehicles",Import
Denmark,Poland,11-25,443478,"Vehicles, Machinery, Pharmaceuticals",Import
Australia,Thailand,12-25,423832,"Fertilizers, Machinery, Electronics",Import
Australia,Turkey,10-25,111306,"Vehicles, Machinery, Pharmaceuticals",Import
Poland,Norway,02-25,258442,"Textiles, Footwear, Machinery",Export
Vietnam,Germany,10-25,242718,"Vehicles, Machinery, Pharmaceuticals",Import
Norway,Switzerland,11-25,253900,"Machinery, Electronics, Vehicles",Import
Poland,Brazil,01-25,390197,"Electronics Components, Machinery, Fabrics",Import
Australia,Russia,02-25,494180,"Electronics Components, Machinery, Fabrics",Import
Austria,Russia,02-25,171682,"Electronics Components, Machinery, Fabrics",Import
Turkey,Switzerland,03-25,59704,"Pharmaceuticals, Machinery, Chemicals",Import
Japan,Germany,05-25,380113,"Natural Gas, Electronics, Machinery",Import
Indonesia,Sweden,12-25,396811,"Fertilizers, Machinery, Electronics",Import
Denmark,Canada,09-25,278122,"Gems, Jewelry, Pharmaceuticals",Export
South Korea,South Africa,12-25,465382,"Electronics, Machinery, Chemicals",Import
Turkey,United States,12-25,35190,"Natural Gas, Electronics, Machinery",Import
Belgium,Spain,03-25,169364,"Pharmaceuticals, Machinery, Chemicals",Import
China,Malaysia,08-25,297728,"Machinery, Electronics, Vehicles",Import
Denmark,Indonesia,05-25,365287,"Vehicles, Machinery, Chemicals",Export
UAE,India,05-25,490018,"Pharmaceuticals, Chemicals, Machinery",Export
Netherlands,United States,07-25,107158,"Crude Oil, Electronics, Gold",Import
Brazil,Belgium,05-25,83075,"Agricultural Products, Machinery, Chemicals",Export
Vietnam,South Africa,05-25,222962,"Pharmaceuticals, Machinery, Chemicals",Import
Singapore,South Africa,01-25,109396,"Vehicles, Machinery, Pharmaceuticals",Import
Brazil,Vietnam,01-25,167074,"Textiles, Footwear, Machinery",Export
France,Australia,07-25,189464,"Agricultural Products, Machinery, Chemicals",Export
Brazil,South Africa,02-25,181792,"Agricultural Products, Machinery, Chemicals",Export
Vietnam,Spain,06-25,466892,"Semiconductors, Electronics, Machinery",Export
Australia,Switzerland,03-25,439505,"Pharmaceuticals, Machinery, Chemicals",Import
Denmark,South Korea,08-25,196317,"Iron Ore, Soybeans, Crude Oil",Export
Australia,Italy,08-25,93454,"Electronics Components, Machinery, Fabrics",Import
Australia,Italy,12-25,416038,"Agricultural Products, Machinery, Chemicals",Export
Indonesia,Mexico,11-25,278623,"Electronics, Machinery, Chemicals",Import
Sweden,Norway,08-25,444788,"Fertilizers, Machinery, Electronics",Import
Poland,South Korea,10-25,32237,"Semiconductors, Electronics, Machinery",Export
Singapore,Switzerland,03-25,392487,"Crude Oil, Electronics, Gold",Import
South Korea,United States,10-25,356700,"Pharmaceuticals, Machinery, Chemicals",Import
India,United Kingdom,02-25,322889,"Agricultural Products, Machinery, Chemicals",Export
Singapore,Malaysia,04-25,204641,"Pharmaceuticals, Chemicals, Machinery",Export
Austria,Vietnam,01-25,360487,"Crude Oil, Electronics, Gold",Import
Saudi Arabia,South Korea,11-25,38869,"Natural Gas, Electronics, Machinery",Export
Australia,India,10-25,65784,"Pharmaceuticals, Machinery, Chemicals",Import
Austria,China,06-25,243933,"Aircraft, Machinery, Pharmaceuticals",Export
Italy,Norway,04-25,416101,"Fertilizers, Machinery, Electronics",Import
Thailand,Singapore,05-25,490685,"Crude Oil, Electronics, Gold",Import
China,Indonesia,02-25,367490,"Vehicles, Machinery, Pharmaceuticals",Import
Thailand,China,09-25,87959,"Iron Ore, Soybeans, Crude Oil",Export
Vietnam,Australia,08-25,221023,"Fertilizers, Machinery, Electronics",Import
Poland,Saudi Arabia,10-25,258423,"Agricultural Products, Machinery, Chemicals",Export
Austria,South Africa,04-25,16364,"Natural Gas, Electronics, Machinery",Import
Indonesia,Vietnam,06-25,338341,"Machinery, Electronics, Vehicles",Import
India,Norway,02-25,292774,"Gems, Jewelry, Pharmaceuticals",Export
Germany,Australia,09-25,1821,"Aircraft, Machinery, Pharmaceuticals",Export
Singapore,Netherlands,09-25,164330,"Natural Gas, Electronics, Machinery",Import
Poland,Italy,10-25,13879,"Natural Gas, Electronics, Machinery",Export
China,Switzerland,11-25,140716,"Electronics Components, Machinery, Fabrics",Import
UAE,Turkey,11-25,438361,"Iron Ore, Soybeans, Crude Oil",Export
Thailand,United States,11-25,291653,"Natural Gas, Electronics, Machinery",Export
Indonesia,Brazil,10-25,194471,"Semiconductors, Electronics, Machinery",Export
Switzerland,Vietnam,09-25,108220,"Gems, Jewelry, Pharmaceuticals",Export
Vietnam,Poland,02-25,216600,"Electronics, Machinery, Chemicals",Import
UAE,Italy,08-25,377348,"Machinery, Electronics, Vehicles",Import
Austria,Indonesia,12-25,288811,"Machinery, Electronics, Vehicles",Import
Norway,Canada,03-25,163107,"Pharmaceuticals, Machinery, Chemicals",Import
Australia,Brazil,05-25,182361,"Electronics, Machinery, Vehicles",Export
Belgium,Turkey,07-25,256010,"Electronics, Machinery, Chemicals",Import
South Korea,Russia,09-25,286062,"Crude Oil, Electronics, Gold",Import
Poland,Malaysia,08-25,209820,"Crude Oil, Electronics, Gold",Import
Spain,Belgium,07-25,135414,"Natural Gas, Electronics, Machinery",Export
Germany,India,01-25,144209,"Vehicles, Machinery, Chemicals",Export
Brazil,Mexico,10-25,350740,"Vehicles, Machinery, Chemicals",Export
Indonesia,Norway,10-25,285864,"Fertilizers, Machinery, Electronics",Import
South Korea,Japan,03-25,322117,"Agricultural Products, Machinery, Chemicals",Export
Belgium,Malaysia,04-25,218252,"Textiles, Footwear, Machinery",Export
Netherlands,China,02-25,418837,"Crude Oil, Electronics, Gold",Import
India,South Africa,03-25,351415,"Natural Gas, Electronics, Machinery",Export
Norway,Mexico,07-25,212220,"Agricultural Products, Machinery, Chemicals",Export
Switzerland,Malaysia,12-25,84397,"Pharmaceuticals, Machinery, Chemicals",Import
Malaysia,Mexico,10-25,122512,"Electronics Components, Machinery, Fabrics",Import
Sweden,Spain,12-25,244748,"Textiles, Footwear, Machinery",Export
UAE,Malaysia,01-25,68576,"Semiconductors, Electronics, Machinery",Export
Vietnam,Saudi Arabia,06-25,89508,"Electronics, Machinery, Vehicles",Export
Australia,Singapore,11-25,210888,"Machinery, Electronics, Vehicles",Import
Germany,Brazil,05-25,316101,"Electronics, Machinery, Chemicals",Import
Canada,Saudi Arabia,06-25,412357,"Fertilizers, Machinery, Electronics",Import
Germany,Sweden,10-25,376861,"Agricultural Products, Machinery, Chemicals",Export
Vietnam,Singapore,11-25,213861,"Aircraft, Machinery, Pharmaceuticals",Export
United Kingdom,Malaysia,09-25,87863,"Electronics, Machinery, Chemicals",Import
UAE,Vietnam,03-25,73635,"Natural Gas, Electronics, Machinery",Export
Turkey,Switzerland,10-25,424154,"Vehicles, Machinery, Chemicals",Export
Italy,India,10-25,17899,"Pharmaceuticals, Chemicals, Machinery",Export
Vietnam,Netherlands,11-25,288631,"Iron Ore, Soybeans, Crude Oil",Export
Thailand,Indonesia,07-25,275504,"Crude Oil, Electronics, Gold",Import
United States,Japan,07-25,423655,"Aircraft, Machinery, Pharmaceuticals",Export
Poland,Switzerland,12-25,11039,"Textiles, Footwear, Machinery",Export
France,Germany,07-25,310048,"Vehicles, Machinery, Pharmaceuticals",Import
France,United Kingdom,01-25,210448,"Fertilizers, Machinery, Electronics",Import
China,South Africa,07-25,463939,"Textiles, Footwear, Machinery",Export
Saudi Arabia,UAE,02-25,15501,"Fertilizers, Machinery, Electronics",Import
Indonesia,Mexico,05-25,110335,"Textiles, Footwear, Machinery",Export
UAE,South Africa,03-25,483068,"Vehicles, Machinery, Chemicals",Export
France,Germany,07-25,447097,"Crude Oil, Electronics, Gold",Import
Japan,Germany,07-25,2321,"Vehicles, Machinery, Chemicals",Export
Spain,Malaysia,11-25,40892,"Aircraft, Machinery, Pharmaceuticals",Export
Japan,Belgium,08-25,384805,"Machinery, Electronics, Vehicles",Import
Turkey,China,03-25,317955,"Fertilizers, Machinery, Electronics",Import
Indonesia,Belgium,02-25,482794,"Vehicles, Machinery, Chemicals",Export
Switzerland,Canada,12-25,3430,"Aircraft, Machinery, Pharmaceuticals",Export
Malaysia,Canada,05-25,476193,"Machinery, Electronics, Vehicles",Import
Australia,Thailand,07-25,285310,"Machinery, Electronics, Vehicles",Import
Indonesia,Canada,02-25,391942,"Semiconductors, Electronics, Machinery",Export
Italy,Vietnam,06-25,485507,"Natural Gas, Electronics, Machinery",Import
Vietnam,Malaysia,12-25,235752,"Natural Gas, Electronics, Machinery",Import
United States,South Korea,10-25,484380,"Pharmaceuticals, Machinery, Chemicals",Import
Poland,India,06-25,448540,"Crude Oil, Electronics, Gold",Import
Brazil,Canada,06-25,266062,"Agricultural Products, Machinery, Chemicals",Export
Italy,Belgium,08-25,336838,"Aircraft, Machinery, Pharmaceuticals",Export
Turkey,Brazil,09-25,106865,"Natural Gas, Electronics, Machinery",Import
Sweden,Canada,11-25,9875,"Machinery, Electronics, Vehicles",Import
South Korea,Indonesia,01-25,244249,"Pharmaceuticals, Machinery, Chemicals",Import
Singapore,Indonesia,09-25,388979,"Pharmaceuticals, Chemicals, Machinery",Export
Poland,Germany,12-25,110593,"Electronics Components, Machinery, Fabrics",Import
Australia,South Korea,11-25,137025,"Textiles, Footwear, Machinery",Export
Spain,Canada,08-25,63579,"Natural Gas, Electronics, Machinery",Export
Thailand,Spain,12-25,223620,"Pharmaceuticals, Chemicals, Machinery",Export
India,Indonesia,09-25,8019,"Vehicles, Machinery, Chemicals",Export
Turkey,Switzerland,08-25,422626,"Natural Gas, Electronics, Machinery",Export
Japan,UAE,11-25,292101,"Aircraft, Machinery, Pharmaceuticals",Export
China,Belgium,08-25,348566,"Machinery, Electronics, Vehicles",Import
UAE,Poland,03-25,257169,"Fertilizers, Machinery, Electronics",Import
United Kingdom,Spain,07-25,458382,"Vehicles, Machinery, Chemicals",Export
Spain,Poland,03-25,355538,"Electronics, Machinery, Vehicles",Export
France,Brazil,03-25,282590,"Machinery, Electronics, Vehicles",Import
Malaysia,Brazil,09-25,437049,"Natural Gas, Electronics, Machinery",Import
Malaysia,Indonesia,11-25,157888,"Pharmaceuticals, Machinery, Chemicals",Import
Austria,Indonesia,02-25,253738,"Machinery, Electronics, Vehicles",Import
Vietnam,China,01-25,467780,"Machinery, Electronics, Vehicles",Import
Norway,Australia,01-25,300856,"Crude Oil, Electronics, Gold",Import
France,Sweden,07-25,482365,"Vehicles, Machinery, Pharmaceuticals",Import
Denmark,Poland,10-25,391619,"Pharmaceuticals, Machinery, Chemicals",Import
Canada,Poland,03-25,375494,"Electronics, Machinery, Vehicles",Export
Australia,Spain,07-25,374911,"Pharmaceuticals, Chemicals, Machinery",Export
Brazil,Saudi Arabia,06-25,344065,"Electronics Components, Machinery, Fabrics",Import
Belgium,Switzerland,06-25,389544,"Agricultural Products, Machinery, Chemicals",Export
Belgium,Mexico,01-25,344883,"Machinery, Electronics, Vehicles",Import
UAE,Italy,09-25,20432,"Gems, Jewelry, Pharmaceuticals",Export
Poland,Singapore,07-25,233139,"Natural Gas, Electronics, Machinery",Export
Brazil,Vietnam,12-25,24059,"Aircraft, Machinery, Pharmaceuticals",Export
Sweden,Mexico,09-25,59785,"Pharmaceuticals, Chemicals, Machinery",Export
Japan,Russia,04-25,304658,"Vehicles, Machinery, Pharmaceuticals",Import
Canada,Germany,11-25,294968,"Vehicles, Machinery, Pharmaceuticals",Import
France,Switzerland,06-25,148821,"Crude Oil, Electronics, Gold",Import
Australia,Singapore,07-25,321443,"Electronics Components, Machinery, Fabrics",Import
Spain,Mexico,08-25,157861,"Natural Gas, Electronics, Machinery",Import
Singapore,Norway,03-25,104231,"Textiles, Footwear, Machinery",Export
Mexico,Saudi Arabia,05-25,317220,"Electronics Components, Machinery, Fabrics",Import
Mexico,Netherlands,07-25,286153,"Electronics, Machinery, Vehicles",Export
Singapore,China,03-25,243819,"Electronics, Machinery, Chemicals",Import
Vietnam,Australia,06-25,498920,"Natural Gas, Electronics, Machinery",Import
Indonesia,Norway,11-25,308240,"Crude Oil, Electronics, Gold",Import
Sweden,Russia,07-25,115108,"Pharmaceuticals, Chemicals, Machinery",Export
Japan,Indonesia,08-25,283920,"Fertilizers, Machinery, Electronics",Import
India,Russia,11-25,4405,"Natural Gas, Electronics, Machinery",Import
France,Turkey,01-25,444288,"Natural Gas, Electronics, Machinery",Import
China,South Korea,05-25,389338,"Machinery, Electronics, Vehicles",Import
Switzerland,Vietnam,09-25,421219,"Electronics, Machinery, Chemicals",Import
Norway,Brazil,05-25,399959,"Iron Ore, Soybeans, Crude Oil",Export
Poland,United Kingdom,07-25,102375,"Vehicles, Machinery, Pharmaceuticals",Import
South Korea,Singapore,07-25,396911,"Fertilizers, Machinery, Electronics",Import
Spain,Singapore,08-25,177494,"Textiles, Footwear, Machinery",Export
United States,Singapore,08-25,138887,"Agricultural Products, Machinery, Chemicals",Export
Australia,Belgium,07-25,422682,"Electronics Components, Machinery, Fabrics",Import
China,Brazil,06-25,96765,"Vehicles, Machinery, Chemicals",Export
Vietnam,Australia,01-25,291469,"Textiles, Footwear, Machinery",Export
Malaysia,Brazil,05-25,349828,"Pharmaceuticals, Chemicals, Machinery",Export
Indonesia,United States,07-25,430965,"Iron Ore, Soybeans, Crude Oil",Export
Austria,Turkey,09-25,145238,"Pharmaceuticals, Chemicals, Machinery",Export
Malaysia,Mexico,03-25,147410,"Textiles, Footwear, Machinery",Export
China,Russia,01-25,216968,"Semiconductors, Electronics, Machinery",Export
Brazil,Australia,02-25,450960,"Pharmaceuticals, Machinery, Chemicals",Import
United States,Switzerland,08-25,423133,"Vehicles, Machinery, Pharmaceuticals",Import
Saudi Arabia,India,02-25,143102,"Natural Gas, Electronics, Machinery",Import
Italy,Turkey,09-25,351865,"Machinery, Electronics, Vehicles",Import
Poland,Brazil,02-25,441359,"Vehicles, Machinery, Chemicals",Export
United Kingdom,India,12-25,19457,"Pharmaceuticals, Chemicals, Machinery",Export
Singapore,UAE,09-25,396997,"Iron Ore, Soybeans, Crude Oil",Export
Denmark,Belgium,08-25,228230,"Machinery, Electronics, Vehicles",Import
Sweden,Indonesia,04-25,492811,"Agricultural Products, Machinery, Chemicals",Export
Spain,India,05-25,284341,"Natural Gas, Electronics, Machinery",Import
Italy,South Korea,07-25,300876,"Electronics Components, Machinery, Fabrics",Import
Canada,Indonesia,10-25,481626,"Pharmaceuticals, Machinery, Chemicals",Import
Switzerland,United Kingdom,12-25,291552,"Vehicles, Machinery, Pharmaceuticals",Import
Sweden,Netherlands,02-25,265632,"Iron Ore, Soybeans, Crude Oil",Export
Norway,Vietnam,02-25,461386,"Semiconductors, Electronics, Machinery",Export
Canada,Belgium,09-25,229597,"Vehicles, Machinery, Chemicals",Export
Brazil,United States,10-25,450143,"Pharmaceuticals, Machinery, Chemicals",Import
Austria,United States,01-25,367421,"Machinery, Electronics, Vehicles",Import
Italy,Turkey,03-25,74921,"Iron Ore, Soybeans, Crude Oil",Export
Canada,United Kingdom,11-25,446114,"Natural Gas, Electronics, Machinery",Import
Malaysia,UAE,03-25,349303,"Electronics Components, Machinery, Fabrics",Import
United Kingdom,Indonesia,06-25,395208,"Natural Gas, Electronics, Machinery",Export
South Korea,Netherlands,03-25,376676,"Crude Oil, Electronics, Gold",Import
Italy,South Africa,07-25,224415,"Vehicles, Machinery, Chemicals",Export
France,Canada,04-25,347746,"Aircraft, Machinery, Pharmaceuticals",Export
Austria,Malaysia,08-25,396389,"Gems, Jewelry, Pharmaceuticals",Export
Malaysia,India,01-25,169296,"Electronics, Machinery, Vehicles",Export
United Kingdom,United States,12-25,124818,"Iron Ore, Soybeans, Crude Oil",Export
UAE,Russia,01-25,493619,"Machinery, Electronics, Vehicles",Import
Mexico,Malaysia,04-25,372137,"Pharmaceuticals, Chemicals, Machinery",Export
Italy,Turkey,07-25,386414,"Fertilizers, Machinery, Electronics",Import
Sweden,Indonesia,05-25,302714,"Crude Oil, Electronics, Gold",Import
Spain,Japan,08-25,74030,"Semiconductors, Electronics, Machinery",Export
United Kingdom,Vietnam,05-25,175590,"Iron Ore, Soybeans, Crude Oil",Export
Singapore,Saudi Arabia,10-25,222642,"Aircraft, Machinery, Pharmaceuticals",Export
Indonesia,Italy,04-25,269670,"Pharmaceuticals, Chemicals, Machinery",Export
Switzerland,UAE,02-25,334302,"Electronics, Machinery, Chemicals",Import
Canada,South Africa,08-25,151004,"Electronics Components, Machinery, Fabrics",Import
Austria,Germany,01-25,337591,"Textiles, Footwear, Machinery",Export
Saudi Arabia,China,08-25,73376,"Gems, Jewelry, Pharmaceuticals",Export
Italy,France,01-25,405272,"Textiles, Footwear, Machinery",Export
Mexico,Canada,02-25,426299,"Fertilizers, Machinery, Electronics",Import
Sweden,Poland,02-25,113245,"Electronics, Machinery, Vehicles",Export
India,Norway,05-25,93450,"Textiles, Footwear, Machinery",Export
Australia,Norway,08-25,460466,"Gems, Jewelry, Pharmaceuticals",Export
Denmark,France,05-25,175357,"Natural Gas, Electronics, Machinery",Export
Spain,Poland,03-25,355657,"Fertilizers, Machinery, Electronics",Import
Indonesia,Sweden,11-25,9368,"Agricultural Products, Machinery, Chemicals",Export
Poland,Italy,10-25,317008,"Pharmaceuticals, Machinery, Chemicals",Import
Brazil,South Africa,11-25,222512,"Vehicles, Machinery, Chemicals",Export
South Korea,France,04-25,94263,"Textiles, Footwear, Machinery",Export
Sweden,Spain,03-25,142758,"Electronics, Machinery, Vehicles",Export
Austria,China,01-25,439602,"Pharmaceuticals, Chemicals, Machinery",Export
China,Russia,05-25,38416,"Electronics, Machinery, Chemicals",Import
UAE,Malaysia,02-25,213200,"Electronics, Machinery, Chemicals",Import
Denmark,Japan,04-25,228960,"Electronics, Machinery, Chemicals",Import
France,Switzerland,04-25,226670,"Crude Oil, Electronics, Gold",Import
China,UAE,01-25,132137,"Electronics, Machinery, Chemicals",Import
Turkey,Poland,02-25,358455,"Natural Gas, Electronics, Machinery",Import
Canada,India,09-25,165445,"Crude Oil, Electronics, Gold",Import
United Kingdom,India,02-25,424868,"Semiconductors, Electronics, Machinery",Export
Switzerland,Belgium,03-25,31410,"Textiles, Footwear, Machinery",Export
Sweden,Netherlands,04-25,273398,"Electronics, Machinery, Vehicles",Export
Turkey,Spain,01-25,57816,"Machinery, Electronics, Vehicles",Import
India,Mexico,03-25,120076,"Vehicles, Machinery, Chemicals",Export
Norway,Brazil,09-25,362870,"Vehicles, Machinery, Pharmaceuticals",Import
Switzerland,Canada,06-25,334745,"Electronics, Machinery, Chemicals",Import
Japan,Turkey,04-25,407461,"Natural Gas, Electronics, Machinery",Export
Vietnam,Japan,01-25,413341,"Pharmaceuticals, Machinery, Chemicals",Import
Canada,France,04-25,295284,"Pharmaceuticals, Chemicals, Machinery",Export
Saudi Arabia,Thailand,07-25,425128,"Textiles, Footwear, Machinery",Export
United States,Indonesia,10-25,98266,"Electronics Components, Machinery, Fabrics",Import
Australia,Italy,12-25,54024,"Electronics Components, Machinery, Fabrics",Import
Australia,Mexico,12-25,103515,"Vehicles, Machinery, Chemicals",Export
Singapore,Malaysia,04-25,130181,"Vehicles, Machinery, Chemicals",Export
Singapore,Russia,07-25,482376,"Vehicles, Machinery, Pharmaceuticals",Import
Belgium,Poland,07-25,207113,"Fertilizers, Machinery, Electronics",Import
Italy,Sweden,11-25,152640,"Vehicles, Machinery, Pharmaceuticals",Import
Japan,Malaysia,08-25,55753,"Gems, Jewelry, Pharmaceuticals",Export
Brazil,Canada,03-25,259159,"Crude Oil, Electronics, Gold",Import
Austria,Canada,11-25,408887,"Fertilizers, Machinery, Electronics",Import
South Korea,Germany,10-25,37865,"Natural Gas, Electronics, Machinery",Import
United States,France,02-25,115913,"Semiconductors, Electronics, Machinery",Export
Thailand,Saudi Arabia,08-25,194394,"Electronics, Machinery, Vehicles",Export
Belgium,United Kingdom,12-25,9976,"Textiles, Footwear, Machinery",Export
United Kingdom,South Africa,07-25,143260,"Pharmaceuticals, Chemicals, Machinery",Export
Italy,Russia,07-25,281138,"Natural Gas, Electronics, Machinery",Export
France,Indonesia,04-25,431334,"Aircraft, Machinery, Pharmaceuticals",Export
Mexico,Turkey,08-25,392000,"Pharmaceuticals, Chemicals, Machinery",Export
Indonesia,Belgium,03-25,126747,"Machinery, Electronics, Vehicles",Import
United Kingdom,Australia,04-25,348205,"Iron Ore, Soybeans, Crude Oil",Export
UAE,United States,03-25,492206,"Electronics Components, Machinery, Fabrics",Import
United States,Mexico,08-25,411487,"Pharmaceuticals, Chemicals, Machinery",Export
Germany,UAE,07-25,11617,"Crude Oil, Electronics, Gold",Import
Germany,United States,01-25,242043,"Vehicles, Machinery, Pharmaceuticals",Import
Vietnam,Germany,02-25,412951,"Pharmaceuticals, Chemicals, Machinery",Export
Italy,Canada,10-25,26992,"Gems, Jewelry, Pharmaceuticals",Export
Denmark,Brazil,07-25,333414,"Aircraft, Machinery, Pharmaceuticals",Export
France,Saudi Arabia,03-25,471220,"Pharmaceuticals, Machinery, Chemicals",Import
Mexico,Poland,05-25,434240,"Gems, Jewelry, Pharmaceuticals",Export
Turkey,Switzerland,02-25,246197,"Electronics Components, Machinery, Fabrics",Import
UAE,Belgium,10-25,149927,"Machinery, Electronics, Vehicles",Import
Vietnam,Indonesia,02-25,26015,"Vehicles, Machinery, Pharmaceuticals",Import
Denmark,South Korea,07-25,307391,"Aircraft, Machinery, Pharmaceuticals",Export
Denmark,Sweden,06-25,171339,"Pharmaceuticals, Machinery, Chemicals",Import
China,Switzerland,01-25,65489,"Machinery, Electronics, Vehicles",Import
Netherlands,Brazil,11-25,251743,"Vehicles, Machinery, Pharmaceuticals",Import
Spain,United States,03-25,35873,"Pharmaceuticals, Machinery, Chemicals",Import
Indonesia,Turkey,09-25,407168,"Textiles, Footwear, Machinery",Export
Singapore,Mexico,09-25,465636,"Natural Gas, Electronics, Machinery",Export
Netherlands,Switzerland,11-25,445591,"Crude Oil, Electronics, Gold",Import
Poland,United Kingdom,04-25,356529,"Pharmaceuticals, Chemicals, Machinery",Export
South Korea,Saudi Arabia,12-25,30864,"Iron Ore, Soybeans, Crude Oil",Export
Brazil,India,08-25,433361,"Fertilizers, Machinery, Electronics",Import
UAE,Vietnam,07-25,67498,"Iron Ore, Soybeans, Crude Oil",Export
Netherlands,Indonesia,11-25,360770,"Vehicles, Machinery, Chemicals",Export
India,Germany,03-25,454345,"Electronics Components, Machinery, Fabrics",Import
Thailand,South Korea,03-25,463366,"Vehicles, Machinery, Pharmaceuticals",Import
Malaysia,Mexico,06-25,489981,"Vehicles, Machinery, Chemicals",Export
Norway,China,11-25,144156,"Crude Oil, Electronics, Gold",Import
United States,Saudi Arabia,12-25,477103,"Agricultural Products, Machinery, Chemicals",Export
Canada,Turkey,02-25,487797,"Iron Ore, Soybeans, Crude Oil",Export
Canada,Japan,01-25,364764,"Pharmaceuticals, Chemicals, Machinery",Export
Mexico,Indonesia,05-25,136774,"Semiconductors, Electronics, Machinery",Export
Mexico,United Kingdom,12-25,76399,"Natural Gas, Electronics, Machinery",Export
Netherlands,Switzerland,05-25,94308,"Fertilizers, Machinery, Electronics",Import
Saudi Arabia,France,07-25,380147,"Natural Gas, Electronics, Machinery",Export
France,South Korea,06-25,310679,"Pharmaceuticals, Machinery, Chemicals",Import
Vietnam,Singapore,09-25,485478,"Electronics Components, Machinery, Fabrics",Import
Austria,South Africa,10-25,498749,"Electronics Components, Machinery, Fabrics",Import
Turkey,Netherlands,12-25,317949,"Semiconductors, Electronics, Machinery",Export
France,Australia,08-25,145865,"Aircraft, Machinery, Pharmaceuticals",Export
Turkey,Poland,09-25,149609,"Fertilizers, Machinery, Electronics",Import
Switzerland,UAE,08-25,14176,"Iron Ore, Soybeans, Crude Oil",Export
Poland,Norway,04-25,469295,"Gems, Jewelry, Pharmaceuticals",Export
Japan,Turkey,03-25,208287,"Vehicles, Machinery, Pharmaceuticals",Import
France,Turkey,10-25,446546,"Textiles, Footwear, Machinery",Export
Japan,France,12-25,19647,"Pharmaceuticals, Chemicals, Machinery",Export
Austria,Germany,04-25,258688,"Crude Oil, Electronics, Gold",Import
Netherlands,Mexico,10-25,63708,"Iron Ore, Soybeans, Crude Oil",Export
Saudi Arabia,Malaysia,03-25,202191,"Natural Gas, Electronics, Machinery",Import
India,China,12-25,439905,"Agricultural Products, Machinery, Chemicals",Export
Canada,Saudi Arabia,08-25,124539,"Textiles, Footwear, Machinery",Export
China,Singapore,12-25,416806,"Fertilizers, Machinery, Electronics",Import
China,United States,11-25,479532,"Textiles, Footwear, Machinery",Export
UAE,Indonesia,03-25,222211,"Electronics, Machinery, Chemicals",Import
Japan,Poland,11-25,374338,"Electronics Components, Machinery, Fabrics",Import
Thailand,Sweden,07-25,247603,"Machinery, Electronics, Vehicles",Import
Italy,Singapore,01-25,234928,"Semiconductors, Electronics, Machinery",Export
United States,South Africa,05-25,16939,"Textiles, Footwear, Machinery",Export
Saudi Arabia,Japan,08-25,282414,"Agricultural Products, Machinery, Chemicals",Export
Sweden,Australia,05-25,387176,"Electronics, Machinery, Chemicals",Import
Brazil,UAE,01-25,412548,"Iron Ore, Soybeans, Crude Oil",Export
Spain,Japan,03-25,429915,"Electronics, Machinery, Chemicals",Import
Canada,Italy,11-25,47298,"Agricultural Products, Machinery, Chemicals",Export
Turkey,Netherlands,01-25,483375,"Natural Gas, Electronics, Machinery",Import
Thailand,Vietnam,05-25,99542,"Aircraft, Machinery, Pharmaceuticals",Export
United States,UAE,07-25,391597,"Semiconductors, Electronics, Machinery",Export
Turkey,Malaysia,09-25,123403,"Vehicles, Machinery, Pharmaceuticals",Import
Malaysia,United States,08-25,75617,"Agricultural Products, Machinery, Chemicals",Export
Sweden,South Korea,02-25,489423,"Electronics, Machinery, Vehicles",Export
China,Malaysia,07-25,184517,"Vehicles, Machinery, Chemicals",Export
Vietnam,Poland,07-25,178950,"Vehicles, Machinery, Chemicals",Export
Turkey,United Kingdom,06-25,378534,"Semiconductors, Electronics, Machinery",Export
Japan,Switzerland,11-25,311922,"Electronics, Machinery, Vehicles",Export
Singapore,Germany,04-25,188196,"Gems, Jewelry, Pharmaceuticals",Export
Brazil,Malaysia,06-25,487057,"Agricultural Products, Machinery, Chemicals",Export
India,Canada,08-25,58126,"Textiles, Footwear, Machinery",Export
United Kingdom,Sweden,05-25,245703,"Gems, Jewelry, Pharmaceuticals",Export
Mexico,Belgium,06-25,299593,"Electronics Components, Machinery, Fabrics",Import
United Kingdom,UAE,12-25,213933,"Machinery, Electronics, Vehicles",Import
Italy,Norway,06-25,342471,"Pharmaceuticals, Machinery, Chemicals",Import
UAE,China,10-25,438161,"Iron Ore, Soybeans, Crude Oil",Export
Australia,Thailand,10-25,106287,"Electronics Components, Machinery, Fabrics",Import
Italy,Indonesia,11-25,431502,"Iron Ore, Soybeans, Crude Oil",Export
United States,UAE,04-25,342346,"Electronics, Machinery, Vehicles",Export
Indonesia,Netherlands,05-25,25866,"Fertilizers, Machinery, Electronics",Import
Belgium,Saudi Arabia,09-25,95244,"Vehicles, Machinery, Pharmaceuticals",Import
Indonesia,South Africa,04-25,207647,"Semiconductors, Electronics, Machinery",Export
Poland,UAE,08-25,318761,"Crude Oil, Electronics, Gold",Import
United Kingdom,Switzerland,04-25,375183,"Natural Gas, Electronics, Machinery",Export
Spain,Netherlands,05-25,339473,"Natural Gas, Electronics, Machinery",Import
Canada,Russia,05-25,270229,"Gems, Jewelry, Pharmaceuticals",Export
Sweden,Canada,09-25,80152,"Iron Ore, Soybeans, Crude Oil",Export
Thailand,India,04-25,288066,"Natural Gas, Electronics, Machinery",Export
Belgium,Brazil,01-25,23266,"Semiconductors, Electronics, Machinery",Export
China,Germany,10-25,454452,"Electronics, Machinery, Chemicals",Import
Australia,Saudi Arabia,06-25,244242,"Electronics Components, Machinery, Fabrics",Import
Denmark,Spain,10-25,227106,"Semiconductors, Electronics, Machinery",Export
Malaysia,Spain,11-25,180591,"Semiconductors, Electronics, Machinery",Export
Austria,Italy,12-25,410850,"Gems, Jewelry, Pharmaceuticals",Export
China,Malaysia,08-25,3712,"Pharmaceuticals, Machinery, Chemicals",Import
Belgium,Malaysia,08-25,431989,"Electronics Components, Machinery, Fabrics",Import
Singapore,Germany,04-25,394338,"Vehicles, Machinery, Pharmaceuticals",Import
China,Vietnam,11-25,171444,"Pharmaceuticals, Chemicals, Machinery",Export
Spain,United States,04-25,147492,"Pharmaceuticals, Chemicals, Machinery",Export
Malaysia,UAE,08-25,423849,"Pharmaceuticals, Machinery, Chemicals",Import
Australia,Switzerland,10-25,454742,"Agricultural Products, Machinery, Chemicals",Export
Thailand,Singapore,07-25,495426,"Crude Oil, Electronics, Gold",Import
Canada,South Africa,04-25,127067,"Vehicles, Machinery, Chemicals",Export
Sweden,South Africa,03-25,342417,"Aircraft, Machinery, Pharmaceuticals",Export
Thailand,Switzerland,05-25,325494,"Electronics, Machinery, Vehicles",Export
Belgium,Germany,04-25,73088,"Fertilizers, Machinery, Electronics",Import
United Kingdom,South Korea,12-25,66441,"Fertilizers, Machinery, Electronics",Import
Thailand,Belgium,02-25,242334,"Pharmaceuticals, Machinery, Chemicals",Import
Belgium,Canada,01-25,432286,"Crude Oil, Electronics, Gold",Import
Malaysia,Italy,08-25,202791,"Machinery, Electronics, Vehicles",Import
Mexico,Malaysia,08-25,306069,"Semiconductors, Electronics, Machinery",Export
China,Australia,11-25,254830,"Semiconductors, Electronics, Machinery",Export
United States,Saudi Arabia,04-25,251895,"Machinery, Electronics, Vehicles",Import
France,Spain,02-25,314498,"Fertilizers, Machinery, Electronics",Import
Netherlands,Saudi Arabia,12-25,32032,"Electronics, Machinery, Vehicles",Export
Germany,UAE,10-25,42666,"Electronics Components, Machinery, Fabrics",Import
United States,China,02-25,398339,"Fertilizers, Machinery, Electronics",Import
Belgium,China,10-25,343116,"Vehicles, Machinery, Pharmaceuticals",Import
South Korea,Poland,11-25,117880,"Vehicles, Machinery, Chemicals",Export
Netherlands,Saudi Arabia,11-25,237241,"Machinery, Electronics, Vehicles",Import
Spain,Vietnam,06-25,72010,"Agricultural Products, Machinery, Chemicals",Export
Vietnam,United Kingdom,06-25,187630,"Electronics, Machinery, Vehicles",Export
Denmark,Italy,04-25,19971,"Pharmaceuticals, Machinery, Chemicals",Import
Australia,South Korea,05-25,159090,"Gems, Jewelry, Pharmaceuticals",Export
France,Italy,01-25,81286,"Natural Gas, Electronics, Machinery",Export
Italy,United Kingdom,04-25,330435,"Agricultural Products, Machinery, Chemicals",Export
Saudi Arabia,China,10-25,152963,"Vehicles, Machinery, Pharmaceuticals",Import
Spain,United States,11-25,208009,"Natural Gas, Electronics, Machinery",Export
Germany,Thailand,08-25,292694,"Electronics, Machinery, Vehicles",Export
Indonesia,Thailand,08-25,175565,"Semiconductors, Electronics, Machinery",Export
South Korea,South Africa,10-25,212757,"Pharmaceuticals, Chemicals, Machinery",Export
Belgium,Sweden,08-25,180554,"Crude Oil, Electronics, Gold",Import
Netherlands,Belgium,02-25,447499,"Electronics, Machinery, Chemicals",Import
Germany,Turkey,02-25,10746,"Iron Ore, Soybeans, Crude Oil",Export
Netherlands,Thailand,08-25,321521,"Vehicles, Machinery, Pharmaceuticals",Import
Poland,Vietnam,02-25,47731,"Pharmaceuticals, Machinery, Chemicals",Import
Singapore,Indonesia,06-25,280404,"Pharmaceuticals, Machinery, Chemicals",Import
France,Australia,08-25,388284,"Agricultural Products, Machinery, Chemicals",Export
Switzerland,South Africa,07-25,456063,"Pharmaceuticals, Machinery, Chemicals",Import
Saudi Arabia,Japan,03-25,281920,"Fertilizers, Machinery, Electronics",Import
Indonesia,Sweden,10-25,333270,"Crude Oil, Electronics, Gold",Import
Sweden,Netherlands,03-25,120371,"Crude Oil, Electronics, Gold",Import
Saudi Arabia,Spain,06-25,147720,"Electronics, Machinery, Chemicals",Import
Thailand,South Korea,03-25,264036,"Pharmaceuticals, Machinery, Chemicals",Import
Malaysia,Thailand,10-25,499415,"Electronics Components, Machinery, Fabrics",Import
Indonesia,Poland,02-25,447078,"Electronics, Machinery, Vehicles",Export
UAE,Mexico,04-25,142122,"Semiconductors, Electronics, Machinery",Export
India,Singapore,06-25,460644,"Electronics, Machinery, Vehicles",Export
Singapore,Malaysia,06-25,425528,"Machinery, Electronics, Vehicles",Import
Poland,Russia,06-25,245400,"Machinery, Electronics, Vehicles",Import
China,France,11-25,329829,"Pharmaceuticals, Chemicals, Machinery",Export
Denmark,Saudi Arabia,04-25,224123,"Crude Oil, Electronics, Gold",Import
Turkey,India,06-25,139980,"Crude Oil, Electronics, Gold",Import
Singapore,United Kingdom,01-25,275740,"Electronics, Machinery, Chemicals",Import
Norway,Indonesia,01-25,363612,"Crude Oil, Electronics, Gold",Import
United Kingdom,Malaysia,03-25,30784,"Iron Ore, Soybeans, Crude Oil",Export
Turkey,Thailand,12-25,59472,"Textiles, Footwear, Machinery",Export
Germany,Malaysia,12-25,169724,"Electronics Components, Machinery, Fabrics",Import
Japan,Saudi Arabia,07-25,425138,"Pharmaceuticals, Machinery, Chemicals",Import
Malaysia,Switzerland,01-25,157342,"Pharmaceuticals, Machinery, Chemicals",Import
Germany,South Korea,08-25,474879,"Fertilizers, Machinery, Electronics",Import
Thailand,Belgium,01-25,220523,"Vehicles, Machinery, Chemicals",Export
China,Canada,08-25,338959,"Fertilizers, Machinery, Electronics",Import
Norway,South Africa,10-25,312034,"Vehicles, Machinery, Chemicals",Export
China,Saudi Arabia,02-25,349608,"Pharmaceuticals, Chemicals, Machinery",Export
Switzerland,Vietnam,11-25,305920,"Electronics, Machinery, Vehicles",Export
Malaysia,Poland,04-25,265400,"Pharmaceuticals, Chemicals, Machinery",Export
India,Poland,08-25,488914,"Iron Ore, Soybeans, Crude Oil",Export
Austria,South Korea,07-25,228617,"Pharmaceuticals, Machinery, Chemicals",Import
Denmark,Sweden,05-25,470578,"Crude Oil, Electronics, Gold",Import
Norway,Switzerland,09-25,1237,"Semiconductors, Electronics, Machinery",Export
Vietnam,South Africa,12-25,483067,"Machinery, Electronics, Vehicles",Import
Singapore,Russia,02-25,245193,"Pharmaceuticals, Machinery, Chemicals",Import
Germany,United States,01-25,30567,"Pharmaceuticals, Chemicals, Machinery",Export
Saudi Arabia,Italy,05-25,235875,"Pharmaceuticals, Machinery, Chemicals",Import
Denmark,Poland,12-25,158327,"Agricultural Products, Machinery, Chemicals",Export
Vietnam,Australia,03-25,27475,"Vehicles, Machinery, Pharmaceuticals",Import
United States,Saudi Arabia,01-25,275505,"Natural Gas, Electronics, Machinery",Export
Australia,Italy,10-25,371643,"Semiconductors, Electronics, Machinery",Export
South Korea,Spain,06-25,354088,"Aircraft, Machinery, Pharmaceuticals",Export
Indonesia,Japan,01-25,197119,"Vehicles, Machinery, Chemicals",Export
Austria,United States,12-25,4253,"Vehicles, Machinery, Pharmaceuticals",Import
Austria,Switzerland,09-25,64434,"Pharmaceuticals, Chemicals, Machinery",Export
Switzerland,Norway,05-25,438397,"Natural Gas, Electronics, Machinery",Import
Austria,United Kingdom,04-25,196944,"Pharmaceuticals, Machinery, Chemicals",Import
South Korea,South Africa,08-25,413931,"Gems, Jewelry, Pharmaceuticals",Export
Italy,Saudi Arabia,11-25,56124,"Electronics Components, Machinery, Fabrics",Import
Denmark,Germany,12-25,468736,"Agricultural Products, Machinery, Chemicals",Export
Switzerland,Malaysia,06-25,477965,"Vehicles, Machinery, Chemicals",Export
United Kingdom,Poland,09-25,166574,"Semiconductors, Electronics, Machinery",Export
France,Belgium,12-25,282748,"Pharmaceuticals, Machinery, Chemicals",Import
Saudi Arabia,South Korea,03-25,97191,"Vehicles, Machinery, Pharmaceuticals",Import
Brazil,UAE,10-25,3245,"Machinery, Electronics, Vehicles",Import
Poland,France,11-25,479842,"Vehicles, Machinery, Chemicals",Export
Canada,Brazil,05-25,179879,"Semiconductors, Electronics, Machinery",Export
France,Thailand,10-25,56966,"Agricultural Products, Machinery, Chemicals",Export
Australia,Turkey,11-25,251178,"Agricultural Products, Machinery, Chemicals",Export
Italy,Japan,05-25,117181,"Vehicles, Machinery, Chemicals",Export
Sweden,Germany,07-25,176714,"Crude Oil, Electronics, Gold",Import
Indonesia,Japan,07-25,219260,"Vehicles, Machinery, Chemicals",Export
UAE,Belgium,10-25,490858,"Electronics, Machinery, Chemicals",Import
Brazil,UAE,09-25,460865,"Pharmaceuticals, Chemicals, Machinery",Export
Australia,Russia,09-25,201716,"Natural Gas, Electronics, Machinery",Import
United States,UAE,12-25,408771,"Vehicles, Machinery, Pharmaceuticals",Import
Belgium,France,12-25,182308,"Fertilizers, Machinery, Electronics",Import
Sweden,Japan,12-25,113073,"Crude Oil, Electronics, Gold",Import
Thailand,Germany,10-25,105127,"Pharmaceuticals, Machinery, Chemicals",Import
Netherlands,Italy,11-25,363576,"Vehicles, Machinery, Chemicals",Export
Malaysia,Spain,02-25,482775,"Electronics Components, Machinery, Fabrics",Import
Thailand,Saudi Arabia,11-25,135749,"Semiconductors, Electronics, Machinery",Export
Italy,Saudi Arabia,06-25,460396,"Pharmaceuticals, Machinery, Chemicals",Import
Spain,UAE,06-25,221678,"Iron Ore, Soybeans, Crude Oil",Export
Norway,Switzerland,10-25,322796,"Electronics, Machinery, Chemicals",Import
Australia,Norway,02-25,34061,"Crude Oil, Electronics, Gold",Import
Spain,Canada,03-25,161474,"Fertilizers, Machinery, Electronics",Import
Germany,United States,12-25,383120,"Vehicles, Machinery, Pharmaceuticals",Import
Vietnam,Sweden,09-25,97702,"Crude Oil, Electronics, Gold",Import
Brazil,Mexico,02-25,189816,"Natural Gas, Electronics, Machinery",Import
Thailand,Russia,06-25,148465,"Iron Ore, Soybeans, Crude Oil",Export
United Kingdom,India,10-25,202017,"Natural Gas, Electronics, Machinery",Export
India,United States,03-25,248827,"Fertilizers, Machinery, Electronics",Import
Spain,China,01-25,462448,"Pharmaceuticals, Chemicals, Machinery",Export
France,United Kingdom,07-25,144345,"Natural Gas, Electronics, Machinery",Export
Japan,Australia,05-25,332645,"Semiconductors, Electronics, Machinery",Export
Belgium,UAE,08-25,439675,"Electronics Components, Machinery, Fabrics",Import
Netherlands,France,11-25,421079,"Electronics, Machinery, Vehicles",Export
Singapore,Russia,12-25,77608,"Vehicles, Machinery, Pharmaceuticals",Import
Austria,Singapore,12-25,277829,"Agricultural Products, Machinery, Chemicals",Export
Austria,Canada,10-25,90272,"Crude Oil, Electronics, Gold",Import
Poland,Turkey,06-25,409101,"Electronics Components, Machinery, Fabrics",Import
Indonesia,United Kingdom,09-25,318642,"Semiconductors, Electronics, Machinery",Export
Italy,United Kingdom,08-25,143163,"Electronics, Machinery, Chemicals",Import
Norway,Canada,11-25,366022,"Iron Ore, Soybeans, Crude Oil",Export
Singapore,Canada,11-25,327201,"Natural Gas, Electronics, Machinery",Import
China,Canada,01-25,484941,"Fertilizers, Machinery, Electronics",Import
Switzerland,Thailand,05-25,212798,"Natural Gas, Electronics, Machinery",Import
Italy,Netherlands,08-25,128359,"Gems, Jewelry, Pharmaceuticals",Export
South Korea,UAE,01-25,254356,"Semiconductors, Electronics, Machinery",Export
Brazil,Poland,05-25,149758,"Electronics, Machinery, Vehicles",Export
Germany,Netherlands,04-25,457234,"Machinery, Electronics, Vehicles",Import
Italy,Germany,03-25,485825,"Aircraft, Machinery, Pharmaceuticals",Export
Austria,Belgium,04-25,223017,"Electronics Components, Machinery, Fabrics",Import
Denmark,South Africa,11-25,289616,"Machinery, Electronics, Vehicles",Import
Thailand,France,05-25,368552,"Electronics, Machinery, Chemicals",Import
Germany,Thailand,01-25,122307,"Machinery, Electronics, Vehicles",Import
South Korea,Germany,02-25,257660,"Electronics, Machinery, Chemicals",Import
Singapore,Sweden,08-25,95756,"Natural Gas, Electronics, Machinery",Export
Brazil,Spain,05-25,384479,"Natural Gas, Electronics, Machinery",Import
Netherlands,Australia,11-25,88581,"Aircraft, Machinery, Pharmaceuticals",Export
Denmark,Mexico,03-25,67546,"Crude Oil, Electronics, Gold",Import
United States,Russia,01-25,474847,"Iron Ore, Soybeans, Crude Oil",Export
Mexico,Germany,12-25,117854,"Iron Ore, Soybeans, Crude Oil",Export
Canada,Brazil,01-25,384209,"Textiles, Footwear, Machinery",Export
China,Italy,09-25,50845,"Machinery, Electronics, Vehicles",Import
Mexico,UAE,02-25,191858,"Fertilizers, Machinery, Electronics",Import
Japan,South Korea,10-25,476765,"Fertilizers, Machinery, Electronics",Import
United Kingdom,Turkey,09-25,478278,"Natural Gas, Electronics, Machinery",Import
India,United States,12-25,388770,"Agricultural Products, Machinery, Chemicals",Export
UAE,Indonesia,03-25,60771,"Electronics, Machinery, Vehicles",Export
Denmark,China,01-25,451039,"Electronics, Machinery, Chemicals",Import
Belgium,South Korea,12-25,321149,"Electronics Components, Machinery, Fabrics",Import
Austria,Poland,11-25,439854,"Agricultural Products, Machinery, Chemicals",Export
South Korea,Italy,06-25,232980,"Fertilizers, Machinery, Electronics",Import
Mexico,France,06-25,215134,"Electronics, Machinery, Chemicals",Import
India,Norway,02-25,431617,"Pharmaceuticals, Machinery, Chemicals",Import
UAE,South Africa,08-25,282376,"Textiles, Footwear, Machinery",Export
France,Russia,03-25,369687,"Pharmaceuticals, Machinery, Chemicals",Import
Singapore,United Kingdom,03-25,104545,"Textiles, Footwear, Machinery",Export
Turkey,India,04-25,240073,"Electronics, Machinery, Chemicals",Import
Denmark,Norway,12-25,366156,"Electronics, Machinery, Vehicles",Export
Malaysia,Australia,12-25,499509,"Gems, Jewelry, Pharmaceuticals",Export
Denmark,South Korea,09-25,489293,"Electronics, Machinery, Vehicles",Export
Brazil,South Korea,09-25,76123,"Vehicles, Machinery, Chemicals",Export
Indonesia,Japan,08-25,26373,"Iron Ore, Soybeans, Crude Oil",Export
Saudi Arabia,South Korea,01-25,78329,"Machinery, Electronics, Vehicles",Import
Austria,Italy,06-25,153879,"Machinery, Electronics, Vehicles",Import
Australia,Poland,01-25,304313,"Vehicles, Machinery, Pharmaceuticals",Import
Norway,Russia,05-25,200759,"Electronics, Machinery, Chemicals",Import
Spain,Japan,07-25,263715,"Gems, Jewelry, Pharmaceuticals",Export
Australia,China,08-25,491503,"Fertilizers, Machinery, Electronics",Import
Singapore,Mexico,05-25,270102,"Agricultural Products, Machinery, Chemicals",Export
Germany,China,04-25,438099,"Electronics, Machinery, Vehicles",Export
Germany,Malaysia,03-25,385651,"Pharmaceuticals, Chemicals, Machinery",Export
Denmark,Indonesia,10-25,232307,"Iron Ore, Soybeans, Crude Oil",Export
UAE,Brazil,06-25,258907,"Machinery, Electronics, Vehicles",Import
Poland,Indonesia,10-25,50935,"Electronics Components, Machinery, Fabrics",Import
South Korea,Saudi Arabia,03-25,476166,"Pharmaceuticals, Machinery, Chemicals",Import
Japan,India,08-25,113750,"Iron Ore, Soybeans, Crude Oil",Export
South Korea,China,04-25,316944,"Textiles, Footwear, Machinery",Export
Mexico,United Kingdom,02-25,4122,"Electronics Components, Machinery, Fabrics",Import
Austria,Sweden,12-25,301187,"Vehicles, Machinery, Chemicals",Export
Mexico,Turkey,11-25,405269,"Fertilizers, Machinery, Electronics",Import
Denmark,Netherlands,04-25,99684,"Pharmaceuticals, Chemicals, Machinery",Export
Indonesia,Malaysia,01-25,107351,"Vehicles, Machinery, Pharmaceuticals",Import
Netherlands,UAE,07-25,309817,"Machinery, Electronics, Vehicles",Import
Saudi Arabia,Mexico,02-25,271025,"Electronics, Machinery, Chemicals",Import
Netherlands,Russia,05-25,21830,"Electronics, Machinery, Chemicals",Import
Singapore,Saudi Arabia,08-25,490288,"Iron Ore, Soybeans, Crude Oil",Export
Sweden,Russia,06-25,364907,"Vehicles, Machinery, Pharmaceuticals",Import
Saudi Arabia,Belgium,11-25,78627,"Pharmaceuticals, Chemicals, Machinery",Export
United Kingdom,Mexico,11-25,43775,"Natural Gas, Electronics, Machinery",Export
Saudi Arabia,Switzerland,03-25,115172,"Electronics, Machinery, Vehicles",Export
Canada,United States,03-25,365217,"Electronics, Machinery, Chemicals",Import
Netherlands,Germany,04-25,325526,"Gems, Jewelry, Pharmaceuticals",Export
Turkey,Belgium,03-25,114571,"Pharmaceuticals, Machinery, Chemicals",Import
Malaysia,France,02-25,476449,"Pharmaceuticals, Chemicals, Machinery",Export
Norway,Belgium,12-25,419137,"Pharmaceuticals, Chemicals, Machinery",Export
Netherlands,Italy,11-25,77460,"Vehicles, Machinery, Chemicals",Export
Italy,South Korea,01-25,175101,"Crude Oil, Electronics, Gold",Import
China,Italy,11-25,235438,"Natural Gas, Electronics, Machinery",Import
Norway,UAE,07-25,30027,"Natural Gas, Electronics, Machinery",Import
United States,Indonesia,10-25,364860,"Vehicles, Machinery, Pharmaceuticals",Import
Denmark,China,06-25,41374,"Textiles, Footwear, Machinery",Export
United States,Japan,04-25,326863,"Electronics, Machinery, Vehicles",Export
China,South Africa,12-25,77895,"Vehicles, Machinery, Chemicals",Export
UAE,Thailand,08-25,480787,"Iron Ore, Soybeans, Crude Oil",Export
Malaysia,Netherlands,01-25,253718,"Natural Gas, Electronics, Machinery",Export
Turkey,Poland,03-25,422363,"Vehicles, Machinery, Chemicals",Export
China,Australia,06-25,334624,"Pharmaceuticals, Chemicals, Machinery",Export
Mexico,Poland,02-25,326512,"Gems, Jewelry, Pharmaceuticals",Export
Singapore,China,01-25,141090,"Electronics Components, Machinery, Fabrics",Import
Canada,Malaysia,11-25,478122,"Textiles, Footwear, Machinery",Export
Sweden,United Kingdom,02-25,439415,"Gems, Jewelry, Pharmaceuticals",Export
Belgium,India,10-25,226413,"Pharmaceuticals, Chemicals, Machinery",Export
Indonesia,Russia,10-25,32823,"Natural Gas, Electronics, Machinery",Import
Thailand,Japan,12-25,410772,"Gems, Jewelry, Pharmaceuticals",Export
United Kingdom,Belgium,10-25,61293,"Pharmaceuticals, Chemicals, Machinery",Export
Japan,Malaysia,10-25,455071,"Vehicles, Machinery, Pharmaceuticals",Import
South Korea,Canada,02-25,7221,"Electronics Components, Machinery, Fabrics",Import
Germany,Australia,02-25,2014,"Iron Ore, Soybeans, Crude Oil",Export
Sweden,Switzerland,07-25,104647,"Pharmaceuticals, Chemicals, Machinery",Export
Canada,Mexico,06-25,101034,"Vehicles, Machinery, Pharmaceuticals",Import
Switzerland,Italy,04-25,193456,"Natural Gas, Electronics, Machinery",Import
Mexico,UAE,11-25,324363,"Natural Gas, Electronics, Machinery",Import
Norway,China,04-25,422714,"Machinery, Electronics, Vehicles",Import
Switzerland,Turkey,11-25,173955,"Textiles, Footwear, Machinery",Export
Switzerland,Canada,10-25,176582,"Electronics, Machinery, Vehicles",Export
Vietnam,Australia,10-25,178145,"Textiles, Footwear, Machinery",Export
Japan,Malaysia,04-25,32434,"Electronics Components, Machinery, Fabrics",Import
United States,Japan,01-25,73623,"Vehicles, Machinery, Pharmaceuticals",Import
United Kingdom,Russia,12-25,338627,"Pharmaceuticals, Machinery, Chemicals",Import
Norway,Sweden,08-25,471390,"Fertilizers, Machinery, Electronics",Import
Brazil,Thailand,05-25,363003,"Electronics Components, Machinery, Fabrics",Import
Spain,South Korea,01-25,52419,"Semiconductors, Electronics, Machinery",Export
Malaysia,Singapore,10-25,178859,"Electronics Components, Machinery, Fabrics",Import
Sweden,Singapore,03-25,463488,"Semiconductors, Electronics, Machinery",Export
Turkey,United States,07-25,234315,"Gems, Jewelry, Pharmaceuticals",Export
UAE,Brazil,07-25,193447,"Electronics, Machinery, Chemicals",Import
United Kingdom,Norway,08-25,19935,"Natural Gas, Electronics, Machinery",Import
Netherlands,Poland,08-25,466558,"Iron Ore, Soybeans, Crude Oil",Export
United States,Switzerland,03-25,298870,"Natural Gas, Electronics, Machinery",Export
Indonesia,Singapore,10-25,353200,"Vehicles, Machinery, Pharmaceuticals",Import
Belgium,Brazil,08-25,480478,"Pharmaceuticals, Chemicals, Machinery",Export
Malaysia,Russia,07-25,281925,"Crude Oil, Electronics, Gold",Import
UAE,France,02-25,223686,"Pharmaceuticals, Machinery, Chemicals",Import
Indonesia,Poland,02-25,360724,"Machinery, Electronics, Vehicles",Import
South Korea,Netherlands,06-25,130076,"Iron Ore, Soybeans, Crude Oil",Export
UAE,Mexico,06-25,137782,"Pharmaceuticals, Machinery, Chemicals",Import
Malaysia,Russia,08-25,431729,"Textiles, Footwear, Machinery",Export
Spain,United States,12-25,372247,"Fertilizers, Machinery, Electronics",Import
Singapore,Italy,08-25,353550,"Natural Gas, Electronics, Machinery",Export
Norway,China,11-25,78627,"Semiconductors, Electronics, Machinery",Export
Vietnam,Japan,10-25,211713,"Machinery, Electronics, Vehicles",Import
Japan,Norway,01-25,449393,"Natural Gas, Electronics, Machinery",Import
Turkey,Norway,02-25,218939,"Aircraft, Machinery, Pharmaceuticals",Export
Turkey,Thailand,10-25,393671,"Natural Gas, Electronics, Machinery",Import
Thailand,Netherlands,03-25,96900,"Pharmaceuticals, Machinery, Chemicals",Import
Germany,Australia,12-25,156436,"Pharmaceuticals, Chemicals, Machinery",Export
Poland,Netherlands,10-25,200694,"Machinery, Electronics, Vehicles",Import
Spain,Saudi Arabia,01-25,437068,"Pharmaceuticals, Chemicals, Machinery",Export
Austria,Singapore,05-25,416957,"Fertilizers, Machinery, Electronics",Import
Sweden,Japan,11-25,331586,"Agricultural Products, Machinery, Chemicals",Export
Sweden,Spain,09-25,107194,"Aircraft, Machinery, Pharmaceuticals",Export
Austria,Vietnam,05-25,476586,"Pharmaceuticals, Chemicals, Machinery",Export
Mexico,France,01-25,311774,"Electronics, Machinery, Chemicals",Import
Italy,Netherlands,12-25,272549,"Textiles, Footwear, Machinery",Export
Malaysia,Mexico,06-25,161244,"Electronics, Machinery, Chemicals",Import
Saudi Arabia,Canada,12-25,373038,"Iron Ore, Soybeans, Crude Oil",Export
Indonesia,Thailand,09-25,365561,"Electronics Components, Machinery, Fabrics",Import
China,Italy,05-25,493132,"Natural Gas, Electronics, Machinery",Import
Germany,Turkey,06-25,410835,"Natural Gas, Electronics, Machinery",Export
Saudi Arabia,Singapore,05-25,280281,"Textiles, Footwear, Machinery",Export
Denmark,Singapore,04-25,172935,"Natural Gas, Electronics, Machinery",Import
South Korea,Thailand,05-25,279329,"Vehicles, Machinery, Pharmaceuticals",Import
Vietnam,Turkey,09-25,165904,"Pharmaceuticals, Chemicals, Machinery",Export
Canada,Turkey,11-25,19369,"Agricultural Products, Machinery, Chemicals",Export
United Kingdom,Norway,09-25,267943,"Agricultural Products, Machinery, Chemicals",Export
UAE,Brazil,03-25,356372,"Natural Gas, Electronics, Machinery",Export
Mexico,Indonesia,02-25,179479,"Fertilizers, Machinery, Electronics",Import
Germany,Sweden,06-25,229573,"Crude Oil, Electronics, Gold",Import
Brazil,South Africa,06-25,129013,"Crude Oil, Electronics, Gold",Import
Indonesia,Malaysia,02-25,315016,"Vehicles, Machinery, Pharmaceuticals",Import
Vietnam,Norway,12-25,215007,"Natural Gas, Electronics, Machinery",Import
India,United Kingdom,05-25,301648,"Electronics, Machinery, Vehicles",Export
Sweden,Poland,09-25,306175,"Electronics Components, Machinery, Fabrics",Import
Spain,Turkey,04-25,313356,"Electronics, Machinery, Chemicals",Import
Sweden,UAE,12-25,153776,"Crude Oil, Electronics, Gold",Import
India,Netherlands,09-25,443964,"Electronics Components, Machinery, Fabrics",Import
Switzerland,India,05-25,209639,"Vehicles, Machinery, Chemicals",Export
Malaysia,Japan,12-25,356062,"Natural Gas, Electronics, Machinery",Import
France,Australia,01-25,396548,"Electronics Components, Machinery, Fabrics",Import
Japan,Saudi Arabia,08-25,239242,"Machinery, Electronics, Vehicles",Import
Denmark,Germany,11-25,417785,"Electronics, Machinery, Chemicals",Import
Japan,South Korea,07-25,414207,"Fertilizers, Machinery, Electronics",Import
Singapore,Canada,05-25,409578,"Natural Gas, Electronics, Machinery",Import
Italy,Spain,06-25,250593,"Crude Oil, Electronics, Gold",Import
Poland,France,03-25,270294,"Semiconductors, Electronics, Machinery",Export
Indonesia,China,08-25,333735,"Electronics, Machinery, Chemicals",Import
Austria,China,01-25,224623,"Natural Gas, Electronics, Machinery",Import
United States,Germany,06-25,183097,"Fertilizers, Machinery, Electronics",Import
Turkey,Norway,03-25,287919,"Gems, Jewelry, Pharmaceuticals",Export
China,South Korea,07-25,237338,"Crude Oil, Electronics, Gold",Import
Vietnam,UAE,06-25,78775,"Electronics, Machinery, Vehicles",Export
UAE,Singapore,02-25,44224,"Crude Oil, Electronics, Gold",Import
South Korea,Thailand,09-25,347049,"Pharmaceuticals, Machinery, Chemicals",Import
Poland,Germany,05-25,113433,"Pharmaceuticals, Chemicals, Machinery",Export
Turkey,Germany,02-25,435175,"Electronics Components, Machinery, Fabrics",Import
Thailand,South Africa,12-25,302581,"Crude Oil, Electronics, Gold",Import
Canada,France,06-25,238528,"Crude Oil, Electronics, Gold",Import
Denmark,Indonesia,10-25,424682,"Pharmaceuticals, Chemicals, Machinery",Export
Singapore,Norway,07-25,348852,"Pharmaceuticals, Machinery, Chemicals",Import
Spain,Sweden,10-25,77617,"Electronics Components, Machinery, Fabrics",Import
Germany,Turkey,06-25,455009,"Machinery, Electronics, Vehicles",Import
Norway,Mexico,04-25,137519,"Natural Gas, Electronics, Machinery",Import
Austria,Canada,07-25,470513,"Pharmaceuticals, Machinery, Chemicals",Import
South Korea,Germany,12-25,439014,"Gems, Jewelry, Pharmaceuticals",Export
Australia,Vietnam,07-25,262396,"Vehicles, Machinery, Pharmaceuticals",Import
United States,Norway,01-25,376610,"Vehicles, Machinery, Pharmaceuticals",Import
China,Australia,04-25,139211,"Iron Ore, Soybeans, Crude Oil",Export
Sweden,Belgium,06-25,441749,"Agricultural Products, Machinery, Chemicals",Export
Austria,France,05-25,342755,"Agricultural Products, Machinery, Chemicals",Export
Switzerland,Mexico,07-25,55132,"Crude Oil, Electronics, Gold",Import
Mexico,Singapore,05-25,454917,"Gems, Jewelry, Pharmaceuticals",Export
Mexico,Norway,11-25,52074,"Machinery, Electronics, Vehicles",Import
Indonesia,Australia,05-25,293235,"Pharmaceuticals, Machinery, Chemicals",Import
Singapore,France,11-25,230639,"Crude Oil, Electronics, Gold",Import
Indonesia,UAE,10-25,442466,"Pharmaceuticals, Chemicals, Machinery",Export
Indonesia,Thailand,12-25,341143,"Pharmaceuticals, Machinery, Chemicals",Import
France,United Kingdom,11-25,118295,"Natural Gas, Electronics, Machinery",Export
Canada,Brazil,07-25,452728,"Electronics, Machinery, Chemicals",Import
Japan,Spain,11-25,68544,"Natural Gas, Electronics, Machinery",Export
Canada,Australia,10-25,392487,"Machinery, Electronics, Vehicles",Import
Turkey,Brazil,09-25,48462,"Aircraft, Machinery, Pharmaceuticals",Export
China,Vietnam,09-25,40426,"Pharmaceuticals, Machinery, Chemicals",Import
Netherlands,Saudi Arabia,09-25,284434,"Electronics, Machinery, Vehicles",Export
Singapore,Saudi Arabia,01-25,122568,"Pharmaceuticals, Machinery, Chemicals",Import
Indonesia,Vietnam,09-25,278198,"Textiles, Footwear, Machinery",Export
Indonesia,South Korea,09-25,419829,"Iron Ore, Soybeans, Crude Oil",Export
Netherlands,South Korea,12-25,279186,"Machinery, Electronics, Vehicles",Import
Thailand,Mexico,08-25,213754,"Semiconductors, Electronics, Machinery",Export
United States,Indonesia,07-25,104287,"Agricultural Products, Machinery, Chemicals",Export
Brazil,Mexico,04-25,261909,"Natural Gas, Electronics, Machinery",Import
United Kingdom,Italy,08-25,276064,"Machinery, Electronics, Vehicles",Import
Mexico,Thailand,02-25,256625,"Textiles, Footwear, Machinery",Export
Indonesia,Canada,07-25,455236,"Vehicles, Machinery, Chemicals",Export
Brazil,Australia,10-25,48365,"Vehicles, Machinery, Chemicals",Export
South Korea,Russia,11-25,336358,"Natural Gas, Electronics, Machinery",Import
Norway,Saudi Arabia,01-25,91536,"Fertilizers, Machinery, Electronics",Import
Denmark,United States,12-25,308642,"Crude Oil, Electronics, Gold",Import
United Kingdom,Mexico,06-25,274618,"Gems, Jewelry, Pharmaceuticals",Export
Canada,Poland,05-25,117852,"Vehicles, Machinery, Pharmaceuticals",Import
Austria,Malaysia,06-25,464790,"Agricultural Products, Machinery, Chemicals",Export
Netherlands,Spain,08-25,131558,"Machinery, Electronics, Vehicles",Import
Turkey,Japan,03-25,449873,"Pharmaceuticals, Chemicals, Machinery",Export
Japan,Turkey,05-25,422252,"Crude Oil, Electronics, Gold",Import
Japan,Singapore,02-25,395232,"Aircraft, Machinery, Pharmaceuticals",Export
UAE,China,04-25,232505,"Pharmaceuticals, Chemicals, Machinery",Export
UAE,Germany,08-25,114199,"Electronics, Machinery, Chemicals",Import
Singapore,Mexico,02-25,15888,"Natural Gas, Electronics, Machinery",Export
Austria,Australia,07-25,428668,"Crude Oil, Electronics, Gold",Import
Poland,France,07-25,298560,"Natural Gas, Electronics, Machinery",Export
United States,Indonesia,04-25,6451,"Natural Gas, Electronics, Machinery",Export
UAE,Vietnam,02-25,443039,"Vehicles, Machinery, Pharmaceuticals",Import
Norway,Turkey,01-25,449276,"Crude Oil, Electronics, Gold",Import
United States,Sweden,11-25,405347,"Agricultural Products, Machinery, Chemicals",Export
Japan,Poland,08-25,164572,"Electronics, Machinery, Vehicles",Export
United Kingdom,Switzerland,08-25,124367,"Iron Ore, Soybeans, Crude Oil",Export
Sweden,South Africa,02-25,436390,"Natural Gas, Electronics, Machinery",Import
India,South Korea,06-25,148233,"Textiles, Footwear, Machinery",Export
Brazil,South Korea,05-25,459191,"Electronics, Machinery, Chemicals",Import
South Korea,United States,09-25,440306,"Gems, Jewelry, Pharmaceuticals",Export
Italy,Germany,08-25,94409,"Natural Gas, Electronics, Machinery",Export
China,Mexico,12-25,368751,"Electronics, Machinery, Chemicals",Import
Belgium,Singapore,08-25,248427,"Electronics Components, Machinery, Fabrics",Import
Sweden,Brazil,07-25,66630,"Semiconductors, Electronics, Machinery",Export
India,Singapore,09-25,393818,"Pharmaceuticals, Machinery, Chemicals",Import
Indonesia,United Kingdom,09-25,250882,"Natural Gas, Electronics, Machinery",Export
United States,China,05-25,9636,"Machinery, Electronics, Vehicles",Import
Turkey,Poland,07-25,63713,"Electronics Components, Machinery, Fabrics",Import
Denmark,Poland,12-25,407168,"Gems, Jewelry, Pharmaceuticals",Export
Sweden,Thailand,12-25,288934,"Pharmaceuticals, Chemicals, Machinery",Export
India,Norway,03-25,193851,"Aircraft, Machinery, Pharmaceuticals",Export
United Kingdom,Turkey,05-25,19512,"Natural Gas, Electronics, Machinery",Import
Mexico,Singapore,09-25,302709,"Crude Oil, Electronics, Gold",Import
Indonesia,China,11-25,235375,"Machinery, Electronics, Vehicles",Import
Italy,India,08-25,475872,"Electronics Components, Machinery, Fabrics",Import
Switzerland,Poland,10-25,187539,"Fertilizers, Machinery, Electronics",Import
Canada,Mexico,05-25,10229,"Natural Gas, Electronics, Machinery",Export
Saudi Arabia,Brazil,07-25,60713,"Textiles, Footwear, Machinery",Export
Netherlands,Malaysia,06-25,29783,"Natural Gas, Electronics, Machinery",Export
Australia,Mexico,10-25,71960,"Iron Ore, Soybeans, Crude Oil",Export
Switzerland,Poland,01-25,381830,"Pharmaceuticals, Chemicals, Machinery",Export
Belgium,Turkey,09-25,74576,"Agricultural Products, Machinery, Chemicals",Export
Thailand,France,08-25,22254,"Crude Oil, Electronics, Gold",Import
France,China,02-25,370043,"Semiconductors, Electronics, Machinery",Export
Sweden,Germany,07-25,125484,"Gems, Jewelry, Pharmaceuticals",Export
Malaysia,Poland,02-25,211845,"Pharmaceuticals, Chemicals, Machinery",Export
Italy,Poland,06-25,92694,"Vehicles, Machinery, Pharmaceuticals",Import
Thailand,United States,07-25,179022,"Natural Gas, Electronics, Machinery",Export
Indonesia,Vietnam,01-25,158486,"Electronics, Machinery, Chemicals",Import
China,South Korea,01-25,487482,"Iron Ore, Soybeans, Crude Oil",Export
Germany,Sweden,01-25,179345,"Natural Gas, Electronics, Machinery",Import
Netherlands,South Africa,07-25,281513,"Aircraft, Machinery, Pharmaceuticals",Export
Mexico,Russia,09-25,73597,"Fertilizers, Machinery, Electronics",Import
UAE,Netherlands,02-25,93848,"Vehicles, Machinery, Pharmaceuticals",Import
France,South Africa,11-25,55071,"Pharmaceuticals, Chemicals, Machinery",Export
India,South Korea,12-25,193526,"Electronics, Machinery, Chemicals",Import
Netherlands,France,08-25,29228,"Pharmaceuticals, Machinery, Chemicals",Import
Thailand,India,08-25,406374,"Semiconductors, Electronics, Machinery",Export
Singapore,Poland,11-25,46798,"Aircraft, Machinery, Pharmaceuticals",Export
Mexico,Saudi Arabia,10-25,186544,"Vehicles, Machinery, Chemicals",Export
Switzerland,Sweden,01-25,165942,"Textiles, Footwear, Machinery",Export
Norway,Poland,07-25,316028,"Pharmaceuticals, Chemicals, Machinery",Export
Sweden,Italy,11-25,241963,"Electronics, Machinery, Chemicals",Import
Poland,United Kingdom,02-25,100550,"Electronics Components, Machinery, Fabrics",Import
South Korea,Belgium,04-25,479244,"Electronics Components, Machinery, Fabrics",Import
Canada,South Korea,02-25,442780,"Iron Ore, Soybeans, Crude Oil",Export
Norway,UAE,09-25,480966,"Iron Ore, Soybeans, Crude Oil",Export
China,Vietnam,04-25,239638,"Textiles, Footwear, Machinery",Export
Vietnam,United Kingdom,05-25,288238,"Pharmaceuticals, Chemicals, Machinery",Export
Indonesia,Japan,06-25,203731,"Fertilizers, Machinery, Electronics",Import
Sweden,Thailand,07-25,179711,"Agricultural Products, Machinery, Chemicals",Export
United States,Indonesia,04-25,81132,"Natural Gas, Electronics, Machinery",Import
United States,Indonesia,02-25,12163,"Machinery, Electronics, Vehicles",Import
Vietnam,Russia,05-25,111825,"Machinery, Electronics, Vehicles",Import
Thailand,Switzerland,11-25,301397,"Pharmaceuticals, Machinery, Chemicals",Import
Norway,Russia,06-25,216021,"Gems, Jewelry, Pharmaceuticals",Export
Sweden,India,05-25,473447,"Agricultural Products, Machinery, Chemicals",Export
Canada,Switzerland,09-25,299217,"Electronics, Machinery, Vehicles",Export
China,Belgium,10-25,137746,"Fertilizers, Machinery, Electronics",Import
Poland,Netherlands,04-25,385537,"Fertilizers, Machinery, Electronics",Import
United Kingdom,Mexico,07-25,456649,"Crude Oil, Electronics, Gold",Import
Spain,Netherlands,12-25,125949,"Electronics, Machinery, Vehicles",Export
Canada,China,01-25,420372,"Crude Oil, Electronics, Gold",Import
United Kingdom,Thailand,02-25,383890,"Electronics, Machinery, Chemicals",Import
Germany,France,02-25,407571,"Natural Gas, Electronics, Machinery",Export
Canada,China,06-25,438551,"Natural Gas, Electronics, Machinery",Export
Italy,Indonesia,08-25,11757,"Textiles, Footwear, Machinery",Export
Turkey,Netherlands,03-25,24427,"Textiles, Footwear, Machinery",Export
Netherlands,Norway,04-25,94110,"Machinery, Electronics, Vehicles",Import
Switzerland,Vietnam,08-25,251519,"Textiles, Footwear, Machinery",Export
France,Singapore,07-25,234668,"Machinery, Electronics, Vehicles",Import
Denmark,Indonesia,01-25,284515,"Natural Gas, Electronics, Machinery",Export
Spain,Russia,11-25,210687,"Crude Oil, Electronics, Gold",Import
India,Indonesia,11-25,125057,"Electronics, Machinery, Vehicles",Export
Switzerland,Russia,01-25,338335,"Natural Gas, Electronics, Machinery",Export
UAE,South Korea,04-25,40272,"Iron Ore, Soybeans, Crude Oil",Export
Spain,United States,07-25,339932,"Textiles, Footwear, Machinery",Export
Saudi Arabia,South Korea,09-25,438966,"Vehicles, Machinery, Chemicals",Export
Belgium,France,08-25,149078,"Crude Oil, Electronics, Gold",Import
India,Norway,09-25,6969,"Pharmaceuticals, Chemicals, Machinery",Export
Belgium,Turkey,07-25,18707,"Pharmaceuticals, Chemicals, Machinery",Export
China,Turkey,05-25,483721,"Crude Oil, Electronics, Gold",Import
Japan,Australia,11-25,168338,"Iron Ore, Soybeans, Crude Oil",Export
Spain,Brazil,09-25,353389,"Fertilizers, Machinery, Electronics",Import
France,Switzerland,09-25,455569,"Vehicles, Machinery, Pharmaceuticals",Import
United States,France,01-25,348187,"Iron Ore, Soybeans, Crude Oil",Export
Malaysia,Netherlands,01-25,110550,"Natural Gas, Electronics, Machinery",Export
Belgium,Switzerland,08-25,71974,"Vehicles, Machinery, Chemicals",Export
Australia,Malaysia,05-25,336859,"Crude Oil, Electronics, Gold",Import
Turkey,Singapore,05-25,139704,"Pharmaceuticals, Machinery, Chemicals",Import
Thailand,Malaysia,12-25,199733,"Iron Ore, Soybeans, Crude Oil",Export
China,India,11-25,396069,"Aircraft, Machinery, Pharmaceuticals",Export
Sweden,South Korea,08-25,192670,"Electronics Components, Machinery, Fabrics",Import
China,Brazil,02-25,14388,"Vehicles, Machinery, Chemicals",Export
United States,South Korea,08-25,415660,"Natural Gas, Electronics, Machinery",Export
UAE,Saudi Arabia,08-25,238577,"Electronics Components, Machinery, Fabrics",Import
France,Germany,03-25,291902,"Machinery, Electronics, Vehicles",Import
Japan,China,03-25,260177,"Natural Gas, Electronics, Machinery",Export
Netherlands,Russia,04-25,91397,"Semiconductors, Electronics, Machinery",Export
France,Indonesia,04-25,203472,"Gems, Jewelry, Pharmaceuticals",Export
Sweden,UAE,05-25,263778,"Crude Oil, Electronics, Gold",Import
Italy,China,06-25,63622,"Natural Gas, Electronics, Machinery",Import
Germany,Saudi Arabia,04-25,105902,"Vehicles, Machinery, Pharmaceuticals",Import
Turkey,China,12-25,224333,"Iron Ore, Soybeans, Crude Oil",Export
Denmark,Malaysia,07-25,316697,"Crude Oil, Electronics, Gold",Import
United States,Russia,07-25,338310,"Natural Gas, Electronics, Machinery",Export
Saudi Arabia,Thailand,09-25,319923,"Pharmaceuticals, Chemicals, Machinery",Export
Australia,South Korea,03-25,10963,"Gems, Jewelry, Pharmaceuticals",Export
Switzerland,Brazil,11-25,165148,"Textiles, Footwear, Machinery",Export
UAE,Australia,04-25,206223,"Vehicles, Machinery, Pharmaceuticals",Import
Malaysia,United States,11-25,463554,"Vehicles, Machinery, Chemicals",Export
Japan,Canada,12-25,342655,"Vehicles, Machinery, Pharmaceuticals",Import
Norway,United Kingdom,09-25,166025,"Vehicles, Machinery, Chemicals",Export
Brazil,South Africa,07-25,433036,"Pharmaceuticals, Machinery, Chemicals",Import
Japan,Netherlands,02-25,117618,"Natural Gas, Electronics, Machinery",Import
Canada,Italy,12-25,437108,"Electronics, Machinery, Vehicles",Export
Malaysia,Japan,10-25,13631,"Natural Gas, Electronics, Machinery",Import
Thailand,Norway,03-25,97688,"Natural Gas, Electronics, Machinery",Import
Thailand,South Africa,08-25,158901,"Vehicles, Machinery, Pharmaceuticals",Import
Brazil,Japan,02-25,139873,"Agricultural Products, Machinery, Chemicals",Export
Indonesia,France,02-25,177976,"Electronics, Machinery, Chemicals",Import
United Kingdom,Mexico,02-25,209182,"Pharmaceuticals, Machinery, Chemicals",Import
Netherlands,Saudi Arabia,11-25,416481,"Natural Gas, Electronics, Machinery",Export
Vietnam,Mexico,08-25,434080,"Crude Oil, Electronics, Gold",Import
Denmark,Japan,03-25,267528,"Semiconductors, Electronics, Machinery",Export
Denmark,United States,02-25,409608,"Electronics, Machinery, Vehicles",Export
Australia,Belgium,02-25,174114,"Semiconductors, Electronics, Machinery",Export
Switzerland,Brazil,03-25,43844,"Natural Gas, Electronics, Machinery",Export
Brazil,India,12-25,371226,"Electronics, Machinery, Vehicles",Export
Thailand,Canada,03-25,117678,"Iron Ore, Soybeans, Crude Oil",Export
Norway,Italy,05-25,267943,"Electronics Components, Machinery, Fabrics",Import
Poland,Saudi Arabia,06-25,459580,"Machinery, Electronics, Vehicles",Import
France,China,06-25,361643,"Aircraft, Machinery, Pharmaceuticals",Export
Switzerland,South Africa,11-25,189549,"Pharmaceuticals, Machinery, Chemicals",Import
Austria,Thailand,08-25,83879,"Machinery, Electronics, Vehicles",Import
France,Mexico,05-25,243092,"Vehicles, Machinery, Pharmaceuticals",Import
Canada,Brazil,01-25,313583,"Electronics, Machinery, Vehicles",Export
United Kingdom,Australia,09-25,42536,"Vehicles, Machinery, Chemicals",Export
Switzerland,Vietnam,07-25,206721,"Electronics, Machinery, Vehicles",Export
Canada,Australia,07-25,195236,"Electronics Components, Machinery, Fabrics",Import
Brazil,Sweden,03-25,353901,"Electronics Components, Machinery, Fabrics",Import
Indonesia,Japan,04-25,164165,"Electronics, Machinery, Vehicles",Export
Saudi Arabia,Spain,08-25,347457,"Electronics, Machinery, Vehicles",Export
Spain,France,11-25,309979,"Vehicles, Machinery, Chemicals",Export
United States,Belgium,03-25,21364,"Agricultural Products, Machinery, Chemicals",Export
Switzerland,Australia,09-25,125286,"Electronics Components, Machinery, Fabrics",Import
Belgium,India,11-25,67269,"Vehicles, Machinery, Pharmaceuticals",Import
South Korea,Russia,05-25,303464,"Agricultural Products, Machinery, Chemicals",Export
France,Norway,03-25,89093,"Agricultural Products, Machinery, Chemicals",Export
Switzerland,Japan,10-25,475163,"Vehicles, Machinery, Pharmaceuticals",Import
Switzerland,Malaysia,10-25,25278,"Pharmaceuticals, Machinery, Chemicals",Import
Malaysia,Japan,10-25,267845,"Fertilizers, Machinery, Electronics",Import
Australia,Vietnam,11-25,79595,"Vehicles, Machinery, Chemicals",Export
Australia,Sweden,09-25,44761,"Machinery, Electronics, Vehicles",Import
France,United Kingdom,01-25,459952,"Agricultural Products, Machinery, Chemicals",Export
Spain,Italy,02-25,277732,"Crude Oil, Electronics, Gold",Import
China,Turkey,05-25,275425,"Electronics Components, Machinery, Fabrics",Import
Switzerland,South Africa,11-25,384071,"Electronics, Machinery, Chemicals",Import
Netherlands,Singapore,09-25,42757,"Electronics, Machinery, Chemicals",Import
Indonesia,Thailand,07-25,431749,"Electronics, Machinery, Vehicles",Export
Saudi Arabia,Thailand,09-25,288615,"Machinery, Electronics, Vehicles",Import
Netherlands,France,12-25,73142,"Electronics Components, Machinery, Fabrics",Import
Malaysia,UAE,01-25,423245,"Vehicles, Machinery, Pharmaceuticals",Import
Italy,South Korea,05-25,185250,"Gems, Jewelry, Pharmaceuticals",Export
Thailand,Indonesia,06-25,245237,"Fertilizers, Machinery, Electronics",Import
Australia,Vietnam,06-25,336780,"Machinery, Electronics, Vehicles",Import
Switzerland,Italy,03-25,300576,"Natural Gas, Electronics, Machinery",Import
Netherlands,Saudi Arabia,11-25,473614,"Agricultural Products, Machinery, Chemicals",Export
Malaysia,Sweden,08-25,267139,"Natural Gas, Electronics, Machinery",Export
Vietnam,Brazil,03-25,247891,"Textiles, Footwear, Machinery",Export
Belgium,Saudi Arabia,03-25,2129,"Pharmaceuticals, Chemicals, Machinery",Export
Brazil,Poland,04-25,183011,"Gems, Jewelry, Pharmaceuticals",Export
United Kingdom,France,11-25,287933,"Fertilizers, Machinery, Electronics",Import
Belgium,France,07-25,14838,"Natural Gas, Electronics, Machinery",Import
India,Belgium,12-25,338685,"Pharmaceuticals, Machinery, Chemicals",Import
Germany,Netherlands,09-25,196451,"Crude Oil, Electronics, Gold",Import
South Korea,Belgium,05-25,410288,"Iron Ore, Soybeans, Crude Oil",Export
Belgium,Italy,08-25,277218,"Fertilizers, Machinery, Electronics",Import
United States,Sweden,09-25,269775,"Vehicles, Machinery, Pharmaceuticals",Import
Australia,Saudi Arabia,04-25,71916,"Vehicles, Machinery, Chemicals",Export
Norway,Russia,12-25,115130,"Iron Ore, Soybeans, Crude Oil",Export
Norway,France,09-25,489374,"Machinery, Electronics, Vehicles",Import
Poland,South Korea,01-25,90656,"Pharmaceuticals, Chemicals, Machinery",Export
United Kingdom,South Africa,04-25,374206,"Electronics, Machinery, Chemicals",Import
Thailand,Brazil,11-25,282142,"Semiconductors, Electronics, Machinery",Export
United States,Germany,04-25,104765,"Gems, Jewelry, Pharmaceuticals",Export
Sweden,Germany,09-25,45019,"Pharmaceuticals, Machinery, Chemicals",Import
Italy,Malaysia,11-25,368497,"Vehicles, Machinery, Pharmaceuticals",Import
Mexico,Vietnam,03-25,233822,"Electronics Components, Machinery, Fabrics",Import
Switzerland,Singapore,01-25,258029,"Semiconductors, Electronics, Machinery",Export
France,Netherlands,12-25,89224,"Textiles, Footwear, Machinery",Export
Belgium,Switzerland,07-25,390524,"Textiles, Footwear, Machinery",Export
Mexico,Switzerland,12-25,433539,"Gems, Jewelry, Pharmaceuticals",Export
Singapore,Thailand,06-25,340765,"Machinery, Electronics, Vehicles",Import
Poland,Sweden,07-25,465311,"Natural Gas, Electronics, Machinery",Import
Canada,China,05-25,340567,"Electronics, Machinery, Chemicals",Import
Thailand,United Kingdom,06-25,415425,"Aircraft, Machinery, Pharmaceuticals",Export
China,Norway,01-25,44942,"Pharmaceuticals, Machinery, Chemicals",Import
France,Indonesia,05-25,161006,"Vehicles, Machinery, Chemicals",Export
Denmark,Russia,05-25,206078,"Vehicles, Machinery, Chemicals",Export
Poland,Spain,07-25,71250,"Electronics Components, Machinery, Fabrics",Import
Thailand,France,03-25,118396,"Electronics Components, Machinery, Fabrics",Import
United Kingdom,Russia,08-25,172390,"Fertilizers, Machinery, Electronics",Import
Australia,Netherlands,11-25,307860,"Crude Oil, Electronics, Gold",Import
Spain,Japan,10-25,91284,"Vehicles, Machinery, Chemicals",Export
France,Italy,05-25,257618,"Crude Oil, Electronics, Gold",Import
Netherlands,Saudi Arabia,02-25,276299,"Machinery, Electronics, Vehicles",Import
Vietnam,Germany,01-25,368729,"Electronics Components, Machinery, Fabrics",Import
Poland,Thailand,04-25,353601,"Electronics, Machinery, Vehicles",Export
Canada,United States,04-25,171455,"Vehicles, Machinery, Chemicals",Export
Thailand,United States,03-25,103998,"Fertilizers, Machinery, Electronics",Import
United States,Norway,02-25,13403,"Gems, Jewelry, Pharmaceuticals",Export
United States,Germany,06-25,406562,"Semiconductors, Electronics, Machinery",Export
Italy,Sweden,05-25,182328,"Agricultural Products, Machinery, Chemicals",Export
Japan,Malaysia,06-25,219940,"Vehicles, Machinery, Pharmaceuticals",Import
Belgium,United Kingdom,06-25,353248,"Gems, Jewelry, Pharmaceuticals",Export
Saudi Arabia,Japan,09-25,409679,"Semiconductors, Electronics, Machinery",Export
Malaysia,Japan,04-25,13974,"Aircraft, Machinery, Pharmaceuticals",Export
United Kingdom,Australia,07-25,328090,"Natural Gas, Electronics, Machinery",Export
Denmark,South Africa,12-25,25299,"Pharmaceuticals, Chemicals, Machinery",Export
Australia,Thailand,10-25,224667,"Gems, Jewelry, Pharmaceuticals",Export
UAE,Brazil,10-25,249227,"Electronics, Machinery, Vehicles",Export
Denmark,Brazil,12-25,481112,"Gems, Jewelry, Pharmaceuticals",Export
Saudi Arabia,Russia,10-25,101907,"Electronics Components, Machinery, Fabrics",Import
Denmark,Vietnam,03-25,381491,"Pharmaceuticals, Machinery, Chemicals",Import
UAE,Sweden,08-25,139035,"Fertilizers, Machinery, Electronics",Import
South Korea,Poland,08-25,254915,"Crude Oil, Electronics, Gold",Import
Canada,Thailand,08-25,200014,"Agricultural Products, Machinery, Chemicals",Export
Switzerland,Australia,01-25,199045,"Gems, Jewelry, Pharmaceuticals",Export
Thailand,Spain,09-25,13715,"Agricultural Products, Machinery, Chemicals",Export
Turkey,Saudi Arabia,03-25,84432,"Agricultural Products, Machinery, Chemicals",Export
Singapore,Germany,08-25,378111,"Natural Gas, Electronics, Machinery",Import
United Kingdom,Germany,05-25,16959,"Fertilizers, Machinery, Electronics",Import
Germany,Switzerland,12-25,352517,"Fertilizers, Machinery, Electronics",Import
Austria,South Africa,02-25,407500,"Gems, Jewelry, Pharmaceuticals",Export
Japan,Saudi Arabia,01-25,168706,"Fertilizers, Machinery, Electronics",Import
Japan,Spain,01-25,154099,"Electronics, Machinery, Chemicals",Import
United States,Belgium,02-25,451558,"Electronics Components, Machinery, Fabrics",Import
Australia,Sweden,10-25,42161,"Gems, Jewelry, Pharmaceuticals",Export
Thailand,Italy,06-25,483303,"Pharmaceuticals, Machinery, Chemicals",Import
Brazil,Turkey,05-25,208727,"Gems, Jewelry, Pharmaceuticals",Export
Switzerland,Poland,11-25,1889,"Pharmaceuticals, Chemicals, Machinery",Export
Switzerland,Sweden,06-25,193422,"Pharmaceuticals, Chemicals, Machinery",Export
Austria,UAE,04-25,2039,"Natural Gas, Electronics, Machinery",Import
Thailand,Poland,10-25,72455,"Machinery, Electronics, Vehicles",Import
Malaysia,Turkey,08-25,485579,"Vehicles, Machinery, Pharmaceuticals",Import
Thailand,France,08-25,376858,"Crude Oil, Electronics, Gold",Import
Malaysia,Singapore,04-25,152770,"Pharmaceuticals, Chemicals, Machinery",Export
Malaysia,Australia,12-25,281180,"Electronics, Machinery, Vehicles",Export
Indonesia,Saudi Arabia,02-25,310881,"Aircraft, Machinery, Pharmaceuticals",Export
Poland,China,12-25,164890,"Electronics Components, Machinery, Fabrics",Import
Denmark,Canada,05-25,309223,"Electronics Components, Machinery, Fabrics",Import
Saudi Arabia,Germany,03-25,493075,"Crude Oil, Electronics, Gold",Import
France,Norway,11-25,277923,"Natural Gas, Electronics, Machinery",Export
Switzerland,Mexico,07-25,487498,"Vehicles, Machinery, Pharmaceuticals",Import
Brazil,China,02-25,147894,"Aircraft, Machinery, Pharmaceuticals",Export
Canada,France,04-25,442018,"Fertilizers, Machinery, Electronics",Import
Austria,Japan,05-25,466609,"Electronics, Machinery, Chemicals",Import
Canada,Japan,01-25,255607,"Textiles, Footwear, Machinery",Export
Denmark,Vietnam,09-25,204232,"Electronics, Machinery, Chemicals",Import
Norway,Spain,01-25,101911,"Pharmaceuticals, Chemicals, Machinery",Export
Switzerland,Poland,09-25,39514,"Pharmaceuticals, Machinery, Chemicals",Import
Canada,Poland,11-25,423060,"Gems, Jewelry, Pharmaceuticals",Export
Mexico,Indonesia,03-25,341141,"Aircraft, Machinery, Pharmaceuticals",Export
France,Vietnam,02-25,159634,"Aircraft, Machinery, Pharmaceuticals",Export
Vietnam,Italy,04-25,239380,"Vehicles, Machinery, Pharmaceuticals",Import
Thailand,Japan,03-25,66146,"Iron Ore, Soybeans, Crude Oil",Export
Mexico,Thailand,01-25,225391,"Electronics Components, Machinery, Fabrics",Import
Vietnam,UAE,01-25,56376,"Fertilizers, Machinery, Electronics",Import
Saudi Arabia,United States,02-25,258275,"Electronics, Machinery, Vehicles",Export
Switzerland,United Kingdom,04-25,214565,"Iron Ore, Soybeans, Crude Oil",Export
Indonesia,Spain,02-25,95018,"Iron Ore, Soybeans, Crude Oil",Export
United Kingdom,China,12-25,443702,"Crude Oil, Electronics, Gold",Import
Saudi Arabia,United Kingdom,09-25,99657,"Electronics Components, Machinery, Fabrics",Import
Belgium,Singapore,11-25,310879,"Pharmaceuticals, Machinery, Chemicals",Import
Brazil,Sweden,04-25,56007,"Vehicles, Machinery, Chemicals",Export
Singapore,Spain,06-25,242958,"Crude Oil, Electronics, Gold",Import
Turkey,China,11-25,215200,"Crude Oil, Electronics, Gold",Import
Mexico,India,05-25,162524,"Electronics, Machinery, Vehicles",Export
United Kingdom,Vietnam,11-25,227382,"Machinery, Electronics, Vehicles",Import
Mexico,Brazil,11-25,214625,"Vehicles, Machinery, Chemicals",Export
United Kingdom,Poland,07-25,274071,"Textiles, Footwear, Machinery",Export
Italy,United States,01-25,285518,"Natural Gas, Electronics, Machinery",Import
China,Thailand,04-25,228439,"Textiles, Footwear, Machinery",Export
India,Indonesia,01-25,75526,"Fertilizers, Machinery, Electronics",Import
Singapore,Canada,12-25,166655,"Vehicles, Machinery, Pharmaceuticals",Import
Switzerland,United Kingdom,11-25,409577,"Agricultural Products, Machinery, Chemicals",Export
United Kingdom,Indonesia,04-25,244232,"Machinery, Electronics, Vehicles",Import
Belgium,South Africa,12-25,259585,"Textiles, Footwear, Machinery",Export
Indonesia,Russia,02-25,495943,"Vehicles, Machinery, Chemicals",Export
France,Sweden,01-25,477979,"Natural Gas, Electronics, Machinery",Export
France,India,02-25,129446,"Vehicles, Machinery, Chemicals",Export
Sweden,Canada,12-25,191081,"Semiconductors, Electronics, Machinery",Export
Australia,South Korea,12-25,364751,"Textiles, Footwear, Machinery",Export
Vietnam,Singapore,02-25,364015,"Natural Gas, Electronics, Machinery",Export
Italy,Indonesia,11-25,204080,"Vehicles, Machinery, Pharmaceuticals",Import
Italy,Thailand,08-25,332621,"Pharmaceuticals, Machinery, Chemicals",Import
Indonesia,South Korea,12-25,303598,"Agricultural Products, Machinery, Chemicals",Export
UAE,Saudi Arabia,07-25,456451,"Natural Gas, Electronics, Machinery",Import
Netherlands,Australia,01-25,238369,"Vehicles, Machinery, Pharmaceuticals",Import
Poland,Singapore,09-25,308194,"Natural Gas, Electronics, Machinery",Export
Australia,South Africa,08-25,37237,"Electronics, Machinery, Vehicles",Export
Netherlands,Spain,04-25,478338,"Electronics, Machinery, Chemicals",Import
Norway,Singapore,05-25,93539,"Gems, Jewelry, Pharmaceuticals",Export
Belgium,Indonesia,07-25,80051,"Aircraft, Machinery, Pharmaceuticals",Export
Italy,France,12-25,189422,"Vehicles, Machinery, Pharmaceuticals",Import
Italy,Japan,05-25,264208,"Agricultural Products, Machinery, Chemicals",Export
Thailand,Canada,08-25,252405,"Pharmaceuticals, Machinery, Chemicals",Import
United Kingdom,Brazil,04-25,384850,"Natural Gas, Electronics, Machinery",Import
Sweden,Switzerland,03-25,340350,"Machinery, Electronics, Vehicles",Import
Saudi Arabia,Singapore,11-25,276184,"Pharmaceuticals, Machinery, Chemicals",Import
Thailand,Turkey,10-25,179722,"Electronics Components, Machinery, Fabrics",Import
Turkey,Switzerland,05-25,182332,"Pharmaceuticals, Chemicals, Machinery",Export
Vietnam,South Korea,02-25,357969,"Natural Gas, Electronics, Machinery",Export
Switzerland,India,08-25,460372,"Electronics, Machinery, Vehicles",Export
Brazil,Spain,07-25,338056,"Gems, Jewelry, Pharmaceuticals",Export
Germany,Singapore,03-25,14442,"Electronics, Machinery, Chemicals",Import
Canada,Vietnam,11-25,94483,"Aircraft, Machinery, Pharmaceuticals",Export
Indonesia,Russia,02-25,262478,"Semiconductors, Electronics, Machinery",Export
China,India,09-25,18573,"Crude Oil, Electronics, Gold",Import
France,India,12-25,175329,"Natural Gas, Electronics, Machinery",Export
Canada,Netherlands,10-25,197353,"Gems, Jewelry, Pharmaceuticals",Export
Indonesia,Thailand,11-25,184633,"Semiconductors, Electronics, Machinery",Export
Switzerland,Italy,02-25,104256,"Pharmaceuticals, Chemicals, Machinery",Export
Turkey,Italy,03-25,299168,"Semiconductors, Electronics, Machinery",Export
United Kingdom,Poland,02-25,273214,"Aircraft, Machinery, Pharmaceuticals",Export
Malaysia,Japan,01-25,265152,"Semiconductors, Electronics, Machinery",Export
Australia,South Africa,09-25,242579,"Electronics, Machinery, Chemicals",Import
UAE,Vietnam,01-25,393298,"Vehicles, Machinery, Chemicals",Export
Japan,Poland,12-25,472760,"Fertilizers, Machinery, Electronics",Import
Austria,Vietnam,08-25,79640,"Aircraft, Machinery, Pharmaceuticals",Export
Poland,Japan,08-25,259891,"Crude Oil, Electronics, Gold",Import
France,Sweden,09-25,455315,"Agricultural Products, Machinery, Chemicals",Export
Australia,Poland,05-25,441516,"Gems, Jewelry, Pharmaceuticals",Export
Italy,Sweden,01-25,72940,"Agricultural Products, Machinery, Chemicals",Export
Vietnam,Thailand,10-25,443343,"Iron Ore, Soybeans, Crude Oil",Export
Canada,Belgium,10-25,373034,"Pharmaceuticals, Machinery, Chemicals",Import
Brazil,China,04-25,417034,"Electronics, Machinery, Vehicles",Export
Netherlands,Singapore,12-25,167209,"Textiles, Footwear, Machinery",Export
United Kingdom,Italy,02-25,397876,"Electronics, Machinery, Chemicals",Import
Indonesia,Malaysia,03-25,111993,"Natural Gas, Electronics, Machinery",Export
Sweden,Canada,11-25,275346,"Electronics, Machinery, Vehicles",Export
Singapore,Mexico,08-25,355624,"Electronics, Machinery, Vehicles",Export
Saudi Arabia,Canada,07-25,468803,"Pharmaceuticals, Machinery, Chemicals",Import
Japan,Sweden,09-25,371878,"Vehicles, Machinery, Chemicals",Export
Malaysia,India,03-25,126698,"Iron Ore, Soybeans, Crude Oil",Export
Thailand,Germany,12-25,248257,"Crude Oil, Electronics, Gold",Import
Singapore,Mexico,01-25,414736,"Gems, Jewelry, Pharmaceuticals",Export
Thailand,Brazil,06-25,76051,"Iron Ore, Soybeans, Crude Oil",Export
United States,Japan,01-25,444431,"Vehicles, Machinery, Pharmaceuticals",Import
Turkey,India,12-25,494091,"Electronics, Machinery, Vehicles",Export
Brazil,United States,04-25,386619,"Agricultural Products, Machinery, Chemicals",Export
Singapore,Vietnam,10-25,79241,"Vehicles, Machinery, Chemicals",Export
Australia,South Korea,04-25,59013,"Natural Gas, Electronics, Machinery",Export
Saudi Arabia,Brazil,01-25,460104,"Natural Gas, Electronics, Machinery",Export
Italy,Australia,09-25,228809,"Machinery, Electronics, Vehicles",Import
United States,South Africa,05-25,101635,"Agricultural Products, Machinery, Chemicals",Export
Denmark,Spain,11-25,87201,"Vehicles, Machinery, Pharmaceuticals",Import
Indonesia,Thailand,12-25,167794,"Vehicles, Machinery, Pharmaceuticals",Import
United Kingdom,Vietnam,01-25,456152,"Gems, Jewelry, Pharmaceuticals",Export
Thailand,Japan,11-25,3825,"Iron Ore, Soybeans, Crude Oil",Export
United States,China,09-25,117496,"Gems, Jewelry, Pharmaceuticals",Export
Austria,India,12-25,283742,"Crude Oil, Electronics, Gold",Import
Norway,Turkey,09-25,237456,"Iron Ore, Soybeans, Crude Oil",Export
Japan,Singapore,02-25,157447,"Natural Gas, Electronics, Machinery",Import
Vietnam,Norway,04-25,332338,"Electronics Components, Machinery, Fabrics",Import
Malaysia,Germany,09-25,332771,"Machinery, Electronics, Vehicles",Import
Sweden,Norway,03-25,288186,"Pharmaceuticals, Chemicals, Machinery",Export
India,Netherlands,09-25,386745,"Crude Oil, Electronics, Gold",Import
South Korea,Brazil,10-25,399135,"Iron Ore, Soybeans, Crude Oil",Export
Switzerland,Turkey,09-25,309769,"Crude Oil, Electronics, Gold",Import
Italy,Indonesia,05-25,242491,"Iron Ore, Soybeans, Crude Oil",Export
South Korea,Mexico,06-25,311232,"Electronics Components, Machinery, Fabrics",Import
Italy,Vietnam,02-25,148343,"Iron Ore, Soybeans, Crude Oil",Export
United States,Australia,04-25,77727,"Electronics, Machinery, Chemicals",Import
United Kingdom,India,03-25,262046,"Electronics, Machinery, Chemicals",Import
Saudi Arabia,South Korea,11-25,94392,"Aircraft, Machinery, Pharmaceuticals",Export
Spain,United Kingdom,01-25,266560,"Gems, Jewelry, Pharmaceuticals",Export
UAE,United Kingdom,09-25,475600,"Electronics, Machinery, Chemicals",Import
Malaysia,India,10-25,8695,"Electronics, Machinery, Chemicals",Import
Vietnam,UAE,09-25,276953,"Agricultural Products, Machinery, Chemicals",Export
Germany,Thailand,11-25,244851,"Iron Ore, Soybeans, Crude Oil",Export
China,Switzerland,07-25,84792,"Machinery, Electronics, Vehicles",Import
United Kingdom,Malaysia,12-25,114489,"Agricultural Products, Machinery, Chemicals",Export
India,Indonesia,06-25,179175,"Gems, Jewelry, Pharmaceuticals",Export
France,Norway,02-25,438775,"Agricultural Products, Machinery, Chemicals",Export
Switzerland,France,07-25,287625,"Electronics Components, Machinery, Fabrics",Import
China,South Africa,11-25,290795,"Crude Oil, Electronics, Gold",Import
France,South Africa,07-25,422135,"Vehicles, Machinery, Pharmaceuticals",Import
Belgium,Poland,09-25,200057,"Vehicles, Machinery, Chemicals",Export
Thailand,Switzerland,10-25,43261,"Pharmaceuticals, Chemicals, Machinery",Export
Saudi Arabia,Thailand,11-25,297968,"Vehicles, Machinery, Chemicals",Export
Netherlands,Brazil,10-25,408454,"Natural Gas, Electronics, Machinery",Import
Singapore,Norway,08-25,178005,"Machinery, Electronics, Vehicles",Import
India,Sweden,08-25,392691,"Crude Oil, Electronics, Gold",Import
Poland,Brazil,04-25,481586,"Pharmaceuticals, Chemicals, Machinery",Export
Vietnam,South Korea,06-25,89571,"Natural Gas, Electronics, Machinery",Export
Switzerland,Canada,11-25,486582,"Agricultural Products, Machinery, Chemicals",Export
Belgium,Brazil,07-25,258544,"Vehicles, Machinery, Chemicals",Export
Malaysia,China,03-25,124933,"Machinery, Electronics, Vehicles",Import
Japan,Australia,02-25,339838,"Agricultural Products, Machinery, Chemicals",Export
United States,South Korea,11-25,167069,"Pharmaceuticals, Machinery, Chemicals",Import
United Kingdom,UAE,03-25,127977,"Crude Oil, Electronics, Gold",Import
Canada,Poland,08-25,445664,"Electronics Components, Machinery, Fabrics",Import
Spain,UAE,01-25,48181,"Agricultural Products, Machinery, Chemicals",Export
Canada,Mexico,07-25,248411,"Fertilizers, Machinery, Electronics",Import
Singapore,Sweden,11-25,66755,"Machinery, Electronics, Vehicles",Import
Japan,Mexico,04-25,418166,"Pharmaceuticals, Chemicals, Machinery",Export
Vietnam,China,07-25,172270,"Electronics Components, Machinery, Fabrics",Import
Singapore,Australia,02-25,354475,"Semiconductors, Electronics, Machinery",Export
Austria,Poland,10-25,400885,"Textiles, Footwear, Machinery",Export
Singapore,Italy,10-25,320625,"Natural Gas, Electronics, Machinery",Import
Turkey,South Africa,04-25,353256,"Machinery, Electronics, Vehicles",Import
Netherlands,India,08-25,23071,"Iron Ore, Soybeans, Crude Oil",Export
Thailand,Spain,03-25,387585,"Aircraft, Machinery, Pharmaceuticals",Export
Mexico,Sweden,02-25,365870,"Fertilizers, Machinery, Electronics",Import
Turkey,Thailand,03-25,335923,"Pharmaceuticals, Chemicals, Machinery",Export
China,Japan,12-25,191729,"Textiles, Footwear, Machinery",Export
Spain,South Africa,09-25,33479,"Textiles, Footwear, Machinery",Export
Netherlands,Japan,01-25,383219,"Pharmaceuticals, Machinery, Chemicals",Import
Belgium,France,06-25,316524,"Gems, Jewelry, Pharmaceuticals",Export
Germany,India,03-25,43856,"Pharmaceuticals, Machinery, Chemicals",Import
Singapore,Thailand,11-25,180363,"Semiconductors, Electronics, Machinery",Export
Thailand,Canada,05-25,337970,"Electronics, Machinery, Chemicals",Import
Belgium,Turkey,07-25,227342,"Aircraft, Machinery, Pharmaceuticals",Export
Norway,Poland,10-25,334844,"Machinery, Electronics, Vehicles",Import
India,Australia,10-25,494845,"Iron Ore, Soybeans, Crude Oil",Export
United Kingdom,Indonesia,03-25,43859,"Natural Gas, Electronics, Machinery",Export
Germany,Mexico,04-25,177816,"Pharmaceuticals, Chemicals, Machinery",Export
Poland,Mexico,09-25,180056,"Textiles, Footwear, Machinery",Export
Indonesia,Poland,01-25,487411,"Textiles, Footwear, Machinery",Export
Belgium,Saudi Arabia,05-25,453494,"Pharmaceuticals, Chemicals, Machinery",Export
Canada,Belgium,12-25,56889,"Electronics Components, Machinery, Fabrics",Import
Australia,Thailand,01-25,498447,"Pharmaceuticals, Chemicals, Machinery",Export
Denmark,United States,03-25,109677,"Electronics, Machinery, Vehicles",Export
Poland,Switzerland,10-25,438899,"Electronics Components, Machinery, Fabrics",Import
Malaysia,United Kingdom,06-25,194311,"Machinery, Electronics, Vehicles",Import
Germany,Turkey,04-25,141692,"Pharmaceuticals, Chemicals, Machinery",Export
Australia,Norway,06-25,164441,"Agricultural Products, Machinery, Chemicals",Export
Malaysia,Turkey,11-25,390650,"Semiconductors, Electronics, Machinery",Export
Spain,Canada,08-25,316322,"Aircraft, Machinery, Pharmaceuticals",Export
Norway,Germany,12-25,421275,"Electronics, Machinery, Chemicals",Import
Spain,Norway,08-25,108068,"Electronics, Machinery, Chemicals",Import
Indonesia,Netherlands,12-25,297642,"Aircraft, Machinery, Pharmaceuticals",Export
Saudi Arabia,Poland,01-25,431487,"Aircraft, Machinery, Pharmaceuticals",Export
Saudi Arabia,Switzerland,02-25,373907,"Gems, Jewelry, Pharmaceuticals",Export
Singapore,Russia,11-25,281192,"Crude Oil, Electronics, Gold",Import
Austria,Australia,04-25,24675,"Semiconductors, Electronics, Machinery",Export
Austria,Japan,03-25,332216,"Pharmaceuticals, Machinery, Chemicals",Import
India,Norway,08-25,79053,"Electronics, Machinery, Chemicals",Import
Switzerland,Sweden,10-25,293700,"Electronics, Machinery, Chemicals",Import
Sweden,Japan,08-25,186514,"Natural Gas, Electronics, Machinery",Import
Thailand,Malaysia,07-25,490114,"Electronics, Machinery, Chemicals",Import
Vietnam,Germany,07-25,321248,"Textiles, Footwear, Machinery",Export
Norway,China,09-25,272943,"Pharmaceuticals, Chemicals, Machinery",Export
Brazil,Mexico,06-25,24960,"Gems, Jewelry, Pharmaceuticals",Export
Malaysia,United States,08-25,33423,"Electronics, Machinery, Vehicles",Export
South Korea,Sweden,01-25,264564,"Iron Ore, Soybeans, Crude Oil",Export
Saudi Arabia,Italy,01-25,15168,"Electronics Components, Machinery, Fabrics",Import
United Kingdom,Thailand,01-25,193368,"Agricultural Products, Machinery, Chemicals",Export
France,Turkey,06-25,249253,"Natural Gas, Electronics, Machinery",Import
Australia,South Korea,02-25,164902,"Natural Gas, Electronics, Machinery",Export
Canada,Singapore,01-25,312523,"Semiconductors, Electronics, Machinery",Export
France,Saudi Arabia,05-25,19758,"Aircraft, Machinery, Pharmaceuticals",Export
Sweden,India,08-25,110977,"Agricultural Products, Machinery, Chemicals",Export
India,South Korea,07-25,158799,"Gems, Jewelry, Pharmaceuticals",Export
UAE,France,10-25,347135,"Natural Gas, Electronics, Machinery",Export
Malaysia,Mexico,02-25,325606,"Vehicles, Machinery, Chemicals",Export
Denmark,Sweden,05-25,425661,"Electronics, Machinery, Vehicles",Export
United Kingdom,Germany,11-25,499819,"Pharmaceuticals, Chemicals, Machinery",Export
Australia,India,09-25,463732,"Electronics, Machinery, Chemicals",Import
Spain,Belgium,01-25,257815,"Electronics, Machinery, Vehicles",Export
Switzerland,Mexico,10-25,229112,"Pharmaceuticals, Machinery, Chemicals",Import
India,Canada,08-25,352987,"Gems, Jewelry, Pharmaceuticals",Export
Australia,Turkey,11-25,258413,"Iron Ore, Soybeans, Crude Oil",Export
Malaysia,China,02-25,64946,"Electronics, Machinery, Chemicals",Import
Canada,Saudi Arabia,07-25,414487,"Pharmaceuticals, Machinery, Chemicals",Import
United Kingdom,Malaysia,09-25,453580,"Vehicles, Machinery, Chemicals",Export
Italy,Vietnam,08-25,260694,"Electronics Components, Machinery, Fabrics",Import
United Kingdom,Mexico,12-25,88831,"Crude Oil, Electronics, Gold",Import
Italy,Poland,09-25,424123,"Vehicles, Machinery, Chemicals",Export
South Korea,United States,02-25,313937,"Natural Gas, Electronics, Machinery",Export
UAE,Malaysia,04-25,127394,"Electronics Components, Machinery, Fabrics",Import
Denmark,Vietnam,02-25,229905,"Pharmaceuticals, Chemicals, Machinery",Export
Brazil,Mexico,09-25,441267,"Pharmaceuticals, Machinery, Chemicals",Import
Australia,Belgium,06-25,440808,"Natural Gas, Electronics, Machinery",Import
Saudi Arabia,Thailand,02-25,446715,"Pharmaceuticals, Chemicals, Machinery",Export
Malaysia,Vietnam,10-25,345889,"Gems, Jewelry, Pharmaceuticals",Export
Switzerland,Japan,01-25,177343,"Electronics, Machinery, Chemicals",Import
Belgium,Sweden,01-25,95946,"Agricultural Products, Machinery, Chemicals",Export
Indonesia,Belgium,06-25,124566,"Crude Oil, Electronics, Gold",Import
Norway,UAE,10-25,217233,"Pharmaceuticals, Machinery, Chemicals",Import
Brazil,Mexico,10-25,66158,"Natural Gas, Electronics, Machinery",Import
Turkey,Thailand,01-25,443128,"Textiles, Footwear, Machinery",Export
Denmark,United Kingdom,06-25,160284,"Natural Gas, Electronics, Machinery",Import
Indonesia,Mexico,08-25,341353,"Natural Gas, Electronics, Machinery",Import
Poland,Turkey,10-25,250494,"Gems, Jewelry, Pharmaceuticals",Export
China,Mexico,01-25,13411,"Natural Gas, Electronics, Machinery",Export
Netherlands,Brazil,06-25,318798,"Machinery, Electronics, Vehicles",Import
India,Thailand,12-25,49197,"Pharmaceuticals, Chemicals, Machinery",Export
France,Malaysia,01-25,346122,"Natural Gas, Electronics, Machinery",Import
Vietnam,Australia,01-25,343193,"Natural Gas, Electronics, Machinery",Export
Switzerland,Mexico,09-25,221290,"Vehicles, Machinery, Pharmaceuticals",Import
Switzerland,Indonesia,10-25,389265,"Natural Gas, Electronics, Machinery",Export
Thailand,UAE,01-25,37473,"Agricultural Products, Machinery, Chemicals",Export
Spain,Germany,08-25,224043,"Aircraft, Machinery, Pharmaceuticals",Export
Indonesia,UAE,10-25,124967,"Electronics, Machinery, Vehicles",Export
Mexico,Belgium,10-25,401330,"Crude Oil, Electronics, Gold",Import
Belgium,South Africa,11-25,261323,"Vehicles, Machinery, Chemicals",Export
Belgium,UAE,03-25,321620,"Iron Ore, Soybeans, Crude Oil",Export
Germany,Italy,02-25,377155,"Iron Ore, Soybeans, Crude Oil",Export
Indonesia,UAE,02-25,292946,"Crude Oil, Electronics, Gold",Import
UAE,South Africa,10-25,142183,"Electronics Components, Machinery, Fabrics",Import
Belgium,United States,10-25,440971,"Agricultural Products, Machinery, Chemicals",Export
Belgium,Indonesia,07-25,310254,"Aircraft, Machinery, Pharmaceuticals",Export
Japan,Italy,09-25,69290,"Natural Gas, Electronics, Machinery",Import
Germany,Turkey,08-25,377578,"Aircraft, Machinery, Pharmaceuticals",Export
Sweden,India,08-25,491190,"Pharmaceuticals, Machinery, Chemicals",Import
Austria,Netherlands,08-25,111903,"Natural Gas, Electronics, Machinery",Import
France,Saudi Arabia,02-25,86229,"Fertilizers, Machinery, Electronics",Import
South Korea,Indonesia,02-25,297620,"Semiconductors, Electronics, Machinery",Export
Japan,South Korea,09-25,59027,"Natural Gas, Electronics, Machinery",Export
France,Mexico,11-25,249245,"Natural Gas, Electronics, Machinery",Export
Malaysia,Switzerland,09-25,94005,"Aircraft, Machinery, Pharmaceuticals",Export
Belgium,India,12-25,320021,"Natural Gas, Electronics, Machinery",Import
Belgium,Vietnam,01-25,52637,"Vehicles, Machinery, Pharmaceuticals",Import
Spain,Saudi Arabia,11-25,487667,"Fertilizers, Machinery, Electronics",Import
France,United States,02-25,293346,"Fertilizers, Machinery, Electronics",Import
Norway,Turkey,06-25,279750,"Agricultural Products, Machinery, Chemicals",Export
Switzerland,Sweden,05-25,214657,"Natural Gas, Electronics, Machinery",Export
Singapore,UAE,06-25,244822,"Textiles, Footwear, Machinery",Export
Japan,United States,11-25,118192,"Electronics, Machinery, Vehicles",Export
Sweden,Vietnam,01-25,201431,"Agricultural Products, Machinery, Chemicals",Export
Japan,Australia,12-25,305543,"Natural Gas, Electronics, Machinery",Export
Brazil,Netherlands,11-25,350607,"Natural Gas, Electronics, Machinery",Export
India,Italy,11-25,450801,"Machinery, Electronics, Vehicles",Import
United Kingdom,Canada,02-25,444713,"Crude Oil, Electronics, Gold",Import
Australia,Norway,01-25,420949,"Agricultural Products, Machinery, Chemicals",Export
Saudi Arabia,Japan,08-25,51710,"Vehicles, Machinery, Pharmaceuticals",Import
Sweden,France,10-25,412804,"Natural Gas, Electronics, Machinery",Import
Saudi Arabia,China,07-25,137245,"Pharmaceuticals, Chemicals, Machinery",Export
Thailand,India,01-25,433672,"Natural Gas, Electronics, Machinery",Export
Germany,Russia,06-25,157770,"Iron Ore, Soybeans, Crude Oil",Export
Netherlands,United Kingdom,11-25,133402,"Iron Ore, Soybeans, Crude Oil",Export
Vietnam,United States,06-25,388747,"Vehicles, Machinery, Chemicals",Export
United Kingdom,Singapore,05-25,36233,"Fertilizers, Machinery, Electronics",Import
Switzerland,China,11-25,16523,"Natural Gas, Electronics, Machinery",Export
United States,Saudi Arabia,06-25,149055,"Natural Gas, Electronics, Machinery",Import
Canada,South Africa,06-25,477149,"Crude Oil, Electronics, Gold",Import
China,France,10-25,467190,"Fertilizers, Machinery, Electronics",Import
Malaysia,United Kingdom,01-25,201242,"Crude Oil, Electronics, Gold",Import
Mexico,Saudi Arabia,04-25,275363,"Iron Ore, Soybeans, Crude Oil",Export
Austria,United Kingdom,07-25,86816,"Natural Gas, Electronics, Machinery",Export
Singapore,UAE,12-25,435335,"Gems, Jewelry, Pharmaceuticals",Export
Mexico,Belgium,05-25,374749,"Fertilizers, Machinery, Electronics",Import
Sweden,Mexico,03-25,103892,"Natural Gas, Electronics, Machinery",Export
Spain,Russia,10-25,417773,"Iron Ore, Soybeans, Crude Oil",Export
Switzerland,Vietnam,07-25,38872,"Crude Oil, Electronics, Gold",Import
Brazil,Mexico,04-25,475499,"Gems, Jewelry, Pharmaceuticals",Export
Sweden,France,03-25,158154,"Vehicles, Machinery, Pharmaceuticals",Import
United Kingdom,Netherlands,12-25,355568,"Crude Oil, Electronics, Gold",Import
Denmark,Poland,06-25,181186,"Natural Gas, Electronics, Machinery",Import
Belgium,Spain,10-25,171567,"Crude Oil, Electronics, Gold",Import
United Kingdom,Vietnam,10-25,113811,"Machinery, Electronics, Vehicles",Import
Poland,Netherlands,05-25,447649,"Fertilizers, Machinery, Electronics",Import
Netherlands,China,10-25,39522,"Machinery, Electronics, Vehicles",Import
Denmark,Mexico,05-25,73351,"Pharmaceuticals, Machinery, Chemicals",Import
Poland,Russia,02-25,23821,"Machinery, Electronics, Vehicles",Import
Switzerland,South Korea,12-25,132154,"Natural Gas, Electronics, Machinery",Export
Netherlands,Italy,09-25,122228,"Pharmaceuticals, Machinery, Chemicals",Import
Italy,Australia,05-25,126448,"Vehicles, Machinery, Chemicals",Export
France,Mexico,09-25,386837,"Crude Oil, Electronics, Gold",Import
Poland,South Africa,08-25,139614,"Pharmaceuticals, Chemicals, Machinery",Export
Italy,United States,05-25,418105,"Vehicles, Machinery, Pharmaceuticals",Import
Singapore,Australia,08-25,14046,"Vehicles, Machinery, Pharmaceuticals",Import
Belgium,Mexico,04-25,40444,"Semiconductors, Electronics, Machinery",Export
Denmark,China,02-25,62784,"Natural Gas, Electronics, Machinery",Import
Germany,Belgium,12-25,106832,"Fertilizers, Machinery, Electronics",Import
Malaysia,Indonesia,03-25,480191,"Aircraft, Machinery, Pharmaceuticals",Export
United Kingdom,Vietnam,10-25,241683,"Crude Oil, Electronics, Gold",Import
Turkey,Saudi Arabia,11-25,436928,"Semiconductors, Electronics, Machinery",Export
Germany,United States,09-25,313473,"Gems, Jewelry, Pharmaceuticals",Export
Brazil,Thailand,07-25,486941,"Iron Ore, Soybeans, Crude Oil",Export
Saudi Arabia,Vietnam,08-25,157893,"Pharmaceuticals, Chemicals, Machinery",Export
France,Canada,12-25,44530,"Agricultural Products, Machinery, Chemicals",Export
South Korea,Belgium,02-25,347906,"Agricultural Products, Machinery, Chemicals",Export
Saudi Arabia,Indonesia,02-25,436809,"Iron Ore, Soybeans, Crude Oil",Export
Saudi Arabia,Mexico,04-25,405081,"Pharmaceuticals, Chemicals, Machinery",Export
Poland,Belgium,06-25,398041,"Gems, Jewelry, Pharmaceuticals",Export
Switzerland,Sweden,11-25,461576,"Electronics, Machinery, Vehicles",Export
Italy,Brazil,03-25,110714,"Vehicles, Machinery, Chemicals",Export
United States,Saudi Arabia,11-25,435078,"Agricultural Products, Machinery, Chemicals",Export
Italy,Canada,03-25,132870,"Crude Oil, Electronics, Gold",Import
India,Netherlands,08-25,443247,"Agricultural Products, Machinery, Chemicals",Export
Germany,Brazil,07-25,64134,"Semiconductors, Electronics, Machinery",Export
Switzerland,Germany,03-25,168205,"Gems, Jewelry, Pharmaceuticals",Export
Thailand,China,03-25,245270,"Vehicles, Machinery, Chemicals",Export
Canada,Italy,09-25,495924,"Electronics, Machinery, Chemicals",Import
India,Thailand,03-25,201386,"Fertilizers, Machinery, Electronics",Import
Australia,Germany,02-25,246470,"Vehicles, Machinery, Chemicals",Export
Sweden,Thailand,07-25,199535,"Natural Gas, Electronics, Machinery",Import
Sweden,Japan,11-25,157243,"Pharmaceuticals, Chemicals, Machinery",Export
Canada,Saudi Arabia,07-25,301238,"Fertilizers, Machinery, Electronics",Import
Mexico,France,11-25,320924,"Fertilizers, Machinery, Electronics",Import
Vietnam,Belgium,04-25,398433,"Machinery, Electronics, Vehicles",Import
Brazil,Thailand,07-25,402993,"Agricultural Products, Machinery, Chemicals",Export
Indonesia,South Korea,06-25,62331,"Natural Gas, Electronics, Machinery",Import
Austria,Sweden,03-25,240653,"Electronics Components, Machinery, Fabrics",Import
Switzerland,Indonesia,10-25,204731,"Gems, Jewelry, Pharmaceuticals",Export
Italy,Thailand,10-25,229217,"Crude Oil, Electronics, Gold",Import
Thailand,India,05-25,84103,"Crude Oil, Electronics, Gold",Import
Turkey,Thailand,04-25,369855,"Gems, Jewelry, Pharmaceuticals",Export
Norway,Russia,01-25,132359,"Gems, Jewelry, Pharmaceuticals",Export
Poland,Brazil,09-25,316493,"Gems, Jewelry, Pharmaceuticals",Export
Vietnam,Norway,01-25,358520,"Pharmaceuticals, Chemicals, Machinery",Export
Denmark,Malaysia,09-25,279258,"Vehicles, Machinery, Pharmaceuticals",Import
Netherlands,Spain,11-25,12607,"Textiles, Footwear, Machinery",Export
France,Brazil,03-25,375972,"Fertilizers, Machinery, Electronics",Import
Italy,Thailand,07-25,157807,"Pharmaceuticals, Machinery, Chemicals",Import
India,Germany,03-25,56037,"Aircraft, Machinery, Pharmaceuticals",Export
Italy,Germany,12-25,150272,"Vehicles, Machinery, Chemicals",Export
Singapore,Indonesia,05-25,381311,"Vehicles, Machinery, Chemicals",Export
Belgium,Mexico,01-25,159929,"Electronics, Machinery, Vehicles",Export
Switzerland,Saudi Arabia,02-25,333035,"Electronics, Machinery, Chemicals",Import
Vietnam,India,04-25,40713,"Electronics, Machinery, Chemicals",Import
South Korea,Mexico,02-25,66047,"Agricultural Products, Machinery, Chemicals",Export
Vietnam,Spain,12-25,158399,"Iron Ore, Soybeans, Crude Oil",Export
South Korea,Malaysia,07-25,192435,"Electronics, Machinery, Vehicles",Export
Singapore,China,11-25,128964,"Fertilizers, Machinery, Electronics",Import
South Korea,United Kingdom,01-25,70317,"Crude Oil, Electronics, Gold",Import
Netherlands,Thailand,03-25,38020,"Fertilizers, Machinery, Electronics",Import
Sweden,Belgium,03-25,152705,"Gems, Jewelry, Pharmaceuticals",Export
Turkey,Germany,08-25,237897,"Natural Gas, Electronics, Machinery",Import
Austria,India,07-25,410669,"Machinery, Electronics, Vehicles",Import
Australia,Singapore,11-25,59271,"Iron Ore, Soybeans, Crude Oil",Export
United Kingdom,Spain,12-25,53976,"Vehicles, Machinery, Pharmaceuticals",Import
Sweden,Netherlands,04-25,28475,"Pharmaceuticals, Machinery, Chemicals",Import
Belgium,Vietnam,08-25,225780,"Vehicles, Machinery, Chemicals",Export
Mexico,Turkey,05-25,161040,"Fertilizers, Machinery, Electronics",Import
Netherlands,Poland,10-25,83053,"Pharmaceuticals, Machinery, Chemicals",Import
China,France,02-25,401711,"Fertilizers, Machinery, Electronics",Import
Indonesia,Saudi Arabia,02-25,396349,"Iron Ore, Soybeans, Crude Oil",Export
UAE,Switzerland,06-25,59829,"Iron Ore, Soybeans, Crude Oil",Export
China,Norway,01-25,331994,"Machinery, Electronics, Vehicles",Import
Spain,United States,08-25,279576,"Machinery, Electronics, Vehicles",Import
Netherlands,Norway,06-25,56326,"Fertilizers, Machinery, Electronics",Import
Japan,France,10-25,250003,"Electronics, Machinery, Vehicles",Export
Italy,South Korea,12-25,203146,"Gems, Jewelry, Pharmaceuticals",Export
Netherlands,Canada,07-25,363199,"Pharmaceuticals, Machinery, Chemicals",Import
Poland,Germany,08-25,390480,"Aircraft, Machinery, Pharmaceuticals",Export
Austria,United States,04-25,80089,"Aircraft, Machinery, Pharmaceuticals",Export
United Kingdom,Indonesia,03-25,62764,"Crude Oil, Electronics, Gold",Import
UAE,Japan,09-25,49249,"Machinery, Electronics, Vehicles",Import
Poland,Vietnam,07-25,455623,"Pharmaceuticals, Chemicals, Machinery",Export
Mexico,France,03-25,167043,"Textiles, Footwear, Machinery",Export
Saudi Arabia,India,02-25,19250,"Electronics, Machinery, Chemicals",Import
South Korea,South Africa,02-25,281130,"Pharmaceuticals, Machinery, Chemicals",Import
Germany,Singapore,06-25,378991,"Vehicles, Machinery, Pharmaceuticals",Import
Sweden,China,02-25,90183,"Natural Gas, Electronics, Machinery",Export
Singapore,Brazil,08-25,232536,"Semiconductors, Electronics, Machinery",Export
Canada,Sweden,04-25,280917,"Machinery, Electronics, Vehicles",Import
India,France,03-25,460748,"Electronics Components, Machinery, Fabrics",Import
Indonesia,South Africa,07-25,343488,"Agricultural Products, Machinery, Chemicals",Export
Thailand,China,01-25,262979,"Vehicles, Machinery, Chemicals",Export
Vietnam,United Kingdom,02-25,126388,"Pharmaceuticals, Machinery, Chemicals",Import
United States,Switzerland,10-25,312953,"Pharmaceuticals, Machinery, Chemicals",Import
Saudi Arabia,Russia,03-25,9846,"Semiconductors, Electronics, Machinery",Export
Turkey,Norway,02-25,64318,"Electronics Components, Machinery, Fabrics",Import
Austria,Spain,05-25,259882,"Semiconductors, Electronics, Machinery",Export
United States,Netherlands,09-25,206436,"Fertilizers, Machinery, Electronics",Import
United Kingdom,Vietnam,05-25,207946,"Textiles, Footwear, Machinery",Export
India,South Africa,02-25,255463,"Natural Gas, Electronics, Machinery",Export
Singapore,Norway,12-25,427188,"Agricultural Products, Machinery, Chemicals",Export
Spain,China,01-25,213302,"Semiconductors, Electronics, Machinery",Export
Netherlands,Canada,09-25,147124,"Machinery, Electronics, Vehicles",Import
China,Italy,03-25,423639,"Natural Gas, Electronics, Machinery",Import
Denmark,Saudi Arabia,04-25,167203,"Pharmaceuticals, Chemicals, Machinery",Export
Japan,Italy,07-25,187862,"Semiconductors, Electronics, Machinery",Export
Indonesia,Sweden,11-25,77510,"Crude Oil, Electronics, Gold",Import
Vietnam,China,11-25,437483,"Vehicles, Machinery, Pharmaceuticals",Import
Vietnam,Brazil,05-25,201319,"Gems, Jewelry, Pharmaceuticals",Export
Germany,Singapore,10-25,233221,"Fertilizers, Machinery, Electronics",Import
Austria,Brazil,05-25,110291,"Electronics Components, Machinery, Fabrics",Import
Canada,UAE,05-25,6150,"Electronics, Machinery, Chemicals",Import
France,Malaysia,05-25,393713,"Gems, Jewelry, Pharmaceuticals",Export
Vietnam,South Africa,11-25,199451,"Crude Oil, Electronics, Gold",Import
Brazil,Sweden,05-25,214531,"Machinery, Electronics, Vehicles",Import
Belgium,Germany,07-25,85699,"Textiles, Footwear, Machinery",Export
Indonesia,Thailand,02-25,354438,"Crude Oil, Electronics, Gold",Import
China,Norway,07-25,412119,"Textiles, Footwear, Machinery",Export
Sweden,Malaysia,01-25,105309,"Agricultural Products, Machinery, Chemicals",Export
Brazil,Spain,12-25,237434,"Vehicles, Machinery, Pharmaceuticals",Import
Turkey,Italy,10-25,444341,"Gems, Jewelry, Pharmaceuticals",Export
United States,Netherlands,11-25,434669,"Electronics Components, Machinery, Fabrics",Import
United States,India,05-25,211142,"Natural Gas, Electronics, Machinery",Import
Australia,Japan,11-25,386460,"Pharmaceuticals, Chemicals, Machinery",Export
Poland,Sweden,06-25,301794,"Aircraft, Machinery, Pharmaceuticals",Export
South Korea,Thailand,03-25,175005,"Agricultural Products, Machinery, Chemicals",Export
Netherlands,Thailand,06-25,202013,"Vehicles, Machinery, Pharmaceuticals",Import
Indonesia,Germany,09-25,45546,"Iron Ore, Soybeans, Crude Oil",Export
Brazil,Italy,04-25,292448,"Natural Gas, Electronics, Machinery",Import
Switzerland,Australia,07-25,314087,"Fertilizers, Machinery, Electronics",Import
UAE,Thailand,07-25,51252,"Crude Oil, Electronics, Gold",Import
Japan,Vietnam,04-25,428800,"Fertilizers, Machinery, Electronics",Import
South Korea,Japan,02-25,104211,"Pharmaceuticals, Machinery, Chemicals",Import
Sweden,Thailand,12-25,278568,"Textiles, Footwear, Machinery",Export
Brazil,Turkey,01-25,195200,"Electronics, Machinery, Vehicles",Export
Poland,India,10-25,447733,"Vehicles, Machinery, Chemicals",Export
Netherlands,Vietnam,03-25,311947,"Iron Ore, Soybeans, Crude Oil",Export
Belgium,Saudi Arabia,07-25,202095,"Machinery, Electronics, Vehicles",Import
India,China,03-25,122976,"Electronics, Machinery, Chemicals",Import
Canada,Vietnam,11-25,51296,"Pharmaceuticals, Machinery, Chemicals",Import
Australia,Saudi Arabia,05-25,214255,"Aircraft, Machinery, Pharmaceuticals",Export
Brazil,UAE,07-25,332968,"Pharmaceuticals, Machinery, Chemicals",Import
Vietnam,Poland,09-25,143768,"Semiconductors, Electronics, Machinery",Export
Canada,Switzerland,06-25,179009,"Pharmaceuticals, Chemicals, Machinery",Export
Austria,Japan,08-25,417495,"Agricultural Products, Machinery, Chemicals",Export
Netherlands,Sweden,02-25,216524,"Gems, Jewelry, Pharmaceuticals",Export
Indonesia,Spain,10-25,155495,"Electronics Components, Machinery, Fabrics",Import
Norway,Spain,03-25,338055,"Textiles, Footwear, Machinery",Export
Turkey,Mexico,07-25,130092,"Natural Gas, Electronics, Machinery",Import
Canada,Norway,11-25,25759,"Vehicles, Machinery, Chemicals",Export
Sweden,China,11-25,5502,"Electronics, Machinery, Chemicals",Import
Norway,Russia,02-25,446189,"Natural Gas, Electronics, Machinery",Import
France,Russia,05-25,162470,"Electronics, Machinery, Chemicals",Import
Turkey,Netherlands,04-25,28627,"Pharmaceuticals, Machinery, Chemicals",Import
Belgium,Netherlands,07-25,37120,"Natural Gas, Electronics, Machinery",Import
France,UAE,04-25,214356,"Pharmaceuticals, Machinery, Chemicals",Import
Switzerland,Turkey,12-25,254936,"Textiles, Footwear, Machinery",Export
Malaysia,South Africa,04-25,206476,"Electronics Components, Machinery, Fabrics",Import
Thailand,Vietnam,12-25,128860,"Aircraft, Machinery, Pharmaceuticals",Export
Australia,Thailand,11-25,378109,"Agricultural Products, Machinery, Chemicals",Export
Norway,South Africa,07-25,54908,"Agricultural Products, Machinery, Chemicals",Export
Belgium,United States,07-25,215629,"Semiconductors, Electronics, Machinery",Export
Norway,Singapore,09-25,474485,"Pharmaceuticals, Machinery, Chemicals",Import
Brazil,South Africa,08-25,233958,"Electronics, Machinery, Chemicals",Import
China,United States,01-25,416099,"Pharmaceuticals, Machinery, Chemicals",Import
Germany,South Africa,07-25,32308,"Vehicles, Machinery, Pharmaceuticals",Import
Netherlands,Thailand,11-25,166158,"Pharmaceuticals, Chemicals, Machinery",Export
Sweden,Indonesia,02-25,287934,"Aircraft, Machinery, Pharmaceuticals",Export
UAE,Sweden,06-25,46628,"Natural Gas, Electronics, Machinery",Export
Malaysia,South Africa,08-25,398294,"Iron Ore, Soybeans, Crude Oil",Export
Austria,Russia,10-25,405094,"Vehicles, Machinery, Pharmaceuticals",Import
Malaysia,Spain,03-25,448043,"Machinery, Electronics, Vehicles",Import
Sweden,South Korea,07-25,94870,"Electronics, Machinery, Vehicles",Export
Thailand,Japan,09-25,97211,"Crude Oil, Electronics, Gold",Import
Japan,South Korea,11-25,464782,"Vehicles, Machinery, Chemicals",Export
Mexico,Russia,05-25,173149,"Natural Gas, Electronics, Machinery",Export
Mexico,India,10-25,60776,"Natural Gas, Electronics, Machinery",Export
UAE,Vietnam,07-25,330255,"Electronics Components, Machinery, Fabrics",Import
Netherlands,China,06-25,448456,"Machinery, Electronics, Vehicles",Import
Switzerland,Mexico,07-25,242232,"Natural Gas, Electronics, Machinery",Import
Indonesia,Turkey,11-25,211733,"Natural Gas, Electronics, Machinery",Import
Denmark,South Africa,11-25,360581,"Electronics, Machinery, Vehicles",Export
Sweden,Australia,05-25,374213,"Machinery, Electronics, Vehicles",Import
Brazil,Norway,01-25,258391,"Gems, Jewelry, Pharmaceuticals",Export
Austria,Spain,02-25,351405,"Electronics Components, Machinery, Fabrics",Import
Singapore,Brazil,08-25,287101,"Agricultural Products, Machinery, Chemicals",Export
South Korea,Indonesia,10-25,371553,"Vehicles, Machinery, Pharmaceuticals",Import
United States,Thailand,11-25,3691,"Gems, Jewelry, Pharmaceuticals",Export
France,Poland,04-25,81685,"Electronics, Machinery, Vehicles",Export
Canada,UAE,09-25,335294,"Natural Gas, Electronics, Machinery",Import
Malaysia,Vietnam,07-25,246465,"Natural Gas, Electronics, Machinery",Export
United States,Saudi Arabia,09-25,359807,"Machinery, Electronics, Vehicles",Import
Spain,Thailand,12-25,3211,"Aircraft, Machinery, Pharmaceuticals",Export
Thailand,Switzerland,10-25,118700,"Electronics, Machinery, Vehicles",Export
India,China,03-25,287229,"Fertilizers, Machinery, Electronics",Import
Japan,Belgium,10-25,15798,"Gems, Jewelry, Pharmaceuticals",Export
Netherlands,United States,05-25,219636,"Pharmaceuticals, Machinery, Chemicals",Import
Australia,Saudi Arabia,09-25,215959,"Electronics, Machinery, Chemicals",Import
Mexico,Canada,09-25,128182,"Fertilizers, Machinery, Electronics",Import
Turkey,Thailand,04-25,260512,"Machinery, Electronics, Vehicles",Import
Italy,Netherlands,12-25,433135,"Agricultural Products, Machinery, Chemicals",Export
United States,United Kingdom,07-25,222238,"Natural Gas, Electronics, Machinery",Import
Turkey,Netherlands,06-25,380620,"Electronics, Machinery, Chemicals",Import
Malaysia,Australia,08-25,483748,"Natural Gas, Electronics, Machinery",Import
Belgium,Vietnam,05-25,39248,"Agricultural Products, Machinery, Chemicals",Export
Brazil,Canada,02-25,57456,"Fertilizers, Machinery, Electronics",Import
Thailand,Switzerland,02-25,96686,"Natural Gas, Electronics, Machinery",Export
Italy,Canada,04-25,232613,"Agricultural Products, Machinery, Chemicals",Export
Switzerland,Singapore,12-25,212960,"Machinery, Electronics, Vehicles",Import
Australia,Spain,01-25,318080,"Electronics, Machinery, Chemicals",Import
Thailand,China,06-25,424261,"Pharmaceuticals, Machinery, Chemicals",Import
Australia,United Kingdom,05-25,145220,"Gems, Jewelry, Pharmaceuticals",Export
Thailand,Sweden,04-25,70977,"Fertilizers, Machinery, Electronics",Import
Sweden,UAE,11-25,348974,"Crude Oil, Electronics, Gold",Import
Denmark,Turkey,06-25,247169,"Electronics Components, Machinery, Fabrics",Import
Poland,France,04-25,144157,"Aircraft, Machinery, Pharmaceuticals",Export
Malaysia,France,02-25,449776,"Electronics, Machinery, Chemicals",Import
Mexico,Switzerland,04-25,402490,"Vehicles, Machinery, Chemicals",Export
Mexico,Italy,06-25,346466,"Electronics Components, Machinery, Fabrics",Import
Netherlands,China,02-25,245335,"Natural Gas, Electronics, Machinery",Import
Canada,Saudi Arabia,06-25,146493,"Gems, Jewelry, Pharmaceuticals",Export
Canada,Sweden,07-25,400832,"Crude Oil, Electronics, Gold",Import
Australia,China,05-25,91247,"Iron Ore, Soybeans, Crude Oil",Export
Mexico,Indonesia,11-25,118636,"Machinery, Electronics, Vehicles",Import
Poland,Indonesia,03-25,170911,"Electronics Components, Machinery, Fabrics",Import
Belgium,Turkey,01-25,278263,"Gems, Jewelry, Pharmaceuticals",Export
Austria,Spain,02-25,204168,"Agricultural Products, Machinery, Chemicals",Export
Malaysia,Turkey,05-25,259837,"Vehicles, Machinery, Pharmaceuticals",Import
Thailand,UAE,12-25,11346,"Vehicles, Machinery, Pharmaceuticals",Import
Sweden,South Korea,11-25,108110,"Pharmaceuticals, Machinery, Chemicals",Import
UAE,Brazil,03-25,103426,"Agricultural Products, Machinery, Chemicals",Export
Australia,Sweden,03-25,326872,"Electronics, Machinery, Vehicles",Export
UAE,United States,11-25,123738,"Crude Oil, Electronics, Gold",Import
South Korea,Poland,03-25,2741,"Agricultural Products, Machinery, Chemicals",Export
Norway,Brazil,02-25,348101,"Electronics, Machinery, Vehicles",Export
Spain,Australia,07-25,472187,"Iron Ore, Soybeans, Crude Oil",Export
Germany,Sweden,12-25,58839,"Natural Gas, Electronics, Machinery",Export
Belgium,South Africa,06-25,319199,"Natural Gas, Electronics, Machinery",Import
South Korea,Netherlands,08-25,467973,"Fertilizers, Machinery, Electronics",Import
Italy,Sweden,10-25,256949,"Aircraft, Machinery, Pharmaceuticals",Export
Austria,Canada,06-25,312970,"Electronics, Machinery, Vehicles",Export
Switzerland,Vietnam,06-25,380320,"Electronics Components, Machinery, Fabrics",Import
Vietnam,United States,01-25,301089,"Textiles, Footwear, Machinery",Export
Sweden,Vietnam,04-25,262642,"Vehicles, Machinery, Chemicals",Export
Malaysia,Switzerland,10-25,214417,"Electronics Components, Machinery, Fabrics",Import
Germany,Poland,11-25,249019,"Natural Gas, Electronics, Machinery",Import
Poland,Russia,01-25,395658,"Crude Oil, Electronics, Gold",Import
Spain,United States,12-25,160594,"Pharmaceuticals, Chemicals, Machinery",Export
Canada,Norway,09-25,419494,"Electronics, Machinery, Vehicles",Export
Turkey,Norway,07-25,25400,"Vehicles, Machinery, Pharmaceuticals",Import
Mexico,Japan,03-25,246449,"Semiconductors, Electronics, Machinery",Export
Germany,Netherlands,12-25,22467,"Vehicles, Machinery, Chemicals",Export
China,Vietnam,03-25,434250,"Aircraft, Machinery, Pharmaceuticals",Export
Vietnam,UAE,11-25,94778,"Fertilizers, Machinery, Electronics",Import
Turkey,Germany,10-25,467436,"Iron Ore, Soybeans, Crude Oil",Export
Belgium,Norway,08-25,407051,"Semiconductors, Electronics, Machinery",Export
South Korea,Poland,08-25,162412,"Vehicles, Machinery, Chemicals",Export
Canada,Sweden,10-25,292644,"Pharmaceuticals, Chemicals, Machinery",Export
Switzerland,Sweden,11-25,440160,"Aircraft, Machinery, Pharmaceuticals",Export
Norway,Poland,06-25,137776,"Pharmaceuticals, Machinery, Chemicals",Import
Australia,Singapore,12-25,231319,"Electronics Components, Machinery, Fabrics",Import
Italy,Norway,10-25,380959,"Agricultural Products, Machinery, Chemicals",Export
Japan,Brazil,10-25,259267,"Machinery, Electronics, Vehicles",Import
Spain,China,07-25,418876,"Agricultural Products, Machinery, Chemicals",Export
Australia,Netherlands,03-25,304168,"Pharmaceuticals, Chemicals, Machinery",Export
UAE,Singapore,05-25,170893,"Crude Oil, Electronics, Gold",Import
Sweden,United States,07-25,254426,"Vehicles, Machinery, Pharmaceuticals",Import
Singapore,Malaysia,03-25,269978,"Natural Gas, Electronics, Machinery",Import
Japan,Belgium,04-25,336515,"Gems, Jewelry, Pharmaceuticals",Export
Thailand,United States,02-25,386344,"Natural Gas, Electronics, Machinery",Export
France,Australia,10-25,158447,"Crude Oil, Electronics, Gold",Import
Thailand,Turkey,05-25,121099,"Crude Oil, Electronics, Gold",Import
Malaysia,Italy,10-25,33060,"Electronics, Machinery, Chemicals",Import
Switzerland,Singapore,12-25,291546,"Machinery, Electronics, Vehicles",Import
Norway,Australia,02-25,184748,"Aircraft, Machinery, Pharmaceuticals",Export
Brazil,France,06-25,441109,"Natural Gas, Electronics, Machinery",Export
Canada,Poland,10-25,484839,"Gems, Jewelry, Pharmaceuticals",Export
Norway,Canada,03-25,193460,"Semiconductors, Electronics, Machinery",Export
Sweden,Belgium,10-25,24315,"Aircraft, Machinery, Pharmaceuticals",Export
Belgium,Netherlands,01-25,9503,"Pharmaceuticals, Chemicals, Machinery",Export
Thailand,South Korea,04-25,398390,"Machinery, Electronics, Vehicles",Import
Thailand,Belgium,11-25,125867,"Electronics, Machinery, Vehicles",Export
Saudi Arabia,Australia,06-25,456070,"Gems, Jewelry, Pharmaceuticals",Export
Singapore,Netherlands,03-25,50299,"Iron Ore, Soybeans, Crude Oil",Export
Japan,Australia,05-25,384066,"Natural Gas, Electronics, Machinery",Import
United Kingdom,South Korea,06-25,488088,"Iron Ore, Soybeans, Crude Oil",Export
Saudi Arabia,India,10-25,154399,"Pharmaceuticals, Machinery, Chemicals",Import
China,Thailand,09-25,118582,"Gems, Jewelry, Pharmaceuticals",Export
Turkey,South Africa,07-25,422891,"Machinery, Electronics, Vehicles",Import
Vietnam,Norway,08-25,46680,"Electronics, Machinery, Chemicals",Import
United States,South Korea,02-25,155227,"Crude Oil, Electronics, Gold",Import
Thailand,China,06-25,273345,"Natural Gas, Electronics, Machinery",Export
Poland,Singapore,02-25,287510,"Gems, Jewelry, Pharmaceuticals",Export
France,Singapore,09-25,228333,"Electronics, Machinery, Vehicles",Export
Saudi Arabia,Thailand,12-25,346315,"Gems, Jewelry, Pharmaceuticals",Export
Italy,Germany,09-25,370927,"Vehicles, Machinery, Pharmaceuticals",Import
Canada,Japan,01-25,222689,"Vehicles, Machinery, Pharmaceuticals",Import
Germany,South Korea,12-25,227094,"Natural Gas, Electronics, Machinery",Export
Switzerland,United States,09-25,189303,"Natural Gas, Electronics, Machinery",Import
India,Poland,06-25,308084,"Electronics Components, Machinery, Fabrics",Import
Poland,UAE,08-25,104446,"Textiles, Footwear, Machinery",Export
Norway,Belgium,11-25,468420,"Textiles, Footwear, Machinery",Export
Singapore,India,10-25,16125,"Fertilizers, Machinery, Electronics",Import
Norway,Mexico,05-25,339626,"Vehicles, Machinery, Chemicals",Export
Brazil,United Kingdom,08-25,88812,"Electronics Components, Machinery, Fabrics",Import
Singapore,Russia,03-25,218294,"Pharmaceuticals, Machinery, Chemicals",Import
Indonesia,Spain,10-25,37134,"Pharmaceuticals, Chemicals, Machinery",Export
Spain,UAE,12-25,363980,"Crude Oil, Electronics, Gold",Import
Canada,Brazil,04-25,77962,"Fertilizers, Machinery, Electronics",Import
South Korea,Poland,10-25,25079,"Pharmaceuticals, Chemicals, Machinery",Export
UAE,Saudi Arabia,01-25,275828,"Semiconductors, Electronics, Machinery",Export
Denmark,Turkey,09-25,397550,"Semiconductors, Electronics, Machinery",Export
UAE,United States,08-25,25754,"Machinery, Electronics, Vehicles",Import
Vietnam,Sweden,01-25,214000,"Natural Gas, Electronics, Machinery",Import
United States,Saudi Arabia,07-25,363083,"Vehicles, Machinery, Pharmaceuticals",Import
Spain,Saudi Arabia,12-25,47545,"Aircraft, Machinery, Pharmaceuticals",Export
Denmark,Turkey,06-25,451943,"Machinery, Electronics, Vehicles",Import
China,Mexico,08-25,222401,"Vehicles, Machinery, Chemicals",Export
China,Mexico,03-25,293136,"Agricultural Products, Machinery, Chemicals",Export
Turkey,Canada,04-25,332909,"Iron Ore, Soybeans, Crude Oil",Export
India,South Korea,08-25,386561,"Pharmaceuticals, Chemicals, Machinery",Export
Thailand,Sweden,04-25,349335,"Semiconductors, Electronics, Machinery",Export
Sweden,Germany,01-25,122547,"Machinery, Electronics, Vehicles",Import
Australia,Japan,11-25,311734,"Machinery, Electronics, Vehicles",Import
Poland,Malaysia,05-25,495611,"Aircraft, Machinery, Pharmaceuticals",Export
Norway,Brazil,12-25,183947,"Electronics Components, Machinery, Fabrics",Import
Poland,Germany,11-25,284929,"Electronics, Machinery, Chemicals",Import
Australia,Belgium,05-25,197006,"Iron Ore, Soybeans, Crude Oil",Export
Thailand,Sweden,12-25,353424,"Electronics Components, Machinery, Fabrics",Import
Australia,Thailand,03-25,204552,"Electronics, Machinery, Chemicals",Import
Japan,Belgium,05-25,110291,"Natural Gas, Electronics, Machinery",Export
Thailand,Sweden,10-25,461668,"Natural Gas, Electronics, Machinery",Export
Singapore,Poland,07-25,248719,"Crude Oil, Electronics, Gold",Import
Japan,UAE,02-25,171023,"Vehicles, Machinery, Pharmaceuticals",Import
Switzerland,Spain,09-25,495088,"Iron Ore, Soybeans, Crude Oil",Export
Austria,Norway,11-25,78402,"Natural Gas, Electronics, Machinery",Import
Poland,Belgium,06-25,125731,"Vehicles, Machinery, Chemicals",Export
India,Indonesia,06-25,426665,"Agricultural Products, Machinery, Chemicals",Export
South Korea,Singapore,10-25,168422,"Electronics Components, Machinery, Fabrics",Import
Austria,Spain,01-25,282475,"Crude Oil, Electronics, Gold",Import
Netherlands,Brazil,10-25,349341,"Electronics, Machinery, Chemicals",Import
United Kingdom,Singapore,12-25,4863,"Fertilizers, Machinery, Electronics",Import
Brazil,Turkey,02-25,461883,"Natural Gas, Electronics, Machinery",Export
Norway,Malaysia,01-25,183270,"Vehicles, Machinery, Pharmaceuticals",Import
Netherlands,Belgium,07-25,477091,"Electronics, Machinery, Vehicles",Export
Netherlands,Belgium,06-25,400493,"Textiles, Footwear, Machinery",Export
Austria,Indonesia,01-25,87846,"Natural Gas, Electronics, Machinery",Export
Poland,South Korea,02-25,392370,"Electronics, Machinery, Vehicles",Export
Netherlands,Canada,03-25,276165,"Natural Gas, Electronics, Machinery",Export
Belgium,Vietnam,05-25,298627,"Crude Oil, Electronics, Gold",Import
Australia,Spain,06-25,246025,"Natural Gas, Electronics, Machinery",Export
Canada,Saudi Arabia,02-25,52905,"Pharmaceuticals, Machinery, Chemicals",Import
Malaysia,Saudi Arabia,06-25,317777,"Vehicles, Machinery, Pharmaceuticals",Import
Norway,Spain,08-25,165057,"Crude Oil, Electronics, Gold",Import
South Korea,United Kingdom,01-25,121080,"Fertilizers, Machinery, Electronics",Import
United States,Brazil,12-25,301022,"Vehicles, Machinery, Pharmaceuticals",Import
Netherlands,Belgium,06-25,119849,"Vehicles, Machinery, Chemicals",Export
Belgium,South Africa,05-25,86734,"Textiles, Footwear, Machinery",Export
Switzerland,Poland,04-25,293568,"Electronics, Machinery, Chemicals",Import
Singapore,Australia,04-25,431061,"Electronics, Machinery, Vehicles",Export
Singapore,Spain,02-25,481259,"Crude Oil, Electronics, Gold",Import
Turkey,Brazil,07-25,145127,"Vehicles, Machinery, Pharmaceuticals",Import
France,United States,11-25,294110,"Agricultural Products, Machinery, Chemicals",Export
Thailand,South Africa,09-25,494833,"Electronics, Machinery, Chemicals",Import
Malaysia,Sweden,01-25,124704,"Semiconductors, Electronics, Machinery",Export
United Kingdom,United States,03-25,184808,"Pharmaceuticals, Machinery, Chemicals",Import
Saudi Arabia,Thailand,04-25,365435,"Vehicles, Machinery, Chemicals",Export
India,France,09-25,482721,"Natural Gas, Electronics, Machinery",Export
South Korea,Singapore,03-25,76670,"Textiles, Footwear, Machinery",Export
Canada,Australia,04-25,65138,"Electronics Components, Machinery, Fabrics",Import
Saudi Arabia,Indonesia,12-25,39059,"Gems, Jewelry, Pharmaceuticals",Export
Netherlands,Russia,03-25,118958,"Electronics, Machinery, Chemicals",Import
Denmark,Poland,08-25,408542,"Natural Gas, Electronics, Machinery",Import
Singapore,France,12-25,50210,"Pharmaceuticals, Machinery, Chemicals",Import
Switzerland,Thailand,05-25,75076,"Natural Gas, Electronics, Machinery",Export
Denmark,Turkey,03-25,460670,"Natural Gas, Electronics, Machinery",Import
Sweden,Germany,09-25,437006,"Natural Gas, Electronics, Machinery",Import
Switzerland,Russia,09-25,74732,"Gems, Jewelry, Pharmaceuticals",Export
Mexico,South Africa,03-25,189197,"Textiles, Footwear, Machinery",Export
Norway,South Korea,12-25,422031,"Iron Ore, Soybeans, Crude Oil",Export
France,Malaysia,09-25,32460,"Gems, Jewelry, Pharmaceuticals",Export
Germany,Netherlands,12-25,336877,"Vehicles, Machinery, Pharmaceuticals",Import
Italy,United Kingdom,07-25,64127,"Electronics, Machinery, Chemicals",Import
United Kingdom,UAE,10-25,434954,"Fertilizers, Machinery, Electronics",Import
India,Canada,09-25,315102,"Electronics Components, Machinery, Fabrics",Import
Brazil,Canada,05-25,310933,"Natural Gas, Electronics, Machinery",Export
Brazil,Netherlands,01-25,239600,"Machinery, Electronics, Vehicles",Import
UAE,Brazil,11-25,106853,"Electronics, Machinery, Vehicles",Export
Malaysia,Mexico,12-25,340014,"Pharmaceuticals, Machinery, Chemicals",Import
Belgium,Sweden,02-25,469579,"Fertilizers, Machinery, Electronics",Import
Germany,Italy,02-25,264358,"Crude Oil, Electronics, Gold",Import
Germany,Mexico,06-25,263851,"Natural Gas, Electronics, Machinery",Import
Mexico,United States,11-25,146877,"Pharmaceuticals, Chemicals, Machinery",Export
China,Russia,06-25,28517,"Vehicles, Machinery, Pharmaceuticals",Import
Sweden,Japan,09-25,355391,"Gems, Jewelry, Pharmaceuticals",Export
China,Belgium,01-25,361004,"Pharmaceuticals, Chemicals, Machinery",Export
Australia,Turkey,11-25,462600,"Electronics, Machinery, Vehicles",Export
Switzerland,Indonesia,08-25,246880,"Electronics Components, Machinery, Fabrics",Import
Spain,Switzerland,12-25,41409,"Crude Oil, Electronics, Gold",Import
France,Malaysia,09-25,474704,"Crude Oil, Electronics, Gold",Import
Saudi Arabia,France,09-25,119259,"Vehicles, Machinery, Chemicals",Export
South Korea,Turkey,05-25,333930,"Aircraft, Machinery, Pharmaceuticals",Export
Norway,Switzerland,10-25,238376,"Electronics Components, Machinery, Fabrics",Import
Spain,Russia,04-25,53714,"Aircraft, Machinery, Pharmaceuticals",Export
Thailand,Indonesia,03-25,490702,"Semiconductors, Electronics, Machinery",Export
Brazil,Germany,12-25,18204,"Gems, Jewelry, Pharmaceuticals",Export
UAE,Malaysia,12-25,290509,"Aircraft, Machinery, Pharmaceuticals",Export
India,Japan,07-25,223787,"Natural Gas, Electronics, Machinery",Import
Switzerland,Brazil,12-25,366830,"Natural Gas, Electronics, Machinery",Import
Saudi Arabia,Canada,03-25,21643,"Natural Gas, Electronics, Machinery",Import
Vietnam,Brazil,12-25,17765,"Electronics, Machinery, Vehicles",Export
Germany,South Africa,02-25,255714,"Vehicles, Machinery, Pharmaceuticals",Import
Thailand,Turkey,04-25,75256,"Electronics Components, Machinery, Fabrics",Import
Mexico,Saudi Arabia,07-25,296005,"Machinery, Electronics, Vehicles",Import
United Kingdom,Poland,04-25,391251,"Pharmaceuticals, Machinery, Chemicals",Import
Norway,Mexico,11-25,147598,"Natural Gas, Electronics, Machinery",Export
India,Thailand,05-25,175871,"Natural Gas, Electronics, Machinery",Import
Switzerland,Singapore,02-25,282372,"Crude Oil, Electronics, Gold",Import
Canada,Indonesia,11-25,417307,"Agricultural Products, Machinery, Chemicals",Export
Spain,Netherlands,09-25,13950,"Pharmaceuticals, Chemicals, Machinery",Export
Singapore,Norway,10-25,45278,"Electronics Components, Machinery, Fabrics",Import
Denmark,Switzerland,11-25,350116,"Textiles, Footwear, Machinery",Export
Vietnam,Brazil,02-25,15361,"Natural Gas, Electronics, Machinery",Export
China,Spain,07-25,341498,"Electronics, Machinery, Chemicals",Import
Australia,Belgium,08-25,419496,"Aircraft, Machinery, Pharmaceuticals",Export
Singapore,Belgium,02-25,251974,"Crude Oil, Electronics, Gold",Import
UAE,Italy,07-25,212390,"Pharmaceuticals, Machinery, Chemicals",Import
Australia,Mexico,01-25,38118,"Electronics Components, Machinery, Fabrics",Import
Norway,United States,08-25,140127,"Agricultural Products, Machinery, Chemicals",Export
Saudi Arabia,Sweden,11-25,359137,"Semiconductors, Electronics, Machinery",Export
Austria,Mexico,06-25,151827,"Semiconductors, Electronics, Machinery",Export
Turkey,Spain,06-25,19769,"Vehicles, Machinery, Pharmaceuticals",Import
Netherlands,Mexico,08-25,415158,"Natural Gas, Electronics, Machinery",Export
France,Japan,09-25,236861,"Natural Gas, Electronics, Machinery",Import
Indonesia,Russia,09-25,41003,"Iron Ore, Soybeans, Crude Oil",Export
Brazil,UAE,05-25,245161,"Aircraft, Machinery, Pharmaceuticals",Export
United States,Thailand,03-25,143028,"Pharmaceuticals, Machinery, Chemicals",Import
Norway,Netherlands,01-25,149534,"Natural Gas, Electronics, Machinery",Export
Austria,Norway,05-25,377976,"Pharmaceuticals, Chemicals, Machinery",Export
UAE,Vietnam,06-25,279631,"Pharmaceuticals, Machinery, Chemicals",Import
Australia,Turkey,01-25,167531,"Vehicles, Machinery, Chemicals",Export
Spain,Switzerland,05-25,204435,"Natural Gas, Electronics, Machinery",Import
Belgium,Netherlands,10-25,158387,"Natural Gas, Electronics, Machinery",Import
Spain,Japan,09-25,365423,"Vehicles, Machinery, Pharmaceuticals",Import
Spain,Norway,09-25,315548,"Pharmaceuticals, Chemicals, Machinery",Export
Saudi Arabia,Norway,02-25,55428,"Pharmaceuticals, Machinery, Chemicals",Import
Indonesia,United Kingdom,09-25,7816,"Semiconductors, Electronics, Machinery",Export
China,Switzerland,09-25,458343,"Aircraft, Machinery, Pharmaceuticals",Export
Saudi Arabia,Canada,05-25,175252,"Electronics, Machinery, Chemicals",Import
Austria,UAE,04-25,70948,"Machinery, Electronics, Vehicles",Import
Japan,United States,02-25,219548,"Textiles, Footwear, Machinery",Export
Belgium,UAE,12-25,447667,"Gems, Jewelry, Pharmaceuticals",Export
Belgium,France,12-25,239029,"Iron Ore, Soybeans, Crude Oil",Export
Japan,Turkey,11-25,48924,"Crude Oil, Electronics, Gold",Import
India,France,05-25,274922,"Agricultural Products, Machinery, Chemicals",Export
Austria,Australia,08-25,280684,"Gems, Jewelry, Pharmaceuticals",Export
Japan,Vietnam,12-25,13065,"Electronics Components, Machinery, Fabrics",Import
Canada,Australia,07-25,469993,"Semiconductors, Electronics, Machinery",Export
Brazil,India,10-25,142262,"Gems, Jewelry, Pharmaceuticals",Export
Italy,Vietnam,05-25,476623,"Fertilizers, Machinery, Electronics",Import
Turkey,Malaysia,06-25,389353,"Gems, Jewelry, Pharmaceuticals",Export
France,Malaysia,08-25,81486,"Electronics Components, Machinery, Fabrics",Import
UAE,Germany,09-25,484408,"Crude Oil, Electronics, Gold",Import
Austria,South Africa,06-25,221152,"Machinery, Electronics, Vehicles",Import
Malaysia,Japan,09-25,309979,"Fertilizers, Machinery, Electronics",Import
Canada,Poland,01-25,477907,"Crude Oil, Electronics, Gold",Import
China,Indonesia,03-25,103025,"Pharmaceuticals, Chemicals, Machinery",Export
Denmark,Norway,11-25,84010,"Iron Ore, Soybeans, Crude Oil",Export
France,Netherlands,05-25,408211,"Electronics, Machinery, Chemicals",Import
UAE,Australia,04-25,426919,"Aircraft, Machinery, Pharmaceuticals",Export
Saudi Arabia,Norway,06-25,111400,"Semiconductors, Electronics, Machinery",Export
Australia,Norway,12-25,340463,"Textiles, Footwear, Machinery",Export
Switzerland,South Korea,08-25,81748,"Vehicles, Machinery, Pharmaceuticals",Import
Malaysia,Singapore,05-25,495277,"Electronics Components, Machinery, Fabrics",Import
United States,Thailand,01-25,225272,"Semiconductors, Electronics, Machinery",Export
Thailand,Malaysia,04-25,343650,"Textiles, Footwear, Machinery",Export
Germany,Thailand,12-25,210910,"Crude Oil, Electronics, Gold",Import
Brazil,Spain,09-25,470844,"Gems, Jewelry, Pharmaceuticals",Export
Netherlands,India,08-25,485796,"Vehicles, Machinery, Pharmaceuticals",Import
United Kingdom,Australia,08-25,250777,"Machinery, Electronics, Vehicles",Import
Malaysia,Australia,04-25,370883,"Pharmaceuticals, Chemicals, Machinery",Export
Saudi Arabia,Turkey,03-25,427998,"Vehicles, Machinery, Chemicals",Export
Netherlands,Poland,03-25,47266,"Pharmaceuticals, Machinery, Chemicals",Import
Switzerland,Singapore,11-25,4504,"Pharmaceuticals, Machinery, Chemicals",Import
Australia,Indonesia,11-25,399305,"Aircraft, Machinery, Pharmaceuticals",Export
South Korea,Norway,08-25,15474,"Gems, Jewelry, Pharmaceuticals",Export
Sweden,Vietnam,05-25,410674,"Electronics Components, Machinery, Fabrics",Import
Saudi Arabia,Singapore,05-25,235223,"Electronics, Machinery, Chemicals",Import
India,United States,07-25,242552,"Iron Ore, Soybeans, Crude Oil",Export
Belgium,South Korea,01-25,110913,"Semiconductors, Electronics, Machinery",Export
Brazil,United Kingdom,05-25,217039,"Semiconductors, Electronics, Machinery",Export
Italy,Mexico,04-25,350546,"Semiconductors, Electronics, Machinery",Export
United Kingdom,Turkey,07-25,106849,"Electronics, Machinery, Chemicals",Import
France,Switzerland,07-25,171959,"Iron Ore, Soybeans, Crude Oil",Export
Mexico,Turkey,02-25,164779,"Textiles, Footwear, Machinery",Export
India,Netherlands,12-25,289608,"Electronics, Machinery, Chemicals",Import
Mexico,Saudi Arabia,12-25,68021,"Iron Ore, Soybeans, Crude Oil",Export
Poland,Australia,09-25,379241,"Electronics Components, Machinery, Fabrics",Import
Poland,Mexico,07-25,52901,"Vehicles, Machinery, Pharmaceuticals",Import
Japan,South Africa,09-25,154275,"Vehicles, Machinery, Pharmaceuticals",Import
Malaysia,Russia,07-25,58122,"Textiles, Footwear, Machinery",Export
India,South Korea,09-25,241450,"Machinery, Electronics, Vehicles",Import
Austria,Saudi Arabia,06-25,435641,"Iron Ore, Soybeans, Crude Oil",Export
South Korea,Saudi Arabia,12-25,411730,"Vehicles, Machinery, Chemicals",Export
Belgium,Italy,03-25,328070,"Vehicles, Machinery, Chemicals",Export
Japan,Italy,10-25,17022,"Gems, Jewelry, Pharmaceuticals",Export
France,South Korea,04-25,264243,"Semiconductors, Electronics, Machinery",Export
Norway,Singapore,08-25,70353,"Machinery, Electronics, Vehicles",Import
South Korea,Spain,07-25,87251,"Machinery, Electronics, Vehicles",Import
Spain,China,05-25,408702,"Natural Gas, Electronics, Machinery",Import
Denmark,Brazil,01-25,9758,"Agricultural Products, Machinery, Chemicals",Export
Poland,Turkey,07-25,417051,"Electronics, Machinery, Vehicles",Export
Thailand,Brazil,11-25,447474,"Vehicles, Machinery, Pharmaceuticals",Import
Austria,Netherlands,01-25,351037,"Natural Gas, Electronics, Machinery",Import
Germany,Thailand,04-25,104625,"Aircraft, Machinery, Pharmaceuticals",Export
Sweden,Saudi Arabia,03-25,290648,"Electronics Components, Machinery, Fabrics",Import
Thailand,Brazil,04-25,480558,"Pharmaceuticals, Chemicals, Machinery",Export
Austria,Indonesia,12-25,435507,"Crude Oil, Electronics, Gold",Import
Vietnam,Saudi Arabia,07-25,60397,"Natural Gas, Electronics, Machinery",Import
Brazil,Japan,08-25,203435,"Crude Oil, Electronics, Gold",Import
Poland,United Kingdom,08-25,313035,"Crude Oil, Electronics, Gold",Import
South Korea,Sweden,06-25,210787,"Electronics, Machinery, Vehicles",Export
Mexico,Germany,12-25,170033,"Iron Ore, Soybeans, Crude Oil",Export
Thailand,India,06-25,429444,"Textiles, Footwear, Machinery",Export
Netherlands,Vietnam,09-25,99013,"Aircraft, Machinery, Pharmaceuticals",Export
China,India,03-25,115227,"Machinery, Electronics, Vehicles",Import
Vietnam,Canada,02-25,69626,"Semiconductors, Electronics, Machinery",Export
Poland,Germany,09-25,481963,"Vehicles, Machinery, Chemicals",Export
Denmark,India,10-25,419881,"Fertilizers, Machinery, Electronics",Import
Singapore,Spain,10-25,25521,"Aircraft, Machinery, Pharmaceuticals",Export
Vietnam,Germany,03-25,312275,"Vehicles, Machinery, Pharmaceuticals",Import
Malaysia,Italy,04-25,57215,"Pharmaceuticals, Machinery, Chemicals",Import
Sweden,India,10-25,265997,"Machinery, Electronics, Vehicles",Import
Brazil,Germany,08-25,315783,"Electronics, Machinery, Vehicles",Export
France,Malaysia,07-25,434197,"Semiconductors, Electronics, Machinery",Export
India,Netherlands,08-25,294167,"Crude Oil, Electronics, Gold",Import
Poland,Spain,09-25,409373,"Fertilizers, Machinery, Electronics",Import
Denmark,United Kingdom,11-25,201795,"Gems, Jewelry, Pharmaceuticals",Export
UAE,Germany,12-25,223891,"Textiles, Footwear, Machinery",Export
Canada,Vietnam,09-25,370288,"Aircraft, Machinery, Pharmaceuticals",Export
France,Netherlands,07-25,399614,"Aircraft, Machinery, Pharmaceuticals",Export
Vietnam,South Africa,03-25,269557,"Vehicles, Machinery, Pharmaceuticals",Import
United States,Saudi Arabia,11-25,37748,"Pharmaceuticals, Machinery, Chemicals",Import
Norway,Vietnam,12-25,425715,"Textiles, Footwear, Machinery",Export
Vietnam,Sweden,07-25,53232,"Electronics Components, Machinery, Fabrics",Import
Vietnam,China,06-25,295790,"Textiles, Footwear, Machinery",Export
Switzerland,Indonesia,11-25,344238,"Gems, Jewelry, Pharmaceuticals",Export
Malaysia,Belgium,09-25,409380,"Natural Gas, Electronics, Machinery",Import
Singapore,Spain,06-25,268467,"Machinery, Electronics, Vehicles",Import
United Kingdom,Indonesia,06-25,227236,"Iron Ore, Soybeans, Crude Oil",Export
Germany,United States,04-25,8718,"Crude Oil, Electronics, Gold",Import
Japan,Switzerland,02-25,86417,"Natural Gas, Electronics, Machinery",Export
Italy,Belgium,02-25,498336,"Natural Gas, Electronics, Machinery",Import
Malaysia,Italy,10-25,20878,"Electronics, Machinery, Chemicals",Import
Belgium,Sweden,10-25,151259,"Machinery, Electronics, Vehicles",Import
United States,France,10-25,497997,"Natural Gas, Electronics, Machinery",Export
Norway,Germany,06-25,221701,"Gems, Jewelry, Pharmaceuticals",Export
Brazil,Turkey,10-25,393915,"Vehicles, Machinery, Chemicals",Export
Poland,Brazil,05-25,484174,"Textiles, Footwear, Machinery",Export
Sweden,Mexico,10-25,218545,"Natural Gas, Electronics, Machinery",Import
Germany,Brazil,11-25,213587,"Electronics, Machinery, Vehicles",Export
Spain,Malaysia,12-25,150801,"Natural Gas, Electronics, Machinery",Import
Netherlands,China,05-25,323974,"Crude Oil, Electronics, Gold",Import
Thailand,Turkey,03-25,300690,"Vehicles, Machinery, Chemicals",Export
Poland,Canada,12-25,462811,"Machinery, Electronics, Vehicles",Import
Denmark,South Korea,01-25,287618,"Machinery, Electronics, Vehicles",Import
United Kingdom,China,01-25,242434,"Agricultural Products, Machinery, Chemicals",Export
Canada,Italy,05-25,252467,"Semiconductors, Electronics, Machinery",Export
Switzerland,Japan,05-25,446771,"Electronics, Machinery, Vehicles",Export
Mexico,Italy,07-25,387551,"Pharmaceuticals, Chemicals, Machinery",Export
Italy,Spain,08-25,247582,"Textiles, Footwear, Machinery",Export
Singapore,Norway,04-25,382398,"Iron Ore, Soybeans, Crude Oil",Export
Norway,Sweden,07-25,465589,"Electronics, Machinery, Vehicles",Export
Switzerland,Spain,03-25,358112,"Gems, Jewelry, Pharmaceuticals",Export
Saudi Arabia,Brazil,08-25,469517,"Fertilizers, Machinery, Electronics",Import
United Kingdom,Brazil,06-25,20025,"Textiles, Footwear, Machinery",Export
Austria,Germany,10-25,103085,"Pharmaceuticals, Machinery, Chemicals",Import
Thailand,Netherlands,03-25,155996,"Natural Gas, Electronics, Machinery",Export
Saudi Arabia,United States,02-25,352821,"Natural Gas, Electronics, Machinery",Import
Turkey,Italy,02-25,121525,"Fertilizers, Machinery, Electronics",Import
Thailand,Spain,06-25,348011,"Semiconductors, Electronics, Machinery",Export
Austria,France,11-25,406747,"Semiconductors, Electronics, Machinery",Export
Denmark,Belgium,09-25,310134,"Pharmaceuticals, Chemicals, Machinery",Export
France,UAE,01-25,5062,"Electronics, Machinery, Chemicals",Import
Thailand,Russia,07-25,469923,"Natural Gas, Electronics, Machinery",Export
Norway,Singapore,08-25,460357,"Semiconductors, Electronics, Machinery",Export
Poland,Malaysia,03-25,49828,"Vehicles, Machinery, Pharmaceuticals",Import
Netherlands,Brazil,04-25,244853,"Electronics Components, Machinery, Fabrics",Import
UAE,Brazil,10-25,343083,"Iron Ore, Soybeans, Crude Oil",Export
Singapore,Vietnam,06-25,140891,"Natural Gas, Electronics, Machinery",Export
Netherlands,Singapore,11-25,24624,"Aircraft, Machinery, Pharmaceuticals",Export
Sweden,Italy,07-25,193474,"Pharmaceuticals, Chemicals, Machinery",Export
Australia,Mexico,03-25,313766,"Gems, Jewelry, Pharmaceuticals",Export
India,South Korea,12-25,44120,"Textiles, Footwear, Machinery",Export
China,Italy,07-25,268364,"Pharmaceuticals, Machinery, Chemicals",Import
UAE,China,07-25,111826,"Natural Gas, Electronics, Machinery",Import
Spain,Thailand,04-25,112386,"Agricultural Products, Machinery, Chemicals",Export
Sweden,Vietnam,08-25,305582,"Iron Ore, Soybeans, Crude Oil",Export
Singapore,France,10-25,277771,"Natural Gas, Electronics, Machinery",Export
India,Turkey,07-25,195959,"Natural Gas, Electronics, Machinery",Import
United Kingdom,Norway,03-25,147200,"Natural Gas, Electronics, Machinery",Import
Spain,United States,01-25,428311,"Iron Ore, Soybeans, Crude Oil",Export
South Korea,Switzerland,05-25,45629,"Aircraft, Machinery, Pharmaceuticals",Export
Switzerland,Norway,09-25,183530,"Electronics Components, Machinery, Fabrics",Import
United Kingdom,Singapore,09-25,460331,"Electronics, Machinery, Chemicals",Import
Switzerland,South Korea,05-25,429297,"Aircraft, Machinery, Pharmaceuticals",Export
Indonesia,Japan,11-25,329301,"Electronics, Machinery, Chemicals",Import
Netherlands,Saudi Arabia,12-25,46529,"Agricultural Products, Machinery, Chemicals",Export
Saudi Arabia,Sweden,10-25,305960,"Natural Gas, Electronics, Machinery",Export
South Korea,Norway,05-25,230184,"Crude Oil, Electronics, Gold",Import
Norway,Vietnam,10-25,100633,"Textiles, Footwear, Machinery",Export
Indonesia,Singapore,05-25,161414,"Electronics Components, Machinery, Fabrics",Import
Thailand,Vietnam,01-25,238065,"Electronics, Machinery, Chemicals",Import
Brazil,Singapore,01-25,255327,"Aircraft, Machinery, Pharmaceuticals",Export
Thailand,Malaysia,06-25,474371,"Pharmaceuticals, Machinery, Chemicals",Import
France,South Africa,09-25,350168,"Fertilizers, Machinery, Electronics",Import
United States,Singapore,01-25,89307,"Machinery, Electronics, Vehicles",Import
Switzerland,South Africa,03-25,34040,"Natural Gas, Electronics, Machinery",Import
Mexico,France,04-25,2430,"Iron Ore, Soybeans, Crude Oil",Export
Brazil,China,11-25,219339,"Agricultural Products, Machinery, Chemicals",Export
Poland,UAE,05-25,120931,"Pharmaceuticals, Machinery, Chemicals",Import
Italy,Malaysia,07-25,148133,"Aircraft, Machinery, Pharmaceuticals",Export
Malaysia,France,09-25,201642,"Electronics, Machinery, Vehicles",Export
Denmark,Australia,09-25,192524,"Electronics, Machinery, Chemicals",Import
Malaysia,Netherlands,10-25,285864,"Vehicles, Machinery, Pharmaceuticals",Import
UAE,Poland,04-25,125524,"Electronics Components, Machinery, Fabrics",Import
Thailand,South Africa,03-25,78769,"Pharmaceuticals, Chemicals, Machinery",Export
United Kingdom,United States,05-25,340975,"Crude Oil, Electronics, Gold",Import
Austria,Belgium,06-25,231889,"Natural Gas, Electronics, Machinery",Import
UAE,Switzerland,11-25,354798,"Machinery, Electronics, Vehicles",Import
Saudi Arabia,United Kingdom,07-25,55053,"Iron Ore, Soybeans, Crude Oil",Export
Mexico,Thailand,03-25,147496,"Iron Ore, Soybeans, Crude Oil",Export
Poland,Belgium,05-25,437891,"Pharmaceuticals, Machinery, Chemicals",Import
Norway,Thailand,05-25,489118,"Fertilizers, Machinery, Electronics",Import
Spain,Netherlands,04-25,466319,"Textiles, Footwear, Machinery",Export
Netherlands,Norway,05-25,217354,"Electronics Components, Machinery, Fabrics",Import
Norway,United States,12-25,342903,"Pharmaceuticals, Chemicals, Machinery",Export
Malaysia,South Africa,10-25,10711,"Electronics Components, Machinery, Fabrics",Import
France,Canada,07-25,404714,"Natural Gas, Electronics, Machinery",Export
Mexico,India,08-25,163881,"Vehicles, Machinery, Pharmaceuticals",Import
Australia,China,03-25,303005,"Iron Ore, Soybeans, Crude Oil",Export
Netherlands,United States,07-25,454193,"Crude Oil, Electronics, Gold",Import
Brazil,Switzerland,12-25,450285,"Natural Gas, Electronics, Machinery",Import
Denmark,India,02-25,162641,"Gems, Jewelry, Pharmaceuticals",Export
Austria,Poland,09-25,485494,"Electronics, Machinery, Chemicals",Import
France,South Africa,05-25,204483,"Vehicles, Machinery, Pharmaceuticals",Import
Turkey,Vietnam,02-25,108059,"Electronics, Machinery, Chemicals",Import
Switzerland,Belgium,11-25,324921,"Gems, Jewelry, Pharmaceuticals",Export
Brazil,Indonesia,09-25,127166,"Pharmaceuticals, Chemicals, Machinery",Export
Japan,Russia,10-25,9700,"Natural Gas, Electronics, Machinery",Export
India,United Kingdom,11-25,10672,"Aircraft, Machinery, Pharmaceuticals",Export
Mexico,Germany,12-25,385066,"Semiconductors, Electronics, Machinery",Export
India,Turkey,09-25,474622,"Aircraft, Machinery, Pharmaceuticals",Export
Malaysia,Netherlands,06-25,149304,"Natural Gas, Electronics, Machinery",Import
Denmark,Australia,11-25,85341,"Vehicles, Machinery, Pharmaceuticals",Import
Poland,Belgium,04-25,152312,"Gems, Jewelry, Pharmaceuticals",Export
Germany,Norway,04-25,205518,"Natural Gas, Electronics, Machinery",Import
Denmark,Japan,12-25,137096,"Pharmaceuticals, Chemicals, Machinery",Export
India,Russia,10-25,35644,"Electronics Components, Machinery, Fabrics",Import
Japan,Russia,02-25,29789,"Gems, Jewelry, Pharmaceuticals",Export
Spain,Saudi Arabia,10-25,445478,"Electronics Components, Machinery, Fabrics",Import
Poland,Germany,05-25,138572,"Fertilizers, Machinery, Electronics",Import
Brazil,France,02-25,246063,"Aircraft, Machinery, Pharmaceuticals",Export
Italy,Belgium,11-25,287340,"Vehicles, Machinery, Pharmaceuticals",Import
Brazil,China,02-25,361634,"Gems, Jewelry, Pharmaceuticals",Export
China,Vietnam,02-25,296331,"Electronics, Machinery, Chemicals",Import
Australia,Brazil,05-25,237792,"Agricultural Products, Machinery, Chemicals",Export
Sweden,France,05-25,312668,"Pharmaceuticals, Chemicals, Machinery",Export
Singapore,Poland,08-25,194125,"Vehicles, Machinery, Pharmaceuticals",Import
Belgium,Spain,02-25,141187,"Gems, Jewelry, Pharmaceuticals",Export
Japan,United States,01-25,7272,"Electronics, Machinery, Chemicals",Import
United Kingdom,Brazil,09-25,330911,"Electronics, Machinery, Vehicles",Export
Australia,Germany,04-25,318461,"Aircraft, Machinery, Pharmaceuticals",Export
Turkey,UAE,03-25,4083,"Machinery, Electronics, Vehicles",Import
Brazil,South Africa,07-25,55633,"Agricultural Products, Machinery, Chemicals",Export
Saudi Arabia,South Africa,11-25,288712,"Pharmaceuticals, Machinery, Chemicals",Import
United Kingdom,Netherlands,09-25,369215,"Aircraft, Machinery, Pharmaceuticals",Export
Indonesia,India,12-25,226776,"Iron Ore, Soybeans, Crude Oil",Export
Singapore,Brazil,04-25,172833,"Pharmaceuticals, Machinery, Chemicals",Import
Australia,Russia,06-25,32182,"Electronics, Machinery, Vehicles",Export
Netherlands,Norway,07-25,4522,"Electronics, Machinery, Chemicals",Import
Saudi Arabia,Germany,12-25,189577,"Natural Gas, Electronics, Machinery",Export
Australia,Turkey,10-25,125622,"Gems, Jewelry, Pharmaceuticals",Export
Austria,Indonesia,10-25,341518,"Crude Oil, Electronics, Gold",Import
Singapore,Brazil,01-25,170975,"Vehicles, Machinery, Chemicals",Export
Turkey,China,06-25,37817,"Pharmaceuticals, Machinery, Chemicals",Import
Turkey,Australia,01-25,272627,"Aircraft, Machinery, Pharmaceuticals",Export
Italy,UAE,09-25,26330,"Vehicles, Machinery, Pharmaceuticals",Import
UAE,Netherlands,08-25,361879,"Textiles, Footwear, Machinery",Export
Vietnam,Netherlands,12-25,98619,"Electronics, Machinery, Vehicles",Export
France,Saudi Arabia,05-25,385419,"Pharmaceuticals, Chemicals, Machinery",Export
South Korea,Belgium,01-25,155105,"Natural Gas, Electronics, Machinery",Import
Italy,India,07-25,49047,"Natural Gas, Electronics, Machinery",Export
Norway,Singapore,09-25,55133,"Crude Oil, Electronics, Gold",Import
Poland,China,11-25,116018,"Electronics, Machinery, Chemicals",Import
Denmark,Switzerland,12-25,336349,"Semiconductors, Electronics, Machinery",Export
Singapore,Saudi Arabia,10-25,491752,"Electronics Components, Machinery, Fabrics",Import
Germany,Russia,09-25,498683,"Electronics Components, Machinery, Fabrics",Import
Malaysia,Canada,01-25,24691,"Textiles, Footwear, Machinery",Export
Sweden,United Kingdom,04-25,308493,"Pharmaceuticals, Chemicals, Machinery",Export
Mexico,Singapore,06-25,154172,"Gems, Jewelry, Pharmaceuticals",Export
France,Russia,07-25,209564,"Semiconductors, Electronics, Machinery",Export
Sweden,UAE,06-25,369826,"Machinery, Electronics, Vehicles",Import
China,Thailand,08-25,149867,"Iron Ore, Soybeans, Crude Oil",Export
Italy,United Kingdom,03-25,39299,"Vehicles, Machinery, Pharmaceuticals",Import
Indonesia,United States,09-25,369104,"Gems, Jewelry, Pharmaceuticals",Export
Switzerland,China,07-25,132385,"Aircraft, Machinery, Pharmaceuticals",Export
Brazil,Turkey,12-25,479291,"Crude Oil, Electronics, Gold",Import
Austria,Canada,12-25,64858,"Vehicles, Machinery, Pharmaceuticals",Import
Belgium,Australia,06-25,199092,"Semiconductors, Electronics, Machinery",Export
Malaysia,South Korea,04-25,75310,"Gems, Jewelry, Pharmaceuticals",Export
China,India,11-25,2344,"Electronics, Machinery, Chemicals",Import
Norway,Germany,05-25,206573,"Electronics, Machinery, Chemicals",Import
Indonesia,Mexico,05-25,259949,"Natural Gas, Electronics, Machinery",Export
India,Germany,05-25,366933,"Aircraft, Machinery, Pharmaceuticals",Export
Vietnam,Thailand,09-25,177927,"Agricultural Products, Machinery, Chemicals",Export
Netherlands,Canada,10-25,302164,"Natural Gas, Electronics, Machinery",Import
Indonesia,Norway,01-25,108728,"Electronics Components, Machinery, Fabrics",Import
United Kingdom,UAE,10-25,118634,"Crude Oil, Electronics, Gold",Import
Germany,South Korea,04-25,390892,"Crude Oil, Electronics, Gold",Import
Switzerland,Malaysia,07-25,411455,"Electronics Components, Machinery, Fabrics",Import
Belgium,India,03-25,47243,"Textiles, Footwear, Machinery",Export
Australia,Indonesia,06-25,348175,"Machinery, Electronics, Vehicles",Import
Japan,Spain,01-25,295722,"Semiconductors, Electronics, Machinery",Export
Saudi Arabia,Norway,04-25,465259,"Fertilizers, Machinery, Electronics",Import
Turkey,Japan,02-25,244035,"Vehicles, Machinery, Pharmaceuticals",Import
Saudi Arabia,Norway,10-25,44460,"Electronics, Machinery, Chemicals",Import
Vietnam,Canada,04-25,491749,"Vehicles, Machinery, Chemicals",Export
Italy,Russia,08-25,167470,"Electronics, Machinery, Chemicals",Import
Poland,United States,02-25,391445,"Natural Gas, Electronics, Machinery",Import
Germany,Indonesia,06-25,374719,"Vehicles, Machinery, Pharmaceuticals",Import
South Korea,Indonesia,11-25,451873,"Gems, Jewelry, Pharmaceuticals",Export
Canada,Russia,12-25,303898,"Machinery, Electronics, Vehicles",Import
Denmark,Spain,04-25,116244,"Aircraft, Machinery, Pharmaceuticals",Export
Austria,Japan,09-25,358447,"Natural Gas, Electronics, Machinery",Import
South Korea,United States,08-25,485299,"Aircraft, Machinery, Pharmaceuticals",Export
Japan,Indonesia,03-25,353906,"Iron Ore, Soybeans, Crude Oil",Export
Sweden,China,07-25,125098,"Gems, Jewelry, Pharmaceuticals",Export
Singapore,Indonesia,07-25,416418,"Machinery, Electronics, Vehicles",Import
Brazil,France,12-25,468053,"Electronics, Machinery, Vehicles",Export
Vietnam,Poland,08-25,81855,"Fertilizers, Machinery, Electronics",Import
UAE,Poland,01-25,243609,"Crude Oil, Electronics, Gold",Import
Singapore,India,01-25,308760,"Natural Gas, Electronics, Machinery",Export
India,Turkey,06-25,327269,"Electronics, Machinery, Vehicles",Export
Malaysia,South Africa,08-25,8337,"Natural Gas, Electronics, Machinery",Export
Netherlands,Thailand,03-25,480149,"Vehicles, Machinery, Pharmaceuticals",Import
Turkey,Belgium,07-25,126453,"Electronics, Machinery, Vehicles",Export
Turkey,United Kingdom,03-25,468660,"Machinery, Electronics, Vehicles",Import
UAE,Belgium,11-25,99612,"Gems, Jewelry, Pharmaceuticals",Export
Netherlands,Indonesia,11-25,314068,"Aircraft, Machinery, Pharmaceuticals",Export
Turkey,Japan,12-25,343017,"Crude Oil, Electronics, Gold",Import
Spain,Mexico,10-25,91624,"Electronics, Machinery, Chemicals",Import
Brazil,France,06-25,433633,"Vehicles, Machinery, Pharmaceuticals",Import
UAE,Indonesia,04-25,149295,"Semiconductors, Electronics, Machinery",Export
Japan,Netherlands,09-25,388367,"Natural Gas, Electronics, Machinery",Export
UAE,China,07-25,389037,"Textiles, Footwear, Machinery",Export
United Kingdom,UAE,05-25,10096,"Electronics Components, Machinery, Fabrics",Import
Belgium,Indonesia,10-25,9919,"Pharmaceuticals, Machinery, Chemicals",Import
France,Brazil,09-25,410589,"Fertilizers, Machinery, Electronics",Import
Italy,Germany,08-25,197834,"Agricultural Products, Machinery, Chemicals",Export
Austria,Germany,08-25,201613,"Iron Ore, Soybeans, Crude Oil",Export
France,Italy,06-25,225635,"Iron Ore, Soybeans, Crude Oil",Export
Singapore,Russia,06-25,261496,"Electronics, Machinery, Chemicals",Import
Singapore,Netherlands,11-25,342492,"Electronics Components, Machinery, Fabrics",Import
Brazil,United Kingdom,01-25,373416,"Fertilizers, Machinery, Electronics",Import
Switzerland,Indonesia,02-25,244798,"Crude Oil, Electronics, Gold",Import
Vietnam,Russia,10-25,406486,"Electronics Components, Machinery, Fabrics",Import
Denmark,Thailand,06-25,210486,"Gems, Jewelry, Pharmaceuticals",Export
Canada,Japan,11-25,32857,"Fertilizers, Machinery, Electronics",Import
Sweden,Turkey,06-25,291997,"Machinery, Electronics, Vehicles",Import
Mexico,South Korea,03-25,254936,"Vehicles, Machinery, Pharmaceuticals",Import
Canada,India,07-25,160713,"Pharmaceuticals, Machinery, Chemicals",Import
UAE,South Korea,04-25,149169,"Pharmaceuticals, Machinery, Chemicals",Import
Vietnam,Poland,03-25,30813,"Pharmaceuticals, Chemicals, Machinery",Export
UAE,United Kingdom,03-25,259126,"Vehicles, Machinery, Pharmaceuticals",Import
Singapore,South Korea,06-25,32386,"Vehicles, Machinery, Chemicals",Export
UAE,Netherlands,04-25,470040,"Electronics, Machinery, Chemicals",Import
Sweden,India,01-25,147814,"Natural Gas, Electronics, Machinery",Import
Sweden,France,11-25,100051,"Fertilizers, Machinery, Electronics",Import
Belgium,Canada,10-25,437952,"Gems, Jewelry, Pharmaceuticals",Export
Spain,Singapore,03-25,101428,"Vehicles, Machinery, Chemicals",Export
United Kingdom,Singapore,11-25,474230,"Fertilizers, Machinery, Electronics",Import
Norway,Spain,09-25,78261,"Semiconductors, Electronics, Machinery",Export
Indonesia,South Africa,06-25,74204,"Vehicles, Machinery, Pharmaceuticals",Import
Netherlands,Japan,12-25,67363,"Gems, Jewelry, Pharmaceuticals",Export
Sweden,Spain,10-25,256155,"Vehicles, Machinery, Pharmaceuticals",Import
UAE,South Korea,10-25,19693,"Natural Gas, Electronics, Machinery",Export
Australia,Norway,05-25,426598,"Natural Gas, Electronics, Machinery",Import
Australia,Saudi Arabia,08-25,41987,"Fertilizers, Machinery, Electronics",Import
India,Switzerland,07-25,295203,"Semiconductors, Electronics, Machinery",Export
Indonesia,Spain,08-25,201708,"Natural Gas, Electronics, Machinery",Export
Belgium,Netherlands,04-25,89085,"Textiles, Footwear, Machinery",Export
Denmark,Indonesia,08-25,246188,"Crude Oil, Electronics, Gold",Import
Malaysia,Germany,11-25,469569,"Vehicles, Machinery, Chemicals",Export
United Kingdom,Netherlands,06-25,228704,"Aircraft, Machinery, Pharmaceuticals",Export
Switzerland,India,09-25,152950,"Fertilizers, Machinery, Electronics",Import
Australia,South Korea,11-25,392715,"Electronics Components, Machinery, Fabrics",Import
Italy,Indonesia,04-25,471671,"Aircraft, Machinery, Pharmaceuticals",Export
China,Japan,04-25,428833,"Machinery, Electronics, Vehicles",Import
Norway,Mexico,04-25,4034,"Agricultural Products, Machinery, Chemicals",Export
Australia,South Korea,09-25,211976,"Gems, Jewelry, Pharmaceuticals",Export
Vietnam,Singapore,12-25,465059,"Aircraft, Machinery, Pharmaceuticals",Export
Sweden,Switzerland,03-25,238781,"Vehicles, Machinery, Chemicals",Export
United Kingdom,Spain,04-25,130735,"Agricultural Products, Machinery, Chemicals",Export
South Korea,Netherlands,04-25,285454,"Vehicles, Machinery, Chemicals",Export
Vietnam,Thailand,05-25,485454,"Fertilizers, Machinery, Electronics",Import
Indonesia,Norway,02-25,327561,"Electronics Components, Machinery, Fabrics",Import
Poland,Vietnam,11-25,94587,"Vehicles, Machinery, Chemicals",Export
Malaysia,Thailand,01-25,494815,"Natural Gas, Electronics, Machinery",Import
Denmark,UAE,06-25,369097,"Textiles, Footwear, Machinery",Export
Saudi Arabia,China,10-25,462213,"Pharmaceuticals, Machinery, Chemicals",Import
Belgium,Russia,04-25,334813,"Crude Oil, Electronics, Gold",Import
United States,Switzerland,12-25,476991,"Natural Gas, Electronics, Machinery",Export
Canada,India,04-25,304435,"Natural Gas, Electronics, Machinery",Export
Germany,Brazil,06-25,357104,"Iron Ore, Soybeans, Crude Oil",Export
France,Spain,08-25,40014,"Crude Oil, Electronics, Gold",Import
Denmark,Brazil,09-25,357427,"Gems, Jewelry, Pharmaceuticals",Export
India,South Korea,09-25,198187,"Aircraft, Machinery, Pharmaceuticals",Export
Mexico,China,06-25,191928,"Fertilizers, Machinery, Electronics",Import
Singapore,Brazil,12-25,427198,"Crude Oil, Electronics, Gold",Import
Sweden,Russia,12-25,116023,"Electronics, Machinery, Chemicals",Import
Belgium,Russia,05-25,59464,"Iron Ore, Soybeans, Crude Oil",Export
Norway,Netherlands,07-25,374841,"Machinery, Electronics, Vehicles",Import
China,Australia,04-25,424546,"Textiles, Footwear, Machinery",Export
Mexico,Italy,02-25,46009,"Electronics, Machinery, Vehicles",Export
Turkey,Italy,07-25,444538,"Electronics Components, Machinery, Fabrics",Import
Thailand,Indonesia,11-25,386532,"Vehicles, Machinery, Chemicals",Export
Saudi Arabia,China,09-25,94084,"Fertilizers, Machinery, Electronics",Import
United Kingdom,South Africa,04-25,42871,"Aircraft, Machinery, Pharmaceuticals",Export
Austria,Belgium,10-25,182346,"Electronics, Machinery, Vehicles",Export
Switzerland,Russia,05-25,452113,"Textiles, Footwear, Machinery",Export
Switzerland,United Kingdom,05-25,227090,"Pharmaceuticals, Machinery, Chemicals",Import
Sweden,Saudi Arabia,09-25,265853,"Machinery, Electronics, Vehicles",Import
Netherlands,Canada,08-25,247974,"Fertilizers, Machinery, Electronics",Import
Vietnam,China,12-25,412949,"Vehicles, Machinery, Chemicals",Export
UAE,Belgium,04-25,52955,"Electronics, Machinery, Chemicals",Import
South Korea,India,03-25,460922,"Electronics Components, Machinery, Fabrics",Import
Malaysia,Indonesia,11-25,88185,"Machinery, Electronics, Vehicles",Import
UAE,India,05-25,292796,"Iron Ore, Soybeans, Crude Oil",Export
Poland,Vietnam,09-25,35541,"Electronics Components, Machinery, Fabrics",Import
Turkey,South Africa,04-25,389770,"Electronics, Machinery, Chemicals",Import
Malaysia,Poland,06-25,74420,"Iron Ore, Soybeans, Crude Oil",Export
France,Switzerland,07-25,156239,"Gems, Jewelry, Pharmaceuticals",Export
United Kingdom,Turkey,07-25,167805,"Fertilizers, Machinery, Electronics",Import
Turkey,UAE,08-25,288504,"Electronics, Machinery, Vehicles",Export
Poland,United States,10-25,223740,"Fertilizers, Machinery, Electronics",Import
Mexico,South Korea,07-25,110411,"Crude Oil, Electronics, Gold",Import
Indonesia,Thailand,09-25,149241,"Pharmaceuticals, Machinery, Chemicals",Import
Saudi Arabia,Indonesia,05-25,490957,"Electronics, Machinery, Chemicals",Import
Sweden,Germany,01-25,156862,"Gems, Jewelry, Pharmaceuticals",Export
Germany,Spain,11-25,93101,"Electronics, Machinery, Chemicals",Import
Canada,India,07-25,465147,"Natural Gas, Electronics, Machinery",Import
Belgium,Turkey,06-25,464056,"Vehicles, Machinery, Pharmaceuticals",Import
UAE,South Africa,08-25,307331,"Pharmaceuticals, Chemicals, Machinery",Export
Netherlands,Brazil,07-25,131685,"Electronics Components, Machinery, Fabrics",Import
Brazil,Australia,07-25,100234,"Natural Gas, Electronics, Machinery",Import
South Korea,United Kingdom,07-25,266822,"Natural Gas, Electronics, Machinery",Export
Switzerland,Indonesia,10-25,362413,"Electronics, Machinery, Chemicals",Import
Malaysia,Norway,04-25,250856,"Agricultural Products, Machinery, Chemicals",Export
Poland,Indonesia,06-25,286762,"Machinery, Electronics, Vehicles",Import
Belgium,Switzerland,12-25,64479,"Electronics Components, Machinery, Fabrics",Import
Netherlands,Brazil,01-25,484776,"Pharmaceuticals, Machinery, Chemicals",Import
Saudi Arabia,Brazil,08-25,489924,"Electronics, Machinery, Chemicals",Import
Sweden,Poland,10-25,481316,"Aircraft, Machinery, Pharmaceuticals",Export
United Kingdom,China,10-25,312673,"Vehicles, Machinery, Pharmaceuticals",Import
Netherlands,Singapore,01-25,131462,"Electronics, Machinery, Chemicals",Import
United Kingdom,Spain,10-25,236186,"Fertilizers, Machinery, Electronics",Import
UAE,United States,09-25,368796,"Agricultural Products, Machinery, Chemicals",Export
Saudi Arabia,Indonesia,12-25,380075,"Electronics Components, Machinery, Fabrics",Import
Switzerland,United Kingdom,12-25,234558,"Machinery, Electronics, Vehicles",Import
Indonesia,United Kingdom,03-25,16988,"Natural Gas, Electronics, Machinery",Import
Vietnam,Canada,08-25,375759,"Iron Ore, Soybeans, Crude Oil",Export
Vietnam,Italy,06-25,321871,"Electronics, Machinery, Chemicals",Import
Poland,Canada,04-25,380138,"Crude Oil, Electronics, Gold",Import
France,South Africa,07-25,409164,"Fertilizers, Machinery, Electronics",Import
Netherlands,Singapore,01-25,199288,"Machinery, Electronics, Vehicles",Import
South Korea,Russia,04-25,89259,"Textiles, Footwear, Machinery",Export
China,Singapore,04-25,26552,"Textiles, Footwear, Machinery",Export
Singapore,China,02-25,340842,"Electronics, Machinery, Vehicles",Export
Singapore,Canada,12-25,311951,"Aircraft, Machinery, Pharmaceuticals",Export
Sweden,Netherlands,06-25,30649,"Pharmaceuticals, Chemicals, Machinery",Export
Canada,Germany,01-25,458055,"Pharmaceuticals, Chemicals, Machinery",Export
Thailand,United States,03-25,395320,"Electronics Components, Machinery, Fabrics",Import
Brazil,Norway,08-25,304060,"Machinery, Electronics, Vehicles",Import
Denmark,Sweden,11-25,111335,"Crude Oil, Electronics, Gold",Import
Belgium,Brazil,06-25,216753,"Pharmaceuticals, Chemicals, Machinery",Export
Italy,Sweden,08-25,226284,"Agricultural Products, Machinery, Chemicals",Export
Italy,Canada,02-25,371211,"Pharmaceuticals, Machinery, Chemicals",Import
Poland,Netherlands,03-25,254822,"Crude Oil, Electronics, Gold",Import
Saudi Arabia,United Kingdom,03-25,285937,"Electronics, Machinery, Chemicals",Import
Thailand,South Korea,11-25,167453,"Electronics, Machinery, Vehicles",Export
Switzerland,Saudi Arabia,06-25,139954,"Pharmaceuticals, Machinery, Chemicals",Import
Vietnam,Turkey,06-25,390231,"Natural Gas, Electronics, Machinery",Export
Brazil,Poland,12-25,235908,"Machinery, Electronics, Vehicles",Import
Austria,Italy,11-25,266755,"Aircraft, Machinery, Pharmaceuticals",Export
Turkey,France,10-25,229503,"Natural Gas, Electronics, Machinery",Import
India,Germany,05-25,86061,"Natural Gas, Electronics, Machinery",Export
Belgium,Thailand,12-25,444204,"Machinery, Electronics, Vehicles",Import
Denmark,Spain,02-25,3813,"Electronics, Machinery, Chemicals",Import
South Korea,Italy,12-25,74407,"Crude Oil, Electronics, Gold",Import
Japan,Norway,09-25,430327,"Electronics, Machinery, Vehicles",Export
Canada,Norway,03-25,11719,"Fertilizers, Machinery, Electronics",Import
Mexico,France,04-25,193140,"Vehicles, Machinery, Chemicals",Export
Thailand,Sweden,03-25,117402,"Textiles, Footwear, Machinery",Export
Netherlands,South Africa,06-25,447166,"Gems, Jewelry, Pharmaceuticals",Export
Germany,Turkey,12-25,14258,"Natural Gas, Electronics, Machinery",Import
Sweden,France,04-25,343311,"Machinery, Electronics, Vehicles",Import
Mexico,South Africa,09-25,373019,"Machinery, Electronics, Vehicles",Import
Singapore,Indonesia,02-25,498602,"Pharmaceuticals, Chemicals, Machinery",Export
China,France,10-25,293980,"Electronics, Machinery, Chemicals",Import
Thailand,United States,12-25,246087,"Aircraft, Machinery, Pharmaceuticals",Export
Denmark,UAE,11-25,369731,"Vehicles, Machinery, Chemicals",Export
Brazil,Belgium,09-25,159103,"Pharmaceuticals, Machinery, Chemicals",Import
Vietnam,UAE,06-25,277987,"Fertilizers, Machinery, Electronics",Import
South Korea,Mexico,06-25,218470,"Semiconductors, Electronics, Machinery",Export
Australia,Brazil,11-25,206213,"Electronics, Machinery, Vehicles",Export
Belgium,Malaysia,12-25,460079,"Machinery, Electronics, Vehicles",Import
Germany,Belgium,05-25,162738,"Crude Oil, Electronics, Gold",Import
United Kingdom,Japan,09-25,157279,"Machinery, Electronics, Vehicles",Import
China,Germany,12-25,354006,"Vehicles, Machinery, Pharmaceuticals",Import
Australia,Norway,08-25,354278,"Electronics, Machinery, Chemicals",Import
China,Canada,04-25,36011,"Fertilizers, Machinery, Electronics",Import
Saudi Arabia,Turkey,02-25,64938,"Natural Gas, Electronics, Machinery",Import
Australia,Netherlands,10-25,196109,"Pharmaceuticals, Chemicals, Machinery",Export
United Kingdom,Russia,05-25,34180,"Pharmaceuticals, Chemicals, Machinery",Export
Indonesia,UAE,08-25,190152,"Electronics, Machinery, Chemicals",Import
Singapore,Vietnam,10-25,453475,"Natural Gas, Electronics, Machinery",Export
Indonesia,Japan,11-25,211340,"Electronics, Machinery, Chemicals",Import
Mexico,Poland,03-25,217487,"Electronics Components, Machinery, Fabrics",Import
Sweden,China,08-25,123190,"Vehicles, Machinery, Pharmaceuticals",Import
Canada,France,01-25,24673,"Fertilizers, Machinery, Electronics",Import
Vietnam,South Africa,01-25,133384,"Aircraft, Machinery, Pharmaceuticals",Export
Germany,Singapore,03-25,402595,"Electronics, Machinery, Vehicles",Export
Canada,Belgium,11-25,386446,"Natural Gas, Electronics, Machinery",Import
Belgium,Malaysia,03-25,34679,"Natural Gas, Electronics, Machinery",Import
Sweden,Germany,08-25,152798,"Electronics Components, Machinery, Fabrics",Import
UAE,Sweden,07-25,403144,"Vehicles, Machinery, Chemicals",Export
Belgium,Mexico,06-25,143607,"Iron Ore, Soybeans, Crude Oil",Export
Japan,Sweden,03-25,128269,"Textiles, Footwear, Machinery",Export
United Kingdom,Spain,03-25,378740,"Electronics, Machinery, Chemicals",Import
Malaysia,France,04-25,420770,"Machinery, Electronics, Vehicles",Import
Denmark,Netherlands,03-25,489279,"Fertilizers, Machinery, Electronics",Import
South Korea,Poland,12-25,243480,"Pharmaceuticals, Machinery, Chemicals",Import
Canada,South Korea,03-25,266564,"Electronics Components, Machinery, Fabrics",Import
Japan,Russia,12-25,66557,"Fertilizers, Machinery, Electronics",Import
China,Switzerland,11-25,266378,"Vehicles, Machinery, Pharmaceuticals",Import
United Kingdom,United States,06-25,497926,"Fertilizers, Machinery, Electronics",Import
Austria,France,08-25,232462,"Natural Gas, Electronics, Machinery",Import
Vietnam,Mexico,09-25,446971,"Pharmaceuticals, Machinery, Chemicals",Import
Germany,India,10-25,237536,"Electronics, Machinery, Vehicles",Export
Japan,Saudi Arabia,03-25,258541,"Agricultural Products, Machinery, Chemicals",Export
Canada,Norway,11-25,211335,"Pharmaceuticals, Machinery, Chemicals",Import
Malaysia,China,08-25,347864,"Gems, Jewelry, Pharmaceuticals",Export
Austria,United States,11-25,219799,"Natural Gas, Electronics, Machinery",Export
Australia,India,07-25,402156,"Crude Oil, Electronics, Gold",Import
Norway,Singapore,01-25,245223,"Vehicles, Machinery, Chemicals",Export
China,United States,05-25,299048,"Textiles, Footwear, Machinery",Export
Saudi Arabia,Australia,06-25,365686,"Pharmaceuticals, Chemicals, Machinery",Export
Switzerland,United States,10-25,328754,"Machinery, Electronics, Vehicles",Import
Malaysia,South Africa,02-25,124912,"Crude Oil, Electronics, Gold",Import
Sweden,Belgium,08-25,404350,"Textiles, Footwear, Machinery",Export
Belgium,China,09-25,460249,"Semiconductors, Electronics, Machinery",Export
Mexico,Germany,02-25,270440,"Agricultural Products, Machinery, Chemicals",Export
Switzerland,United Kingdom,12-25,179057,"Electronics, Machinery, Vehicles",Export
China,India,12-25,381247,"Fertilizers, Machinery, Electronics",Import
Belgium,United Kingdom,08-25,336307,"Electronics, Machinery, Vehicles",Export
Sweden,Spain,03-25,355378,"Machinery, Electronics, Vehicles",Import
Mexico,France,05-25,42479,"Agricultural Products, Machinery, Chemicals",Export
France,Brazil,08-25,355705,"Electronics Components, Machinery, Fabrics",Import
Turkey,Sweden,09-25,168535,"Textiles, Footwear, Machinery",Export
India,Belgium,08-25,338188,"Machinery, Electronics, Vehicles",Import
UAE,Germany,04-25,164566,"Vehicles, Machinery, Pharmaceuticals",Import
Switzerland,Germany,07-25,325285,"Vehicles, Machinery, Pharmaceuticals",Import
Malaysia,Russia,05-25,316406,"Agricultural Products, Machinery, Chemicals",Export
Austria,United States,10-25,292705,"Fertilizers, Machinery, Electronics",Import
Saudi Arabia,Spain,06-25,361137,"Vehicles, Machinery, Chemicals",Export
United Kingdom,Germany,03-25,234944,"Natural Gas, Electronics, Machinery",Import
Brazil,UAE,04-25,292134,"Electronics Components, Machinery, Fabrics",Import
Austria,Russia,03-25,290594,"Electronics, Machinery, Chemicals",Import
United States,Saudi Arabia,04-25,14998,"Vehicles, Machinery, Chemicals",Export
Denmark,Germany,08-25,443188,"Iron Ore, Soybeans, Crude Oil",Export
Switzerland,South Africa,08-25,305252,"Electronics Components, Machinery, Fabrics",Import
Thailand,Canada,01-25,387620,"Pharmaceuticals, Chemicals, Machinery",Export
Norway,Vietnam,05-25,468955,"Fertilizers, Machinery, Electronics",Import
Canada,United Kingdom,03-25,293520,"Electronics, Machinery, Vehicles",Export
United States,China,04-25,291100,"Textiles, Footwear, Machinery",Export
United Kingdom,Germany,09-25,198689,"Crude Oil, Electronics, Gold",Import
Singapore,Canada,01-25,432175,"Vehicles, Machinery, Chemicals",Export
Austria,Turkey,05-25,426859,"Crude Oil, Electronics, Gold",Import
Japan,Germany,12-25,190963,"Natural Gas, Electronics, Machinery",Import
Saudi Arabia,India,03-25,372847,"Pharmaceuticals, Machinery, Chemicals",Import
Japan,UAE,08-25,127120,"Natural Gas, Electronics, Machinery",Import
Vietnam,UAE,01-25,331041,"Gems, Jewelry, Pharmaceuticals",Export
Singapore,Canada,12-25,59491,"Electronics, Machinery, Chemicals",Import
Germany,Norway,10-25,380416,"Electronics, Machinery, Chemicals",Import
South Korea,Saudi Arabia,02-25,342349,"Pharmaceuticals, Machinery, Chemicals",Import
Indonesia,Spain,06-25,296420,"Fertilizers, Machinery, Electronics",Import
Vietnam,United States,02-25,12490,"Natural Gas, Electronics, Machinery",Import
Singapore,Germany,07-25,141789,"Vehicles, Machinery, Pharmaceuticals",Import
Italy,South Africa,11-25,257534,"Gems, Jewelry, Pharmaceuticals",Export
Saudi Arabia,Germany,01-25,352240,"Natural Gas, Electronics, Machinery",Export
Brazil,Australia,07-25,452595,"Semiconductors, Electronics, Machinery",Export
Brazil,Malaysia,03-25,392601,"Fertilizers, Machinery, Electronics",Import
India,Saudi Arabia,01-25,477500,"Crude Oil, Electronics, Gold",Import
United Kingdom,UAE,10-25,201294,"Fertilizers, Machinery, Electronics",Import
Mexico,South Africa,12-25,226491,"Textiles, Footwear, Machinery",Export
Germany,Indonesia,04-25,454879,"Fertilizers, Machinery, Electronics",Import
Malaysia,Poland,02-25,178786,"Gems, Jewelry, Pharmaceuticals",Export
Malaysia,Singapore,10-25,163010,"Electronics, Machinery, Chemicals",Import
Japan,China,08-25,262765,"Crude Oil, Electronics, Gold",Import
Australia,Russia,01-25,493078,"Iron Ore, Soybeans, Crude Oil",Export
Switzerland,Saudi Arabia,12-25,15003,"Electronics Components, Machinery, Fabrics",Import
Norway,Mexico,04-25,187111,"Pharmaceuticals, Machinery, Chemicals",Import
Malaysia,Vietnam,04-25,260125,"Natural Gas, Electronics, Machinery",Import
Norway,Switzerland,08-25,263849,"Electronics, Machinery, Chemicals",Import
China,Saudi Arabia,12-25,205420,"Aircraft, Machinery, Pharmaceuticals",Export
Netherlands,Turkey,06-25,294428,"Vehicles, Machinery, Pharmaceuticals",Import
Brazil,Sweden,05-25,195261,"Electronics, Machinery, Vehicles",Export
Indonesia,Saudi Arabia,03-25,164560,"Aircraft, Machinery, Pharmaceuticals",Export
Sweden,Spain,09-25,390487,"Vehicles, Machinery, Chemicals",Export
China,South Korea,06-25,499525,"Natural Gas, Electronics, Machinery",Import
Switzerland,Vietnam,11-25,253533,"Vehicles, Machinery, Pharmaceuticals",Import
Poland,Thailand,12-25,331479,"Vehicles, Machinery, Chemicals",Export
Switzerland,Russia,12-25,162685,"Vehicles, Machinery, Chemicals",Export
Saudi Arabia,China,07-25,444657,"Natural Gas, Electronics, Machinery",Import
Netherlands,Australia,01-25,332767,"Fertilizers, Machinery, Electronics",Import
Netherlands,India,08-25,472352,"Vehicles, Machinery, Pharmaceuticals",Import
Switzerland,India,01-25,330302,"Gems, Jewelry, Pharmaceuticals",Export
Austria,Canada,10-25,473605,"Pharmaceuticals, Machinery, Chemicals",Import
Italy,Sweden,10-25,175382,"Agricultural Products, Machinery, Chemicals",Export
Spain,Brazil,05-25,351750,"Semiconductors, Electronics, Machinery",Export
Poland,Netherlands,09-25,379667,"Vehicles, Machinery, Chemicals",Export
Australia,Netherlands,01-25,118193,"Textiles, Footwear, Machinery",Export
Mexico,Italy,01-25,132854,"Pharmaceuticals, Chemicals, Machinery",Export
Malaysia,Canada,01-25,26997,"Pharmaceuticals, Chemicals, Machinery",Export
UAE,Mexico,11-25,139159,"Machinery, Electronics, Vehicles",Import
Netherlands,Japan,01-25,110312,"Electronics Components, Machinery, Fabrics",Import
Belgium,Vietnam,01-25,424276,"Machinery, Electronics, Vehicles",Import
Norway,Russia,11-25,88672,"Aircraft, Machinery, Pharmaceuticals",Export
France,Poland,07-25,247639,"Machinery, Electronics, Vehicles",Import
Belgium,Malaysia,04-25,256279,"Vehicles, Machinery, Pharmaceuticals",Import
United States,Mexico,09-25,356011,"Natural Gas, Electronics, Machinery",Export
Turkey,Saudi Arabia,12-25,310610,"Agricultural Products, Machinery, Chemicals",Export
Turkey,Mexico,05-25,68745,"Vehicles, Machinery, Chemicals",Export
Canada,Spain,02-25,432408,"Pharmaceuticals, Chemicals, Machinery",Export
Switzerland,Brazil,12-25,23477,"Electronics Components, Machinery, Fabrics",Import
Mexico,Belgium,03-25,410510,"Aircraft, Machinery, Pharmaceuticals",Export
Japan,Netherlands,10-25,171023,"Aircraft, Machinery, Pharmaceuticals",Export
Japan,Turkey,05-25,330028,"Electronics, Machinery, Chemicals",Import
Turkey,Australia,03-25,35798,"Semiconductors, Electronics, Machinery",Export
Indonesia,Turkey,08-25,406899,"Vehicles, Machinery, Chemicals",Export
Netherlands,Mexico,06-25,296722,"Iron Ore, Soybeans, Crude Oil",Export
Japan,Vietnam,06-25,165006,"Aircraft, Machinery, Pharmaceuticals",Export
Saudi Arabia,Germany,01-25,404428,"Machinery, Electronics, Vehicles",Import
United States,South Korea,04-25,84567,"Electronics Components, Machinery, Fabrics",Import
Netherlands,Japan,03-25,267964,"Electronics Components, Machinery, Fabrics",Import
Canada,Indonesia,01-25,304242,"Electronics, Machinery, Vehicles",Export
Turkey,Canada,08-25,59335,"Electronics, Machinery, Vehicles",Export
Norway,South Korea,05-25,19689,"Vehicles, Machinery, Chemicals",Export
Sweden,United States,11-25,356804,"Iron Ore, Soybeans, Crude Oil",Export
UAE,Saudi Arabia,09-25,109560,"Electronics Components, Machinery, Fabrics",Import
China,Germany,04-25,24064,"Agricultural Products, Machinery, Chemicals",Export
Australia,Netherlands,02-25,328162,"Electronics, Machinery, Vehicles",Export
Australia,Spain,10-25,342383,"Electronics Components, Machinery, Fabrics",Import
Thailand,Malaysia,12-25,163538,"Natural Gas, Electronics, Machinery",Import
Spain,UAE,12-25,61781,"Vehicles, Machinery, Pharmaceuticals",Import
Saudi Arabia,United Kingdom,08-25,159925,"Vehicles, Machinery, Chemicals",Export
Poland,Indonesia,10-25,54734,"Gems, Jewelry, Pharmaceuticals",Export
Norway,Indonesia,08-25,301058,"Vehicles, Machinery, Chemicals",Export
Australia,Spain,10-25,209678,"Electronics, Machinery, Vehicles",Export
Austria,Brazil,02-25,210298,"Semiconductors, Electronics, Machinery",Export
Brazil,India,11-25,370440,"Gems, Jewelry, Pharmaceuticals",Export
Brazil,Sweden,12-25,134467,"Electronics Components, Machinery, Fabrics",Import
Singapore,Switzerland,12-25,442879,"Aircraft, Machinery, Pharmaceuticals",Export
Singapore,China,08-25,2822,"Electronics Components, Machinery, Fabrics",Import
Poland,Italy,03-25,376666,"Electronics Components, Machinery, Fabrics",Import
Denmark,Poland,03-25,279450,"Electronics Components, Machinery, Fabrics",Import
Vietnam,Turkey,09-25,233035,"Semiconductors, Electronics, Machinery",Export
Japan,Indonesia,05-25,92127,"Electronics Components, Machinery, Fabrics",Import
Singapore,Brazil,10-25,136584,"Natural Gas, Electronics, Machinery",Import
India,Poland,10-25,438114,"Aircraft, Machinery, Pharmaceuticals",Export
Netherlands,United States,03-25,443344,"Electronics Components, Machinery, Fabrics",Import
Denmark,Italy,05-25,148684,"Natural Gas, Electronics, Machinery",Import
Switzerland,Norway,02-25,48011,"Natural Gas, Electronics, Machinery",Import
Saudi Arabia,UAE,07-25,401408,"Gems, Jewelry, Pharmaceuticals",Export
Saudi Arabia,Belgium,01-25,103694,"Electronics, Machinery, Vehicles",Export
Thailand,South Korea,12-25,418628,"Pharmaceuticals, Chemicals, Machinery",Export
United Kingdom,Netherlands,11-25,370216,"Pharmaceuticals, Chemicals, Machinery",Export
China,France,04-25,161261,"Crude Oil, Electronics, Gold",Import
Indonesia,Sweden,09-25,389069,"Natural Gas, Electronics, Machinery",Import
Singapore,Australia,07-25,199619,"Agricultural Products, Machinery, Chemicals",Export
Switzerland,Belgium,01-25,258885,"Pharmaceuticals, Machinery, Chemicals",Import
Austria,Malaysia,07-25,426638,"Electronics, Machinery, Chemicals",Import
Thailand,China,04-25,415179,"Machinery, Electronics, Vehicles",Import
Switzerland,Italy,08-25,411021,"Textiles, Footwear, Machinery",Export
Turkey,Australia,07-25,341704,"Machinery, Electronics, Vehicles",Import
Norway,Malaysia,11-25,10865,"Vehicles, Machinery, Pharmaceuticals",Import
Japan,Turkey,11-25,287887,"Crude Oil, Electronics, Gold",Import
Malaysia,South Africa,10-25,248631,"Textiles, Footwear, Machinery",Export
South Korea,Brazil,09-25,344633,"Vehicles, Machinery, Chemicals",Export
Italy,UAE,12-25,471836,"Electronics Components, Machinery, Fabrics",Import
Switzerland,China,08-25,30191,"Electronics, Machinery, Chemicals",Import
United States,India,01-25,89563,"Pharmaceuticals, Machinery, Chemicals",Import
Brazil,United Kingdom,04-25,345430,"Pharmaceuticals, Chemicals, Machinery",Export
Turkey,United Kingdom,06-25,387517,"Electronics, Machinery, Vehicles",Export
India,UAE,12-25,254799,"Crude Oil, Electronics, Gold",Import
Indonesia,Mexico,03-25,171813,"Electronics Components, Machinery, Fabrics",Import
Norway,Sweden,07-25,427696,"Electronics, Machinery, Vehicles",Export
Mexico,Singapore,01-25,161356,"Natural Gas, Electronics, Machinery",Import
United Kingdom,Italy,11-25,443742,"Electronics, Machinery, Chemicals",Import
Austria,Japan,10-25,11130,"Crude Oil, Electronics, Gold",Import
Vietnam,Germany,02-25,236581,"Gems, Jewelry, Pharmaceuticals",Export
Germany,Mexico,09-25,303513,"Gems, Jewelry, Pharmaceuticals",Export
India,China,08-25,125322,"Vehicles, Machinery, Pharmaceuticals",Import
Belgium,South Africa,12-25,276230,"Gems, Jewelry, Pharmaceuticals",Export
Malaysia,Saudi Arabia,02-25,336459,"Agricultural Products, Machinery, Chemicals",Export
Vietnam,Russia,05-25,409267,"Natural Gas, Electronics, Machinery",Import
United States,United Kingdom,09-25,396342,"Electronics Components, Machinery, Fabrics",Import
Poland,Thailand,11-25,387253,"Pharmaceuticals, Machinery, Chemicals",Import
UAE,Spain,01-25,74453,"Aircraft, Machinery, Pharmaceuticals",Export
Netherlands,Singapore,11-25,262978,"Natural Gas, Electronics, Machinery",Import
Australia,Sweden,02-25,416929,"Fertilizers, Machinery, Electronics",Import
United States,Belgium,03-25,64290,"Vehicles, Machinery, Pharmaceuticals",Import
UAE,South Korea,11-25,309282,"Textiles, Footwear, Machinery",Export
Vietnam,United Kingdom,12-25,170750,"Electronics Components, Machinery, Fabrics",Import
Vietnam,India,01-25,282505,"Vehicles, Machinery, Pharmaceuticals",Import
Germany,Norway,02-25,149732,"Machinery, Electronics, Vehicles",Import
United States,France,03-25,146746,"Electronics, Machinery, Chemicals",Import
Austria,Mexico,10-25,372842,"Natural Gas, Electronics, Machinery",Export
Thailand,Belgium,08-25,34372,"Textiles, Footwear, Machinery",Export
Denmark,Sweden,06-25,330087,"Electronics, Machinery, Vehicles",Export
Australia,Brazil,04-25,98892,"Natural Gas, Electronics, Machinery",Import
Japan,Switzerland,05-25,403936,"Pharmaceuticals, Chemicals, Machinery",Export
United States,South Africa,12-25,124182,"Electronics Components, Machinery, Fabrics",Import
South Korea,India,01-25,496671,"Crude Oil, Electronics, Gold",Import
Australia,Germany,09-25,144262,"Pharmaceuticals, Machinery, Chemicals",Import
Austria,United Kingdom,04-25,271791,"Gems, Jewelry, Pharmaceuticals",Export
Belgium,Mexico,07-25,467071,"Aircraft, Machinery, Pharmaceuticals",Export
Malaysia,United Kingdom,01-25,183901,"Pharmaceuticals, Machinery, Chemicals",Import
Brazil,Italy,01-25,16315,"Pharmaceuticals, Chemicals, Machinery",Export
Mexico,United Kingdom,06-25,82931,"Machinery, Electronics, Vehicles",Import
Poland,Singapore,09-25,72501,"Fertilizers, Machinery, Electronics",Import
UAE,China,10-25,201462,"Iron Ore, Soybeans, Crude Oil",Export
Saudi Arabia,Russia,03-25,162157,"Vehicles, Machinery, Pharmaceuticals",Import
Sweden,Netherlands,04-25,285020,"Semiconductors, Electronics, Machinery",Export
United States,Switzerland,11-25,333349,"Natural Gas, Electronics, Machinery",Export
Denmark,Poland,10-25,133546,"Natural Gas, Electronics, Machinery",Import
Sweden,Thailand,05-25,289003,"Crude Oil, Electronics, Gold",Import
Mexico,Russia,03-25,243070,"Natural Gas, Electronics, Machinery",Export
South Korea,Turkey,02-25,188603,"Fertilizers, Machinery, Electronics",Import
United Kingdom,Brazil,12-25,399011,"Agricultural Products, Machinery, Chemicals",Export
Japan,United States,07-25,416601,"Electronics, Machinery, Chemicals",Import
United Kingdom,Canada,11-25,439616,"Natural Gas, Electronics, Machinery",Export
United States,Saudi Arabia,03-25,18537,"Aircraft, Machinery, Pharmaceuticals",Export
Spain,Saudi Arabia,04-25,19198,"Semiconductors, Electronics, Machinery",Export
Vietnam,China,03-25,131525,"Fertilizers, Machinery, Electronics",Import
China,United States,12-25,399687,"Electronics, Machinery, Chemicals",Import
United States,Sweden,12-25,404852,"Electronics Components, Machinery, Fabrics",Import
South Korea,Vietnam,11-25,175988,"Vehicles, Machinery, Pharmaceuticals",Import
Austria,Indonesia,07-25,69525,"Semiconductors, Electronics, Machinery",Export
Mexico,Saudi Arabia,05-25,107430,"Vehicles, Machinery, Pharmaceuticals",Import
Germany,Canada,07-25,59465,"Iron Ore, Soybeans, Crude Oil",Export
Poland,Canada,10-25,72558,"Machinery, Electronics, Vehicles",Import
Canada,Singapore,05-25,189455,"Natural Gas, Electronics, Machinery",Export
Brazil,Singapore,03-25,457806,"Pharmaceuticals, Machinery, Chemicals",Import
Germany,Saudi Arabia,12-25,423781,"Aircraft, Machinery, Pharmaceuticals",Export
Norway,United Kingdom,05-25,110272,"Agricultural Products, Machinery, Chemicals",Export
Norway,Spain,03-25,46151,"Semiconductors, Electronics, Machinery",Export
India,Belgium,06-25,320846,"Vehicles, Machinery, Pharmaceuticals",Import
Malaysia,Norway,01-25,107605,"Machinery, Electronics, Vehicles",Import
Poland,South Korea,06-25,25609,"Semiconductors, Electronics, Machinery",Export
Thailand,Vietnam,05-25,133918,"Pharmaceuticals, Machinery, Chemicals",Import
Denmark,Malaysia,10-25,106041,"Electronics Components, Machinery, Fabrics",Import
Brazil,Singapore,11-25,56614,"Natural Gas, Electronics, Machinery",Export
Turkey,Canada,07-25,301451,"Electronics Components, Machinery, Fabrics",Import
United States,Australia,01-25,237174,"Electronics, Machinery, Vehicles",Export
Brazil,Sweden,10-25,35288,"Pharmaceuticals, Chemicals, Machinery",Export
Vietnam,Saudi Arabia,08-25,230487,"Agricultural Products, Machinery, Chemicals",Export
France,Italy,01-25,428956,"Crude Oil, Electronics, Gold",Import
Denmark,Norway,07-25,313254,"Natural Gas, Electronics, Machinery",Import
Belgium,United States,09-25,392532,"Semiconductors, Electronics, Machinery",Export
Brazil,Vietnam,02-25,447420,"Machinery, Electronics, Vehicles",Import
Malaysia,Canada,05-25,40406,"Iron Ore, Soybeans, Crude Oil",Export
France,Netherlands,04-25,108612,"Vehicles, Machinery, Pharmaceuticals",Import
Singapore,Spain,08-25,25932,"Pharmaceuticals, Chemicals, Machinery",Export
Norway,Spain,03-25,483371,"Natural Gas, Electronics, Machinery",Export
Thailand,Mexico,02-25,53128,"Electronics, Machinery, Chemicals",Import
Singapore,Malaysia,02-25,405836,"Vehicles, Machinery, Pharmaceuticals",Import
Australia,United Kingdom,05-25,332770,"Machinery, Electronics, Vehicles",Import
Turkey,UAE,10-25,378246,"Natural Gas, Electronics, Machinery",Import
Mexico,Brazil,07-25,426889,"Electronics, Machinery, Vehicles",Export
Mexico,Russia,12-25,441950,"Electronics, Machinery, Chemicals",Import
Saudi Arabia,France,02-25,421639,"Machinery, Electronics, Vehicles",Import
Mexico,Malaysia,05-25,349862,"Machinery, Electronics, Vehicles",Import
Singapore,United Kingdom,06-25,24045,"Agricultural Products, Machinery, Chemicals",Export
Turkey,Sweden,05-25,416564,"Vehicles, Machinery, Pharmaceuticals",Import
United States,Japan,01-25,489788,"Electronics, Machinery, Chemicals",Import
Poland,India,02-25,156391,"Vehicles, Machinery, Chemicals",Export
Mexico,China,10-25,167100,"Electronics, Machinery, Vehicles",Export
Brazil,Indonesia,09-25,83712,"Machinery, Electronics, Vehicles",Import
Poland,Indonesia,02-25,301170,"Vehicles, Machinery, Pharmaceuticals",Import
Italy,Brazil,05-25,329477,"Agricultural Products, Machinery, Chemicals",Export
Singapore,UAE,08-25,113664,"Fertilizers, Machinery, Electronics",Import
Switzerland,Russia,06-25,454782,"Natural Gas, Electronics, Machinery",Import
Sweden,Australia,02-25,76377,"Vehicles, Machinery, Pharmaceuticals",Import
Japan,South Korea,06-25,133558,"Natural Gas, Electronics, Machinery",Export
France,Switzerland,11-25,160841,"Pharmaceuticals, Machinery, Chemicals",Import
Sweden,South Korea,04-25,474159,"Gems, Jewelry, Pharmaceuticals",Export
Sweden,Poland,02-25,78780,"Semiconductors, Electronics, Machinery",Export
United States,Brazil,07-25,428691,"Electronics Components, Machinery, Fabrics",Import
Thailand,Poland,04-25,239987,"Agricultural Products, Machinery, Chemicals",Export
India,Italy,09-25,381897,"Electronics, Machinery, Chemicals",Import
Canada,India,08-25,152027,"Agricultural Products, Machinery, Chemicals",Export
Switzerland,Turkey,10-25,87789,"Agricultural Products, Machinery, Chemicals",Export
Belgium,China,08-25,17095,"Electronics, Machinery, Vehicles",Export
Spain,Thailand,11-25,147039,"Semiconductors, Electronics, Machinery",Export
Switzerland,Thailand,06-25,459467,"Semiconductors, Electronics, Machinery",Export
Denmark,Switzerland,12-25,116572,"Electronics, Machinery, Vehicles",Export
Italy,Saudi Arabia,03-25,102712,"Electronics, Machinery, Chemicals",Import
Malaysia,UAE,04-25,93971,"Vehicles, Machinery, Chemicals",Export
Poland,Brazil,04-25,382133,"Pharmaceuticals, Machinery, Chemicals",Import
Italy,South Korea,11-25,384363,"Electronics Components, Machinery, Fabrics",Import
Turkey,Italy,09-25,247662,"Semiconductors, Electronics, Machinery",Export
Mexico,South Korea,09-25,174868,"Machinery, Electronics, Vehicles",Import
Austria,India,12-25,459445,"Iron Ore, Soybeans, Crude Oil",Export
Mexico,India,04-25,178495,"Semiconductors, Electronics, Machinery",Export
Brazil,Belgium,05-25,482090,"Fertilizers, Machinery, Electronics",Import
Japan,South Africa,09-25,468207,"Vehicles, Machinery, Pharmaceuticals",Import
Thailand,South Africa,04-25,180213,"Vehicles, Machinery, Pharmaceuticals",Import
South Korea,China,06-25,11719,"Pharmaceuticals, Machinery, Chemicals",Import
Saudi Arabia,Indonesia,06-25,360641,"Pharmaceuticals, Machinery, Chemicals",Import
France,Turkey,06-25,267058,"Semiconductors, Electronics, Machinery",Export
Austria,Netherlands,01-25,422752,"Pharmaceuticals, Machinery, Chemicals",Import
Vietnam,India,10-25,294840,"Iron Ore, Soybeans, Crude Oil",Export
Denmark,France,11-25,8887,"Aircraft, Machinery, Pharmaceuticals",Export
Italy,Australia,01-25,235644,"Natural Gas, Electronics, Machinery",Export
China,South Africa,07-25,89695,"Semiconductors, Electronics, Machinery",Export
Australia,South Africa,02-25,421399,"Electronics, Machinery, Vehicles",Export
Italy,Netherlands,05-25,191564,"Textiles, Footwear, Machinery",Export
United States,South Africa,11-25,376637,"Electronics, Machinery, Vehicles",Export
UAE,Indonesia,02-25,358788,"Natural Gas, Electronics, Machinery",Import
Saudi Arabia,UAE,01-25,115171,"Vehicles, Machinery, Chemicals",Export
Thailand,Italy,05-25,213731,"Machinery, Electronics, Vehicles",Import
Spain,UAE,01-25,24030,"Machinery, Electronics, Vehicles",Import
Germany,UAE,08-25,206196,"Natural Gas, Electronics, Machinery",Import
Netherlands,United Kingdom,06-25,47114,"Aircraft, Machinery, Pharmaceuticals",Export
South Korea,United Kingdom,06-25,132201,"Pharmaceuticals, Chemicals, Machinery",Export
United Kingdom,South Korea,05-25,163030,"Agricultural Products, Machinery, Chemicals",Export
Brazil,Vietnam,02-25,27161,"Pharmaceuticals, Chemicals, Machinery",Export
Japan,Poland,11-25,428369,"Aircraft, Machinery, Pharmaceuticals",Export
Germany,Indonesia,04-25,409634,"Crude Oil, Electronics, Gold",Import
Italy,Switzerland,08-25,327244,"Machinery, Electronics, Vehicles",Import
Austria,Indonesia,09-25,19449,"Gems, Jewelry, Pharmaceuticals",Export
South Korea,South Africa,06-25,213752,"Vehicles, Machinery, Chemicals",Export
Brazil,Sweden,07-25,161618,"Machinery, Electronics, Vehicles",Import
Germany,Poland,02-25,256740,"Electronics Components, Machinery, Fabrics",Import
Thailand,Germany,04-25,340200,"Pharmaceuticals, Chemicals, Machinery",Export
Vietnam,Australia,05-25,347077,"Aircraft, Machinery, Pharmaceuticals",Export
Belgium,Mexico,07-25,245426,"Electronics, Machinery, Vehicles",Export
Netherlands,UAE,06-25,306944,"Natural Gas, Electronics, Machinery",Import
Turkey,Russia,02-25,204644,"Fertilizers, Machinery, Electronics",Import
Singapore,United Kingdom,12-25,163381,"Iron Ore, Soybeans, Crude Oil",Export
Belgium,Canada,04-25,162420,"Electronics, Machinery, Chemicals",Import
France,Netherlands,09-25,312390,"Textiles, Footwear, Machinery",Export
India,France,07-25,360116,"Electronics Components, Machinery, Fabrics",Import
Japan,Switzerland,02-25,403087,"Machinery, Electronics, Vehicles",Import
Denmark,South Korea,08-25,158778,"Electronics, Machinery, Chemicals",Import
Italy,UAE,11-25,336705,"Electronics Components, Machinery, Fabrics",Import
Thailand,Brazil,07-25,412126,"Pharmaceuticals, Machinery, Chemicals",Import
Switzerland,India,06-25,411596,"Machinery, Electronics, Vehicles",Import
Italy,Turkey,11-25,153018,"Electronics, Machinery, Vehicles",Export
Indonesia,Italy,12-25,39300,"Semiconductors, Electronics, Machinery",Export
India,Australia,05-25,467465,"Agricultural Products, Machinery, Chemicals",Export
Belgium,Saudi Arabia,12-25,375397,"Pharmaceuticals, Machinery, Chemicals",Import
Austria,Indonesia,12-25,455543,"Agricultural Products, Machinery, Chemicals",Export
United States,India,09-25,181854,"Electronics, Machinery, Chemicals",Import
Sweden,Russia,07-25,306804,"Iron Ore, Soybeans, Crude Oil",Export
Sweden,Norway,09-25,112582,"Semiconductors, Electronics, Machinery",Export
Turkey,Mexico,10-25,321331,"Electronics Components, Machinery, Fabrics",Import
Mexico,Japan,09-25,363758,"Pharmaceuticals, Machinery, Chemicals",Import
China,Thailand,11-25,52757,"Iron Ore, Soybeans, Crude Oil",Export
Switzerland,South Africa,04-25,197095,"Natural Gas, Electronics, Machinery",Import
Denmark,Mexico,11-25,271498,"Vehicles, Machinery, Chemicals",Export
Germany,Canada,08-25,184827,"Fertilizers, Machinery, Electronics",Import
Italy,Sweden,03-25,320829,"Machinery, Electronics, Vehicles",Import
Switzerland,France,12-25,478826,"Natural Gas, Electronics, Machinery",Import
United States,Norway,02-25,15523,"Textiles, Footwear, Machinery",Export
Norway,Canada,02-25,210786,"Aircraft, Machinery, Pharmaceuticals",Export
Italy,India,10-25,388783,"Aircraft, Machinery, Pharmaceuticals",Export
Japan,Malaysia,06-25,450264,"Aircraft, Machinery, Pharmaceuticals",Export
Vietnam,United Kingdom,02-25,248706,"Electronics, Machinery, Chemicals",Import
Spain,Sweden,11-25,83348,"Electronics, Machinery, Vehicles",Export
India,Singapore,08-25,227493,"Electronics, Machinery, Vehicles",Export
Spain,United Kingdom,02-25,460221,"Machinery, Electronics, Vehicles",Import
Singapore,Australia,03-25,284293,"Electronics, Machinery, Vehicles",Export
Norway,Malaysia,07-25,235249,"Agricultural Products, Machinery, Chemicals",Export
Thailand,Malaysia,09-25,154773,"Iron Ore, Soybeans, Crude Oil",Export
Switzerland,France,08-25,167228,"Fertilizers, Machinery, Electronics",Import
France,Poland,04-25,188052,"Pharmaceuticals, Machinery, Chemicals",Import
Thailand,Canada,12-25,418697,"Iron Ore, Soybeans, Crude Oil",Export
Japan,Sweden,01-25,317807,"Vehicles, Machinery, Chemicals",Export
Austria,Japan,05-25,191031,"Gems, Jewelry, Pharmaceuticals",Export
Australia,United States,06-25,354625,"Machinery, Electronics, Vehicles",Import
Saudi Arabia,Russia,02-25,45962,"Natural Gas, Electronics, Machinery",Export
Japan,China,07-25,481223,"Electronics, Machinery, Chemicals",Import
Vietnam,Brazil,08-25,346719,"Aircraft, Machinery, Pharmaceuticals",Export
United States,Brazil,07-25,409316,"Natural Gas, Electronics, Machinery",Export
Norway,Turkey,04-25,366930,"Gems, Jewelry, Pharmaceuticals",Export
Italy,Indonesia,10-25,259294,"Electronics, Machinery, Vehicles",Export
Turkey,South Korea,10-25,130618,"Iron Ore, Soybeans, Crude Oil",Export
Saudi Arabia,China,07-25,417045,"Crude Oil, Electronics, Gold",Import
South Korea,Japan,04-25,317784,"Agricultural Products, Machinery, Chemicals",Export
Vietnam,Indonesia,07-25,455473,"Machinery, Electronics, Vehicles",Import
Belgium,United States,02-25,320887,"Natural Gas, Electronics, Machinery",Import
China,South Korea,08-25,105006,"Fertilizers, Machinery, Electronics",Import
Mexico,Turkey,07-25,422169,"Gems, Jewelry, Pharmaceuticals",Export
Mexico,Netherlands,11-25,124177,"Aircraft, Machinery, Pharmaceuticals",Export
Canada,France,05-25,186734,"Pharmaceuticals, Chemicals, Machinery",Export
Austria,Switzerland,04-25,312255,"Electronics Components, Machinery, Fabrics",Import
Turkey,United Kingdom,07-25,375497,"Pharmaceuticals, Machinery, Chemicals",Import
UAE,Switzerland,05-25,228321,"Aircraft, Machinery, Pharmaceuticals",Export
Thailand,South Korea,05-25,86875,"Vehicles, Machinery, Chemicals",Export
Singapore,Switzerland,04-25,319834,"Textiles, Footwear, Machinery",Export
Vietnam,United States,04-25,87030,"Natural Gas, Electronics, Machinery",Export
Singapore,Mexico,02-25,186749,"Semiconductors, Electronics, Machinery",Export
Vietnam,Canada,04-25,203523,"Natural Gas, Electronics, Machinery",Import
Japan,India,06-25,184233,"Electronics Components, Machinery, Fabrics",Import
United Kingdom,Poland,06-25,349416,"Pharmaceuticals, Machinery, Chemicals",Import
Malaysia,Germany,09-25,85312,"Natural Gas, Electronics, Machinery",Export
Austria,South Korea,04-25,198868,"Natural Gas, Electronics, Machinery",Export
Austria,India,09-25,223077,"Aircraft, Machinery, Pharmaceuticals",Export
Italy,Malaysia,03-25,376421,"Machinery, Electronics, Vehicles",Import
United Kingdom,Mexico,03-25,145237,"Fertilizers, Machinery, Electronics",Import
Belgium,Japan,11-25,96121,"Vehicles, Machinery, Pharmaceuticals",Import
Japan,Switzerland,06-25,179374,"Electronics, Machinery, Chemicals",Import
Brazil,Thailand,02-25,427871,"Vehicles, Machinery, Pharmaceuticals",Import
Australia,China,02-25,27433,"Crude Oil, Electronics, Gold",Import
Spain,Sweden,11-25,411652,"Pharmaceuticals, Chemicals, Machinery",Export
Canada,Brazil,08-25,381586,"Machinery, Electronics, Vehicles",Import
Japan,South Korea,08-25,439706,"Machinery, Electronics, Vehicles",Import
Thailand,Turkey,07-25,85282,"Pharmaceuticals, Machinery, Chemicals",Import
Germany,United Kingdom,03-25,326182,"Natural Gas, Electronics, Machinery",Import
China,Singapore,06-25,448033,"Vehicles, Machinery, Pharmaceuticals",Import
Saudi Arabia,Poland,11-25,177260,"Fertilizers, Machinery, Electronics",Import
Sweden,South Korea,12-25,190133,"Fertilizers, Machinery, Electronics",Import
Thailand,South Africa,07-25,208443,"Pharmaceuticals, Machinery, Chemicals",Import
Germany,Poland,04-25,132843,"Aircraft, Machinery, Pharmaceuticals",Export
Norway,Australia,06-25,447347,"Crude Oil, Electronics, Gold",Import
Belgium,United Kingdom,03-25,412241,"Natural Gas, Electronics, Machinery",Import
Japan,Germany,07-25,44875,"Electronics, Machinery, Vehicles",Export
Turkey,Mexico,12-25,414323,"Pharmaceuticals, Machinery, Chemicals",Import
Vietnam,Russia,11-25,253398,"Electronics, Machinery, Vehicles",Export
UAE,South Korea,11-25,248065,"Vehicles, Machinery, Chemicals",Export
China,Malaysia,08-25,359219,"Electronics, Machinery, Vehicles",Export
Indonesia,Canada,11-25,55701,"Pharmaceuticals, Chemicals, Machinery",Export
Norway,China,12-25,194792,"Pharmaceuticals, Chemicals, Machinery",Export
United States,France,07-25,440675,"Fertilizers, Machinery, Electronics",Import
Thailand,Poland,10-25,375050,"Aircraft, Machinery, Pharmaceuticals",Export
Norway,United Kingdom,07-25,283580,"Agricultural Products, Machinery, Chemicals",Export
Belgium,Germany,02-25,424398,"Fertilizers, Machinery, Electronics",Import
Brazil,China,05-25,144133,"Vehicles, Machinery, Pharmaceuticals",Import
Belgium,Canada,10-25,278972,"Aircraft, Machinery, Pharmaceuticals",Export
Vietnam,Belgium,08-25,172674,"Aircraft, Machinery, Pharmaceuticals",Export
Saudi Arabia,South Korea,12-25,244376,"Agricultural Products, Machinery, Chemicals",Export
Turkey,Singapore,01-25,386254,"Vehicles, Machinery, Chemicals",Export
Belgium,Indonesia,04-25,463639,"Pharmaceuticals, Chemicals, Machinery",Export
South Korea,South Africa,10-25,154143,"Vehicles, Machinery, Pharmaceuticals",Import
Singapore,Spain,11-25,301465,"Aircraft, Machinery, Pharmaceuticals",Export
Mexico,Sweden,07-25,118091,"Semiconductors, Electronics, Machinery",Export
Denmark,Singapore,10-25,348538,"Machinery, Electronics, Vehicles",Import
Indonesia,UAE,11-25,94185,"Electronics, Machinery, Vehicles",Export
India,Turkey,10-25,335452,"Gems, Jewelry, Pharmaceuticals",Export
United Kingdom,United States,10-25,463180,"Vehicles, Machinery, Chemicals",Export
Spain,Malaysia,01-25,478698,"Machinery, Electronics, Vehicles",Import
Japan,South Korea,04-25,294441,"Crude Oil, Electronics, Gold",Import
Sweden,China,05-25,477756,"Electronics, Machinery, Chemicals",Import
Turkey,Belgium,09-25,150793,"Natural Gas, Electronics, Machinery",Export
Vietnam,India,09-25,409871,"Machinery, Electronics, Vehicles",Import
Austria,Russia,04-25,192627,"Gems, Jewelry, Pharmaceuticals",Export
Turkey,Netherlands,09-25,385519,"Agricultural Products, Machinery, Chemicals",Export
Australia,Norway,01-25,115024,"Machinery, Electronics, Vehicles",Import
Denmark,Spain,11-25,252448,"Crude Oil, Electronics, Gold",Import
UAE,France,03-25,59625,"Fertilizers, Machinery, Electronics",Import
Saudi Arabia,Switzerland,01-25,268980,"Agricultural Products, Machinery, Chemicals",Export
Belgium,Poland,11-25,222307,"Vehicles, Machinery, Chemicals",Export
Mexico,Australia,08-25,252965,"Pharmaceuticals, Machinery, Chemicals",Import
Canada,Poland,08-25,227204,"Vehicles, Machinery, Chemicals",Export
China,Norway,09-25,211000,"Fertilizers, Machinery, Electronics",Import
Netherlands,South Korea,12-25,121800,"Machinery, Electronics, Vehicles",Import
Thailand,Japan,02-25,98340,"Pharmaceuticals, Chemicals, Machinery",Export
Brazil,South Korea,04-25,41829,"Textiles, Footwear, Machinery",Export
Mexico,Turkey,11-25,382793,"Pharmaceuticals, Chemicals, Machinery",Export
Japan,Belgium,03-25,166221,"Machinery, Electronics, Vehicles",Import
United States,Sweden,07-25,107490,"Vehicles, Machinery, Pharmaceuticals",Import
South Korea,South Africa,08-25,170543,"Electronics Components, Machinery, Fabrics",Import
Spain,France,10-25,138892,"Aircraft, Machinery, Pharmaceuticals",Export
Thailand,Poland,11-25,358475,"Natural Gas, Electronics, Machinery",Export
Thailand,Sweden,04-25,431284,"Electronics Components, Machinery, Fabrics",Import
Norway,Mexico,06-25,362640,"Machinery, Electronics, Vehicles",Import
Belgium,Spain,03-25,174176,"Natural Gas, Electronics, Machinery",Export
Brazil,South Africa,10-25,373465,"Textiles, Footwear, Machinery",Export
Austria,Poland,07-25,397093,"Vehicles, Machinery, Pharmaceuticals",Import
Poland,United States,07-25,413603,"Pharmaceuticals, Chemicals, Machinery",Export
Sweden,Malaysia,08-25,269448,"Pharmaceuticals, Chemicals, Machinery",Export
Norway,Mexico,12-25,434483,"Textiles, Footwear, Machinery",Export
Australia,Turkey,11-25,399423,"Textiles, Footwear, Machinery",Export
South Korea,Russia,08-25,279967,"Electronics, Machinery, Chemicals",Import
Poland,Switzerland,07-25,186016,"Pharmaceuticals, Machinery, Chemicals",Import
Germany,Netherlands,08-25,227299,"Gems, Jewelry, Pharmaceuticals",Export
Denmark,Belgium,03-25,24321,"Iron Ore, Soybeans, Crude Oil",Export
Saudi Arabia,Japan,05-25,301557,"Textiles, Footwear, Machinery",Export
Denmark,United Kingdom,09-25,428693,"Crude Oil, Electronics, Gold",Import
Singapore,Saudi Arabia,08-25,133886,"Electronics, Machinery, Vehicles",Export
Spain,Brazil,06-25,317952,"Semiconductors, Electronics, Machinery",Export
Spain,France,08-25,475567,"Machinery, Electronics, Vehicles",Import
United States,United Kingdom,03-25,210405,"Aircraft, Machinery, Pharmaceuticals",Export
Norway,Netherlands,01-25,71614,"Fertilizers, Machinery, Electronics",Import
Saudi Arabia,Japan,05-25,29643,"Natural Gas, Electronics, Machinery",Import
UAE,Switzerland,09-25,311832,"Textiles, Footwear, Machinery",Export
Indonesia,Saudi Arabia,02-25,452960,"Vehicles, Machinery, Pharmaceuticals",Import
United Kingdom,Spain,09-25,150920,"Electronics, Machinery, Vehicles",Export
Saudi Arabia,Australia,05-25,126369,"Electronics, Machinery, Vehicles",Export
Japan,Norway,10-25,41324,"Natural Gas, Electronics, Machinery",Export
Norway,Poland,08-25,457744,"Vehicles, Machinery, Chemicals",Export
Brazil,Singapore,11-25,300598,"Pharmaceuticals, Machinery, Chemicals",Import
United Kingdom,Vietnam,12-25,56944,"Semiconductors, Electronics, Machinery",Export
Spain,Italy,07-25,156640,"Pharmaceuticals, Chemicals, Machinery",Export
Norway,India,04-25,328035,"Natural Gas, Electronics, Machinery",Export
Malaysia,Indonesia,05-25,353315,"Semiconductors, Electronics, Machinery",Export
Spain,Singapore,05-25,316745,"Pharmaceuticals, Chemicals, Machinery",Export
Turkey,China,01-25,2645,"Electronics, Machinery, Chemicals",Import
Norway,South Africa,12-25,434444,"Vehicles, Machinery, Pharmaceuticals",Import
Spain,Turkey,11-25,28988,"Pharmaceuticals, Machinery, Chemicals",Import
Australia,United States,05-25,312238,"Gems, Jewelry, Pharmaceuticals",Export
Germany,Indonesia,07-25,399381,"Agricultural Products, Machinery, Chemicals",Export
Norway,Saudi Arabia,01-25,135290,"Machinery, Electronics, Vehicles",Import
Thailand,UAE,10-25,169623,"Pharmaceuticals, Chemicals, Machinery",Export
Spain,South Africa,04-25,195242,"Textiles, Footwear, Machinery",Export
Norway,Sweden,04-25,210091,"Semiconductors, Electronics, Machinery",Export
Indonesia,France,02-25,136771,"Electronics, Machinery, Chemicals",Import
Spain,Australia,11-25,294454,"Electronics Components, Machinery, Fabrics",Import
Switzerland,UAE,12-25,490211,"Pharmaceuticals, Chemicals, Machinery",Export
Japan,Turkey,07-25,479659,"Crude Oil, Electronics, Gold",Import
India,Vietnam,01-25,37632,"Semiconductors, Electronics, Machinery",Export
Switzerland,Sweden,08-25,466490,"Vehicles, Machinery, Pharmaceuticals",Import
Sweden,Brazil,09-25,394651,"Crude Oil, Electronics, Gold",Import
Japan,Malaysia,04-25,15820,"Vehicles, Machinery, Chemicals",Export
United States,Poland,05-25,103429,"Electronics, Machinery, Chemicals",Import
Vietnam,South Africa,07-25,143621,"Pharmaceuticals, Machinery, Chemicals",Import
Belgium,France,06-25,212276,"Natural Gas, Electronics, Machinery",Export
China,India,02-25,474930,"Natural Gas, Electronics, Machinery",Import
Spain,South Korea,07-25,376643,"Aircraft, Machinery, Pharmaceuticals",Export
Poland,Spain,07-25,362963,"Textiles, Footwear, Machinery",Export
Saudi Arabia,India,08-25,350011,"Aircraft, Machinery, Pharmaceuticals",Export
Switzerland,Vietnam,09-25,109344,"Agricultural Products, Machinery, Chemicals",Export
Sweden,South Korea,05-25,489441,"Pharmaceuticals, Machinery, Chemicals",Import
Malaysia,Italy,12-25,421180,"Semiconductors, Electronics, Machinery",Export
Turkey,Sweden,05-25,324130,"Electronics Components, Machinery, Fabrics",Import
South Korea,France,12-25,238037,"Aircraft, Machinery, Pharmaceuticals",Export
Mexico,Italy,04-25,198009,"Agricultural Products, Machinery, Chemicals",Export
Mexico,Poland,06-25,451882,"Agricultural Products, Machinery, Chemicals",Export
United States,Germany,11-25,166923,"Aircraft, Machinery, Pharmaceuticals",Export
Norway,China,04-25,113088,"Natural Gas, Electronics, Machinery",Import
Mexico,Russia,03-25,36714,"Natural Gas, Electronics, Machinery",Export
Indonesia,United Kingdom,08-25,64232,"Iron Ore, Soybeans, Crude Oil",Export
Brazil,Switzerland,09-25,122531,"Vehicles, Machinery, Pharmaceuticals",Import
China,Belgium,08-25,82456,"Machinery, Electronics, Vehicles",Import
France,Mexico,05-25,442462,"Crude Oil, Electronics, Gold",Import
Switzerland,India,03-25,428936,"Fertilizers, Machinery, Electronics",Import
India,China,12-25,57593,"Agricultural Products, Machinery, Chemicals",Export
Mexico,South Africa,08-25,244562,"Fertilizers, Machinery, Electronics",Import
Belgium,Norway,02-25,40109,"Gems, Jewelry, Pharmaceuticals",Export
Indonesia,Switzerland,01-25,458672,"Fertilizers, Machinery, Electronics",Import
France,Netherlands,01-25,215465,"Aircraft, Machinery, Pharmaceuticals",Export
Turkey,UAE,09-25,342447,"Pharmaceuticals, Chemicals, Machinery",Export
Japan,Singapore,06-25,313040,"Natural Gas, Electronics, Machinery",Export
Italy,Poland,07-25,68168,"Fertilizers, Machinery, Electronics",Import
Turkey,Thailand,02-25,273226,"Vehicles, Machinery, Chemicals",Export
Mexico,UAE,09-25,66654,"Natural Gas, Electronics, Machinery",Export
Turkey,Spain,07-25,158179,"Vehicles, Machinery, Pharmaceuticals",Import
Canada,Belgium,08-25,384366,"Crude Oil, Electronics, Gold",Import
Germany,Brazil,06-25,402960,"Vehicles, Machinery, Pharmaceuticals",Import
India,United States,09-25,147574,"Textiles, Footwear, Machinery",Export
South Korea,Brazil,03-25,495193,"Semiconductors, Electronics, Machinery",Export
Indonesia,Turkey,01-25,466606,"Aircraft, Machinery, Pharmaceuticals",Export
Poland,Italy,10-25,376878,"Vehicles, Machinery, Chemicals",Export
Denmark,Turkey,05-25,392865,"Aircraft, Machinery, Pharmaceuticals",Export
Netherlands,Poland,03-25,328475,"Electronics, Machinery, Chemicals",Import
Australia,Indonesia,03-25,73199,"Vehicles, Machinery, Chemicals",Export
United Kingdom,Switzerland,10-25,12037,"Electronics, Machinery, Vehicles",Export
France,Belgium,10-25,230637,"Vehicles, Machinery, Pharmaceuticals",Import
Malaysia,Poland,04-25,235368,"Aircraft, Machinery, Pharmaceuticals",Export
Germany,United Kingdom,10-25,184625,"Natural Gas, Electronics, Machinery",Import
Poland,Thailand,11-25,194268,"Fertilizers, Machinery, Electronics",Import
Austria,Italy,09-25,63844,"Machinery, Electronics, Vehicles",Import
Singapore,Thailand,05-25,205227,"Natural Gas, Electronics, Machinery",Import
Netherlands,India,11-25,64346,"Natural Gas, Electronics, Machinery",Import
Spain,France,01-25,190707,"Vehicles, Machinery, Pharmaceuticals",Import
Canada,UAE,08-25,384698,"Semiconductors, Electronics, Machinery",Export
Saudi Arabia,Singapore,06-25,35778,"Electronics Components, Machinery, Fabrics",Import
Switzerland,Indonesia,11-25,188182,"Natural Gas, Electronics, Machinery",Import
France,Singapore,06-25,170027,"Crude Oil, Electronics, Gold",Import
Turkey,Norway,09-25,54775,"Machinery, Electronics, Vehicles",Import
South Korea,Germany,06-25,226170,"Iron Ore, Soybeans, Crude Oil",Export
Netherlands,China,11-25,259940,"Vehicles, Machinery, Chemicals",Export
Canada,South Korea,05-25,141271,"Pharmaceuticals, Machinery, Chemicals",Import
China,Belgium,11-25,225496,"Machinery, Electronics, Vehicles",Import
Switzerland,Saudi Arabia,07-25,415017,"Pharmaceuticals, Chemicals, Machinery",Export
Sweden,Malaysia,10-25,52178,"Fertilizers, Machinery, Electronics",Import
Turkey,South Korea,05-25,476236,"Pharmaceuticals, Machinery, Chemicals",Import
Australia,Spain,05-25,341833,"Textiles, Footwear, Machinery",Export
Spain,United States,04-25,363671,"Fertilizers, Machinery, Electronics",Import
Mexico,Malaysia,12-25,136269,"Electronics Components, Machinery, Fabrics",Import
India,Germany,10-25,150699,"Pharmaceuticals, Chemicals, Machinery",Export
Belgium,Norway,03-25,48316,"Machinery, Electronics, Vehicles",Import
Singapore,Turkey,12-25,360132,"Aircraft, Machinery, Pharmaceuticals",Export
India,China,04-25,437656,"Crude Oil, Electronics, Gold",Import
Poland,Turkey,02-25,138700,"Natural Gas, Electronics, Machinery",Import
Switzerland,India,12-25,235886,"Machinery, Electronics, Vehicles",Import
Austria,Switzerland,05-25,468160,"Aircraft, Machinery, Pharmaceuticals",Export
UAE,South Africa,02-25,263992,"Pharmaceuticals, Machinery, Chemicals",Import
United Kingdom,Russia,03-25,466169,"Vehicles, Machinery, Chemicals",Export
Netherlands,United Kingdom,12-25,174386,"Electronics, Machinery, Vehicles",Export
Denmark,Germany,11-25,133371,"Semiconductors, Electronics, Machinery",Export
Sweden,India,04-25,104645,"Pharmaceuticals, Chemicals, Machinery",Export
Germany,United States,04-25,206384,"Natural Gas, Electronics, Machinery",Import
Sweden,Saudi Arabia,07-25,430690,"Aircraft, Machinery, Pharmaceuticals",Export
Saudi Arabia,UAE,04-25,170377,"Pharmaceuticals, Chemicals, Machinery",Export
Spain,Japan,11-25,22686,"Natural Gas, Electronics, Machinery",Import
United Kingdom,Belgium,10-25,422756,"Iron Ore, Soybeans, Crude Oil",Export
Belgium,Poland,08-25,203611,"Aircraft, Machinery, Pharmaceuticals",Export
Austria,UAE,04-25,283508,"Machinery, Electronics, Vehicles",Import
Spain,Turkey,08-25,80507,"Machinery, Electronics, Vehicles",Import
Belgium,Spain,01-25,218217,"Vehicles, Machinery, Pharmaceuticals",Import
United States,Sweden,07-25,456888,"Vehicles, Machinery, Pharmaceuticals",Import
Belgium,United Kingdom,05-25,278337,"Electronics, Machinery, Vehicles",Export
Belgium,Vietnam,06-25,378380,"Iron Ore, Soybeans, Crude Oil",Export
Germany,Vietnam,11-25,102122,"Electronics, Machinery, Chemicals",Import
India,South Africa,05-25,33267,"Aircraft, Machinery, Pharmaceuticals",Export
Malaysia,Singapore,01-25,195109,"Electronics, Machinery, Chemicals",Import
Canada,Vietnam,11-25,392205,"Vehicles, Machinery, Pharmaceuticals",Import
Belgium,Brazil,12-25,156565,"Natural Gas, Electronics, Machinery",Export
Spain,Indonesia,05-25,36695,"Agricultural Products, Machinery, Chemicals",Export
UAE,Canada,09-25,129359,"Electronics, Machinery, Chemicals",Import
Australia,Netherlands,04-25,369195,"Natural Gas, Electronics, Machinery",Export
China,South Africa,06-25,220209,"Electronics, Machinery, Chemicals",Import
Singapore,Belgium,01-25,475080,"Pharmaceuticals, Machinery, Chemicals",Import
Indonesia,Germany,04-25,234079,"Natural Gas, Electronics, Machinery",Import
Thailand,Canada,07-25,192614,"Vehicles, Machinery, Chemicals",Export
Saudi Arabia,Vietnam,05-25,374490,"Fertilizers, Machinery, Electronics",Import
Indonesia,Italy,12-25,171098,"Iron Ore, Soybeans, Crude Oil",Export
Spain,Vietnam,05-25,56693,"Electronics, Machinery, Chemicals",Import
Netherlands,Singapore,02-25,489026,"Aircraft, Machinery, Pharmaceuticals",Export
Singapore,Vietnam,01-25,83960,"Pharmaceuticals, Chemicals, Machinery",Export
China,United States,08-25,293627,"Electronics, Machinery, Vehicles",Export
Denmark,Switzerland,05-25,265498,"Fertilizers, Machinery, Electronics",Import
United Kingdom,Japan,07-25,89351,"Electronics Components, Machinery, Fabrics",Import
UAE,United Kingdom,04-25,422152,"Pharmaceuticals, Chemicals, Machinery",Export
Italy,UAE,08-25,295968,"Pharmaceuticals, Machinery, Chemicals",Import
Poland,Germany,03-25,250559,"Pharmaceuticals, Chemicals, Machinery",Export
United Kingdom,Canada,10-25,415443,"Aircraft, Machinery, Pharmaceuticals",Export
Switzerland,South Korea,12-25,162693,"Natural Gas, Electronics, Machinery",Import
Vietnam,Germany,01-25,63891,"Pharmaceuticals, Machinery, Chemicals",Import
Spain,Switzerland,06-25,383527,"Electronics Components, Machinery, Fabrics",Import
Poland,Australia,05-25,60552,"Electronics Components, Machinery, Fabrics",Import
Denmark,United Kingdom,09-25,282818,"Electronics Components, Machinery, Fabrics",Import
Thailand,Brazil,07-25,112761,"Pharmaceuticals, Machinery, Chemicals",Import
Japan,South Africa,04-25,239437,"Natural Gas, Electronics, Machinery",Import
Mexico,Italy,10-25,8164,"Electronics Components, Machinery, Fabrics",Import
Vietnam,United States,04-25,230643,"Electronics Components, Machinery, Fabrics",Import
UAE,United States,09-25,430502,"Electronics Components, Machinery, Fabrics",Import
South Korea,Canada,12-25,356869,"Natural Gas, Electronics, Machinery",Import
United States,South Africa,04-25,136852,"Crude Oil, Electronics, Gold",Import
Brazil,France,05-25,458347,"Electronics, Machinery, Vehicles",Export
Japan,Thailand,04-25,418951,"Natural Gas, Electronics, Machinery",Import
United States,Germany,04-25,229738,"Vehicles, Machinery, Pharmaceuticals",Import
Brazil,India,07-25,207761,"Natural Gas, Electronics, Machinery",Import
Australia,Japan,01-25,278715,"Electronics Components, Machinery, Fabrics",Import
Poland,India,10-25,103105,"Electronics, Machinery, Chemicals",Import
Japan,Italy,01-25,59204,"Aircraft, Machinery, Pharmaceuticals",Export
Mexico,Brazil,05-25,121924,"Crude Oil, Electronics, Gold",Import
Brazil,Japan,06-25,155554,"Agricultural Products, Machinery, Chemicals",Export
China,United Kingdom,02-25,132358,"Electronics, Machinery, Vehicles",Export
Sweden,Russia,12-25,19650,"Agricultural Products, Machinery, Chemicals",Export
Australia,United Kingdom,04-25,56189,"Natural Gas, Electronics, Machinery",Import
Singapore,Indonesia,12-25,76559,"Vehicles, Machinery, Pharmaceuticals",Import
Vietnam,China,07-25,116992,"Gems, Jewelry, Pharmaceuticals",Export
Singapore,Spain,06-25,470713,"Agricultural Products, Machinery, Chemicals",Export
Saudi Arabia,Russia,11-25,487050,"Vehicles, Machinery, Chemicals",Export
Denmark,UAE,07-25,168654,"Electronics, Machinery, Chemicals",Import
Sweden,Australia,03-25,476858,"Aircraft, Machinery, Pharmaceuticals",Export
France,Singapore,06-25,166004,"Electronics Components, Machinery, Fabrics",Import
Sweden,Italy,02-25,187242,"Aircraft, Machinery, Pharmaceuticals",Export
Turkey,UAE,08-25,167086,"Pharmaceuticals, Chemicals, Machinery",Export
South Korea,Singapore,12-25,1199,"Machinery, Electronics, Vehicles",Import
France,Spain,02-25,456590,"Machinery, Electronics, Vehicles",Import
Indonesia,UAE,12-25,371223,"Crude Oil, Electronics, Gold",Import
Singapore,Italy,04-25,78900,"Textiles, Footwear, Machinery",Export
Brazil,Singapore,09-25,480964,"Gems, Jewelry, Pharmaceuticals",Export
Canada,Netherlands,01-25,126913,"Textiles, Footwear, Machinery",Export
Turkey,France,09-25,80878,"Machinery, Electronics, Vehicles",Import
Norway,India,01-25,328079,"Pharmaceuticals, Chemicals, Machinery",Export
Malaysia,Germany,09-25,319397,"Pharmaceuticals, Chemicals, Machinery",Export
United Kingdom,South Africa,08-25,492381,"Natural Gas, Electronics, Machinery",Export
Singapore,India,05-25,127707,"Electronics Components, Machinery, Fabrics",Import
Indonesia,United States,12-25,170161,"Vehicles, Machinery, Pharmaceuticals",Import
Mexico,Malaysia,04-25,383363,"Vehicles, Machinery, Chemicals",Export
Singapore,Turkey,03-25,315923,"Machinery, Electronics, Vehicles",Import
United States,Netherlands,05-25,349779,"Vehicles, Machinery, Pharmaceuticals",Import
Thailand,Italy,05-25,423584,"Natural Gas, Electronics, Machinery",Export
Turkey,India,02-25,104941,"Semiconductors, Electronics, Machinery",Export
Germany,Norway,12-25,244899,"Natural Gas, Electronics, Machinery",Import
France,Japan,01-25,485369,"Pharmaceuticals, Machinery, Chemicals",Import
Poland,Norway,07-25,482385,"Electronics, Machinery, Vehicles",Export
Italy,Australia,05-25,382159,"Crude Oil, Electronics, Gold",Import
Canada,Vietnam,08-25,406084,"Electronics, Machinery, Chemicals",Import
Thailand,Switzerland,12-25,21120,"Vehicles, Machinery, Chemicals",Export
Italy,Norway,01-25,325378,"Fertilizers, Machinery, Electronics",Import
Poland,Australia,03-25,495557,"Natural Gas, Electronics, Machinery",Import
Belgium,Spain,04-25,476139,"Electronics Components, Machinery, Fabrics",Import
UAE,Switzerland,05-25,124899,"Machinery, Electronics, Vehicles",Import
Switzerland,Netherlands,10-25,411204,"Gems, Jewelry, Pharmaceuticals",Export
United Kingdom,United States,12-25,295271,"Machinery, Electronics, Vehicles",Import
Denmark,Netherlands,08-25,296610,"Natural Gas, Electronics, Machinery",Import
Sweden,China,03-25,54484,"Pharmaceuticals, Machinery, Chemicals",Import
Netherlands,Canada,04-25,26464,"Machinery, Electronics, Vehicles",Import
Germany,United States,03-25,180626,"Fertilizers, Machinery, Electronics",Import
Norway,Netherlands,04-25,236592,"Natural Gas, Electronics, Machinery",Export
South Korea,Canada,07-25,123792,"Electronics, Machinery, Vehicles",Export
Poland,France,12-25,379393,"Crude Oil, Electronics, Gold",Import
Netherlands,Thailand,03-25,303723,"Vehicles, Machinery, Chemicals",Export
Italy,Mexico,07-25,140893,"Gems, Jewelry, Pharmaceuticals",Export
United States,Indonesia,12-25,411308,"Agricultural Products, Machinery, Chemicals",Export
Australia,Sweden,10-25,229770,"Electronics, Machinery, Chemicals",Import
Germany,Japan,12-25,352496,"Textiles, Footwear, Machinery",Export
India,France,03-25,154598,"Machinery, Electronics, Vehicles",Import
Vietnam,UAE,11-25,54922,"Fertilizers, Machinery, Electronics",Import
Poland,France,12-25,441942,"Pharmaceuticals, Chemicals, Machinery",Export
South Korea,Mexico,09-25,436584,"Pharmaceuticals, Machinery, Chemicals",Import
Brazil,France,03-25,439527,"Semiconductors, Electronics, Machinery",Export
Indonesia,Canada,03-25,455893,"Agricultural Products, Machinery, Chemicals",Export
UAE,Turkey,05-25,344074,"Natural Gas, Electronics, Machinery",Export
United Kingdom,Sweden,04-25,497813,"Crude Oil, Electronics, Gold",Import
Mexico,Singapore,09-25,481735,"Pharmaceuticals, Machinery, Chemicals",Import
Switzerland,Canada,01-25,303506,"Textiles, Footwear, Machinery",Export
Denmark,Canada,04-25,3487,"Vehicles, Machinery, Chemicals",Export
Malaysia,India,07-25,7077,"Aircraft, Machinery, Pharmaceuticals",Export
China,Norway,05-25,321745,"Electronics Components, Machinery, Fabrics",Import
Australia,Russia,11-25,453286,"Fertilizers, Machinery, Electronics",Import
Austria,Turkey,11-25,481109,"Pharmaceuticals, Machinery, Chemicals",Import
India,Thailand,04-25,270964,"Electronics, Machinery, Chemicals",Import
Canada,Norway,10-25,160794,"Pharmaceuticals, Machinery, Chemicals",Import
United Kingdom,Vietnam,10-25,494353,"Vehicles, Machinery, Chemicals",Export
China,United Kingdom,08-25,477569,"Machinery, Electronics, Vehicles",Import
China,Malaysia,09-25,20733,"Pharmaceuticals, Machinery, Chemicals",Import
Mexico,Turkey,11-25,57916,"Crude Oil, Electronics, Gold",Import
South Korea,Malaysia,10-25,405364,"Vehicles, Machinery, Pharmaceuticals",Import
China,Switzerland,05-25,207699,"Agricultural Products, Machinery, Chemicals",Export
Poland,Turkey,10-25,167445,"Agricultural Products, Machinery, Chemicals",Export
Brazil,Thailand,08-25,364825,"Pharmaceuticals, Machinery, Chemicals",Import
Turkey,Belgium,12-25,406316,"Fertilizers, Machinery, Electronics",Import
Turkey,Poland,09-25,198072,"Aircraft, Machinery, Pharmaceuticals",Export
Poland,United States,10-25,168072,"Agricultural Products, Machinery, Chemicals",Export
Thailand,Malaysia,01-25,87815,"Electronics, Machinery, Chemicals",Import
Brazil,Singapore,09-25,144389,"Semiconductors, Electronics, Machinery",Export
United States,Italy,06-25,264894,"Vehicles, Machinery, Chemicals",Export
Denmark,Italy,11-25,51078,"Pharmaceuticals, Machinery, Chemicals",Import
Switzerland,France,05-25,275205,"Iron Ore, Soybeans, Crude Oil",Export
Poland,Italy,12-25,451290,"Semiconductors, Electronics, Machinery",Export
Mexico,South Africa,07-25,20310,"Semiconductors, Electronics, Machinery",Export
Denmark,Russia,11-25,12741,"Pharmaceuticals, Machinery, Chemicals",Import
Poland,Saudi Arabia,10-25,164536,"Agricultural Products, Machinery, Chemicals",Export
Switzerland,Turkey,07-25,30527,"Semiconductors, Electronics, Machinery",Export
Thailand,Switzerland,08-25,493387,"Crude Oil, Electronics, Gold",Import
Saudi Arabia,United Kingdom,10-25,437696,"Electronics Components, Machinery, Fabrics",Import
Indonesia,Norway,01-25,396903,"Pharmaceuticals, Machinery, Chemicals",Import
China,Sweden,12-25,422197,"Fertilizers, Machinery, Electronics",Import
Switzerland,Poland,03-25,305415,"Natural Gas, Electronics, Machinery",Import
UAE,China,05-25,99619,"Gems, Jewelry, Pharmaceuticals",Export
United Kingdom,Saudi Arabia,02-25,449945,"Agricultural Products, Machinery, Chemicals",Export
Australia,Russia,03-25,296250,"Machinery, Electronics, Vehicles",Import
United States,Australia,07-25,187930,"Crude Oil, Electronics, Gold",Import
Switzerland,Japan,12-25,229104,"Iron Ore, Soybeans, Crude Oil",Export
UAE,Germany,04-25,11768,"Vehicles, Machinery, Chemicals",Export
Vietnam,Belgium,03-25,360038,"Electronics Components, Machinery, Fabrics",Import
Vietnam,Canada,07-25,221360,"Electronics Components, Machinery, Fabrics",Import
Poland,Italy,11-25,178032,"Natural Gas, Electronics, Machinery",Import
France,China,06-25,478448,"Vehicles, Machinery, Pharmaceuticals",Import
Singapore,Sweden,01-25,354926,"Electronics, Machinery, Vehicles",Export
Denmark,Thailand,04-25,151445,"Pharmaceuticals, Machinery, Chemicals",Import
Malaysia,Saudi Arabia,09-25,194068,"Crude Oil, Electronics, Gold",Import
Netherlands,Saudi Arabia,04-25,255897,"Iron Ore, Soybeans, Crude Oil",Export
Canada,China,04-25,478907,"Electronics, Machinery, Vehicles",Export
Saudi Arabia,Russia,05-25,324022,"Pharmaceuticals, Machinery, Chemicals",Import
Mexico,France,05-25,150507,"Aircraft, Machinery, Pharmaceuticals",Export
Australia,Belgium,11-25,166646,"Gems, Jewelry, Pharmaceuticals",Export
Mexico,United States,12-25,67406,"Machinery, Electronics, Vehicles",Import
India,Brazil,10-25,271048,"Fertilizers, Machinery, Electronics",Import
Singapore,Canada,04-25,297229,"Iron Ore, Soybeans, Crude Oil",Export
India,Australia,06-25,261699,"Electronics Components, Machinery, Fabrics",Import
France,Vietnam,04-25,203879,"Natural Gas, Electronics, Machinery",Export
Vietnam,Russia,12-25,205969,"Pharmaceuticals, Chemicals, Machinery",Export
Austria,France,02-25,424566,"Textiles, Footwear, Machinery",Export
Belgium,Thailand,02-25,215017,"Semiconductors, Electronics, Machinery",Export
India,Turkey,05-25,352470,"Fertilizers, Machinery, Electronics",Import
Sweden,Japan,11-25,55731,"Fertilizers, Machinery, Electronics",Import
Norway,Turkey,11-25,338532,"Textiles, Footwear, Machinery",Export
Malaysia,Thailand,02-25,280743,"Pharmaceuticals, Machinery, Chemicals",Import
UAE,Russia,10-25,295291,"Agricultural Products, Machinery, Chemicals",Export
Austria,South Korea,01-25,376497,"Crude Oil, Electronics, Gold",Import
Netherlands,Turkey,07-25,431279,"Fertilizers, Machinery, Electronics",Import
Netherlands,France,08-25,433260,"Pharmaceuticals, Machinery, Chemicals",Import
Singapore,Canada,06-25,17693,"Aircraft, Machinery, Pharmaceuticals",Export
Switzerland,South Africa,01-25,302692,"Natural Gas, Electronics, Machinery",Import
Italy,Japan,09-25,440692,"Natural Gas, Electronics, Machinery",Import
Australia,UAE,01-25,376195,"Crude Oil, Electronics, Gold",Import
Thailand,Sweden,04-25,295110,"Gems, Jewelry, Pharmaceuticals",Export
South Korea,France,01-25,77636,"Vehicles, Machinery, Pharmaceuticals",Import
Belgium,Vietnam,03-25,256657,"Aircraft, Machinery, Pharmaceuticals",Export
Spain,India,07-25,331630,"Iron Ore, Soybeans, Crude Oil",Export
Thailand,India,06-25,267996,"Iron Ore, Soybeans, Crude Oil",Export
Malaysia,Saudi Arabia,01-25,334275,"Pharmaceuticals, Chemicals, Machinery",Export
Belgium,UAE,09-25,226695,"Crude Oil, Electronics, Gold",Import
United Kingdom,UAE,10-25,45408,"Crude Oil, Electronics, Gold",Import
Japan,India,02-25,181836,"Aircraft, Machinery, Pharmaceuticals",Export
United States,Indonesia,08-25,303136,"Natural Gas, Electronics, Machinery",Export
Belgium,Spain,03-25,77756,"Natural Gas, Electronics, Machinery",Export
Italy,Mexico,04-25,382277,"Electronics Components, Machinery, Fabrics",Import
Japan,Spain,09-25,369205,"Machinery, Electronics, Vehicles",Import
Switzerland,France,12-25,224440,"Fertilizers, Machinery, Electronics",Import
Poland,Switzerland,12-25,337181,"Agricultural Products, Machinery, Chemicals",Export
Malaysia,South Africa,10-25,132154,"Machinery, Electronics, Vehicles",Import
Norway,Germany,06-25,238151,"Electronics Components, Machinery, Fabrics",Import
Canada,Mexico,08-25,189365,"Machinery, Electronics, Vehicles",Import
Japan,Germany,07-25,445852,"Machinery, Electronics, Vehicles",Import
Italy,Japan,05-25,49609,"Vehicles, Machinery, Chemicals",Export
South Korea,China,05-25,128935,"Fertilizers, Machinery, Electronics",Import
Denmark,Spain,02-25,470097,"Machinery, Electronics, Vehicles",Import
Netherlands,Canada,02-25,13757,"Vehicles, Machinery, Pharmaceuticals",Import
Vietnam,Brazil,05-25,475909,"Semiconductors, Electronics, Machinery",Export
Germany,Canada,07-25,295438,"Vehicles, Machinery, Pharmaceuticals",Import
Australia,Switzerland,07-25,301570,"Pharmaceuticals, Chemicals, Machinery",Export
South Korea,Thailand,02-25,488009,"Crude Oil, Electronics, Gold",Import
India,Norway,02-25,277987,"Fertilizers, Machinery, Electronics",Import
Sweden,Russia,07-25,269477,"Aircraft, Machinery, Pharmaceuticals",Export
Norway,Italy,08-25,367709,"Pharmaceuticals, Machinery, Chemicals",Import
Malaysia,Australia,01-25,409763,"Natural Gas, Electronics, Machinery",Import
Vietnam,France,04-25,263415,"Fertilizers, Machinery, Electronics",Import
Vietnam,South Africa,05-25,484356,"Semiconductors, Electronics, Machinery",Export
Denmark,United Kingdom,03-25,365216,"Machinery, Electronics, Vehicles",Import
Vietnam,Japan,07-25,127240,"Electronics, Machinery, Chemicals",Import
Australia,Netherlands,10-25,447951,"Semiconductors, Electronics, Machinery",Export
Thailand,Germany,10-25,465366,"Vehicles, Machinery, Chemicals",Export
Austria,Saudi Arabia,10-25,102613,"Natural Gas, Electronics, Machinery",Export
UAE,Brazil,05-25,229751,"Electronics, Machinery, Vehicles",Export
Mexico,Spain,04-25,134907,"Pharmaceuticals, Machinery, Chemicals",Import
Poland,Japan,08-25,298791,"Electronics, Machinery, Chemicals",Import
Austria,Japan,10-25,289468,"Fertilizers, Machinery, Electronics",Import
Thailand,Malaysia,06-25,400846,"Electronics, Machinery, Chemicals",Import
Belgium,Japan,03-25,256371,"Crude Oil, Electronics, Gold",Import
Italy,Belgium,01-25,470652,"Natural Gas, Electronics, Machinery",Import
Sweden,Canada,08-25,306206,"Iron Ore, Soybeans, Crude Oil",Export
UAE,Poland,12-25,458158,"Pharmaceuticals, Machinery, Chemicals",Import
Spain,Australia,05-25,74747,"Pharmaceuticals, Machinery, Chemicals",Import
China,Belgium,08-25,47785,"Pharmaceuticals, Machinery, Chemicals",Import
Saudi Arabia,India,08-25,2660,"Electronics, Machinery, Chemicals",Import
Singapore,South Africa,01-25,396745,"Fertilizers, Machinery, Electronics",Import
United Kingdom,India,02-25,79196,"Vehicles, Machinery, Chemicals",Export
Italy,Brazil,10-25,340529,"Machinery, Electronics, Vehicles",Import
South Korea,Italy,12-25,67994,"Agricultural Products, Machinery, Chemicals",Export
Malaysia,Mexico,10-25,345388,"Natural Gas, Electronics, Machinery",Import
Austria,Germany,02-25,327850,"Natural Gas, Electronics, Machinery",Export
United States,Italy,06-25,40435,"Pharmaceuticals, Chemicals, Machinery",Export
Spain,Belgium,06-25,51807,"Electronics, Machinery, Vehicles",Export
United Kingdom,Turkey,09-25,246783,"Natural Gas, Electronics, Machinery",Import
Turkey,Vietnam,02-25,203601,"Pharmaceuticals, Machinery, Chemicals",Import
Australia,Japan,02-25,97526,"Natural Gas, Electronics, Machinery",Import
Poland,Thailand,07-25,99787,"Semiconductors, Electronics, Machinery",Export
South Korea,Switzerland,04-25,201942,"Crude Oil, Electronics, Gold",Import
China,Brazil,11-25,213056,"Vehicles, Machinery, Pharmaceuticals",Import
Thailand,UAE,09-25,408059,"Electronics Components, Machinery, Fabrics",Import
Saudi Arabia,UAE,07-25,193595,"Electronics, Machinery, Chemicals",Import
UAE,United Kingdom,09-25,305069,"Crude Oil, Electronics, Gold",Import
Italy,Thailand,02-25,189112,"Electronics Components, Machinery, Fabrics",Import
Japan,China,06-25,161134,"Agricultural Products, Machinery, Chemicals",Export
Germany,Spain,07-25,14674,"Aircraft, Machinery, Pharmaceuticals",Export
Austria,South Korea,08-25,494932,"Fertilizers, Machinery, Electronics",Import
India,Australia,08-25,479896,"Natural Gas, Electronics, Machinery",Import
Australia,United Kingdom,11-25,73039,"Natural Gas, Electronics, Machinery",Export
Italy,South Africa,10-25,249318,"Aircraft, Machinery, Pharmaceuticals",Export
Switzerland,South Korea,09-25,175016,"Iron Ore, Soybeans, Crude Oil",Export
Germany,India,02-25,310420,"Textiles, Footwear, Machinery",Export
Vietnam,Poland,12-25,129096,"Textiles, Footwear, Machinery",Export
Austria,Sweden,06-25,35775,"Semiconductors, Electronics, Machinery",Export
Singapore,China,07-25,168049,"Pharmaceuticals, Chemicals, Machinery",Export
Norway,Indonesia,05-25,226107,"Machinery, Electronics, Vehicles",Import
Japan,Spain,12-25,398846,"Machinery, Electronics, Vehicles",Import
Mexico,Netherlands,03-25,16691,"Electronics Components, Machinery, Fabrics",Import
Poland,Canada,02-25,446108,"Natural Gas, Electronics, Machinery",Import
Italy,United States,11-25,112557,"Aircraft, Machinery, Pharmaceuticals",Export
South Korea,Vietnam,05-25,215069,"Pharmaceuticals, Chemicals, Machinery",Export
Canada,Belgium,12-25,455686,"Textiles, Footwear, Machinery",Export
Switzerland,Brazil,10-25,197506,"Natural Gas, Electronics, Machinery",Import
South Korea,Switzerland,06-25,95613,"Electronics, Machinery, Chemicals",Import
Thailand,Italy,03-25,2008,"Crude Oil, Electronics, Gold",Import
Mexico,France,10-25,363302,"Vehicles, Machinery, Pharmaceuticals",Import
Malaysia,Thailand,09-25,437342,"Fertilizers, Machinery, Electronics",Import
Singapore,Japan,12-25,116450,"Iron Ore, Soybeans, Crude Oil",Export
Brazil,South Korea,09-25,329596,"Pharmaceuticals, Machinery, Chemicals",Import
Turkey,United States,03-25,420270,"Electronics Components, Machinery, Fabrics",Import
Poland,Sweden,06-25,431024,"Crude Oil, Electronics, Gold",Import
Netherlands,Belgium,01-25,161078,"Iron Ore, Soybeans, Crude Oil",Export
Brazil,Indonesia,04-25,24323,"Electronics, Machinery, Vehicles",Export
Australia,Malaysia,01-25,450410,"Semiconductors, Electronics, Machinery",Export
Poland,Malaysia,10-25,440072,"Electronics Components, Machinery, Fabrics",Import
Saudi Arabia,Spain,10-25,277871,"Electronics, Machinery, Chemicals",Import
Turkey,Vietnam,09-25,331730,"Crude Oil, Electronics, Gold",Import
Saudi Arabia,Indonesia,10-25,96963,"Vehicles, Machinery, Pharmaceuticals",Import
Thailand,China,06-25,165326,"Electronics, Machinery, Chemicals",Import
France,Indonesia,08-25,157457,"Semiconductors, Electronics, Machinery",Export
Germany,South Korea,06-25,315625,"Electronics, Machinery, Chemicals",Import
South Korea,UAE,10-25,16954,"Textiles, Footwear, Machinery",Export
Germany,India,08-25,421679,"Pharmaceuticals, Chemicals, Machinery",Export
Sweden,Brazil,11-25,36454,"Electronics, Machinery, Vehicles",Export
Norway,Netherlands,01-25,400118,"Crude Oil, Electronics, Gold",Import
United Kingdom,Belgium,01-25,441203,"Electronics, Machinery, Vehicles",Export
Malaysia,Brazil,05-25,343734,"Natural Gas, Electronics, Machinery",Import
Switzerland,South Africa,04-25,304977,"Natural Gas, Electronics, Machinery",Import
Brazil,Poland,02-25,124926,"Natural Gas, Electronics, Machinery",Export
Netherlands,Spain,10-25,325435,"Vehicles, Machinery, Chemicals",Export
Denmark,Russia,12-25,493979,"Aircraft, Machinery, Pharmaceuticals",Export
Netherlands,Vietnam,12-25,137498,"Gems, Jewelry, Pharmaceuticals",Export
Denmark,Singapore,02-25,316593,"Vehicles, Machinery, Pharmaceuticals",Import
Saudi Arabia,Thailand,06-25,208314,"Fertilizers, Machinery, Electronics",Import
Belgium,Japan,09-25,383698,"Electronics Components, Machinery, Fabrics",Import
Austria,Sweden,10-25,389015,"Electronics Components, Machinery, Fabrics",Import
Australia,Belgium,11-25,235644,"Iron Ore, Soybeans, Crude Oil",Export
Germany,Italy,07-25,159394,"Natural Gas, Electronics, Machinery",Export
Indonesia,Japan,03-25,295191,"Natural Gas, Electronics, Machinery",Import
Norway,China,05-25,94838,"Machinery, Electronics, Vehicles",Import
Switzerland,Singapore,06-25,364736,"Vehicles, Machinery, Pharmaceuticals",Import
China,Canada,04-25,12097,"Crude Oil, Electronics, Gold",Import
Poland,Malaysia,12-25,129998,"Agricultural Products, Machinery, Chemicals",Export
Switzerland,Poland,02-25,439660,"Pharmaceuticals, Machinery, Chemicals",Import
Brazil,Indonesia,08-25,452797,"Electronics, Machinery, Vehicles",Export
Australia,UAE,05-25,65277,"Textiles, Footwear, Machinery",Export
UAE,Australia,05-25,128925,"Electronics, Machinery, Chemicals",Import
Sweden,Canada,11-25,302177,"Agricultural Products, Machinery, Chemicals",Export
United States,United Kingdom,01-25,497470,"Vehicles, Machinery, Chemicals",Export
Malaysia,Singapore,07-25,89593,"Natural Gas, Electronics, Machinery",Export
United Kingdom,South Korea,02-25,99847,"Agricultural Products, Machinery, Chemicals",Export
Belgium,Italy,07-25,461862,"Machinery, Electronics, Vehicles",Import
Poland,Singapore,03-25,400239,"Natural Gas, Electronics, Machinery",Import
Turkey,South Korea,10-25,234167,"Pharmaceuticals, Machinery, Chemicals",Import
Mexico,Poland,03-25,35018,"Aircraft, Machinery, Pharmaceuticals",Export
Malaysia,Canada,10-25,451020,"Pharmaceuticals, Machinery, Chemicals",Import
South Korea,Brazil,05-25,111782,"Fertilizers, Machinery, Electronics",Import
UAE,Thailand,08-25,443586,"Aircraft, Machinery, Pharmaceuticals",Export
Germany,China,03-25,376338,"Electronics Components, Machinery, Fabrics",Import
UAE,Turkey,12-25,451921,"Electronics, Machinery, Vehicles",Export
Spain,Japan,11-25,219288,"Semiconductors, Electronics, Machinery",Export
UAE,Malaysia,03-25,208814,"Machinery, Electronics, Vehicles",Import
Mexico,Norway,12-25,461078,"Iron Ore, Soybeans, Crude Oil",Export
Sweden,Vietnam,10-25,194871,"Pharmaceuticals, Chemicals, Machinery",Export
Mexico,Japan,01-25,411967,"Machinery, Electronics, Vehicles",Import
Netherlands,South Korea,03-25,396696,"Natural Gas, Electronics, Machinery",Import
Indonesia,Thailand,09-25,222369,"Agricultural Products, Machinery, Chemicals",Export
Italy,Sweden,08-25,196733,"Machinery, Electronics, Vehicles",Import
Saudi Arabia,Belgium,03-25,253571,"Machinery, Electronics, Vehicles",Import
Spain,Sweden,06-25,2580,"Vehicles, Machinery, Chemicals",Export
Malaysia,Singapore,05-25,148668,"Machinery, Electronics, Vehicles",Import
Japan,Malaysia,06-25,460721,"Semiconductors, Electronics, Machinery",Export
France,Saudi Arabia,10-25,90020,"Electronics Components, Machinery, Fabrics",Import
Brazil,China,01-25,178697,"Electronics Components, Machinery, Fabrics",Import
United Kingdom,Japan,04-25,431946,"Textiles, Footwear, Machinery",Export
Austria,France,02-25,249487,"Agricultural Products, Machinery, Chemicals",Export
Turkey,Malaysia,03-25,46117,"Textiles, Footwear, Machinery",Export
Japan,UAE,09-25,3841,"Fertilizers, Machinery, Electronics",Import
Saudi Arabia,Thailand,02-25,438946,"Agricultural Products, Machinery, Chemicals",Export
Austria,Germany,07-25,469907,"Semiconductors, Electronics, Machinery",Export
Italy,Poland,02-25,438203,"Aircraft, Machinery, Pharmaceuticals",Export
Singapore,UAE,03-25,488980,"Vehicles, Machinery, Chemicals",Export
Thailand,United States,02-25,344385,"Machinery, Electronics, Vehicles",Import
Vietnam,Brazil,07-25,192724,"Vehicles, Machinery, Pharmaceuticals",Import
Australia,United Kingdom,12-25,358235,"Textiles, Footwear, Machinery",Export
India,Netherlands,02-25,495957,"Fertilizers, Machinery, Electronics",Import
Thailand,Vietnam,03-25,267434,"Machinery, Electronics, Vehicles",Import
South Korea,Poland,11-25,395891,"Pharmaceuticals, Machinery, Chemicals",Import
South Korea,United Kingdom,02-25,432511,"Fertilizers, Machinery, Electronics",Import
France,Thailand,11-25,272011,"Machinery, Electronics, Vehicles",Import
Canada,South Africa,09-25,332190,"Electronics, Machinery, Chemicals",Import
Belgium,UAE,08-25,211676,"Natural Gas, Electronics, Machinery",Import
Australia,Thailand,01-25,254832,"Natural Gas, Electronics, Machinery",Export
